Timestamp,"本週立場選擇：在 Uber 自駕車事故案例中，若要判斷這類自駕車是否具有倫理上可接受的部署正當性，下列哪項原則應作為首要考量？
This week’s topic: In the Uber self-driving car accident case, if we are to judge whether this kind of self-driving car has ethically acceptable grounds for deployment, which of the following principles should be the primary consideration?","說明你選擇上述立場的規範理由：在 Uber 自駕車事故案例中，該原則的核心價值是什麼？為什麼這個價值應優先實現？
例如：選擇「效益優先」時，不能只寫「自駕車以後可能會更安全，所以可以上路」；選擇「一般用路人風險保護優先」時，不能只寫「路人很可憐，所以不能讓他們承擔風險」；選擇「可課責性優先」時，不能只寫「出事一定要有人負責，不然不公平」。
請在說明中涵蓋以下三個部分：
P1（事實）：與該原則相關的事實是什麼？
P2（規範）：你主張哪一項原則應優先？該原則的核心價值是什麼？
C（結論）：根據 P1 和 P2，在這類自駕車案例中，誰應該做什麼、或不應該做什麼？
Explain the normative reasons for choosing the principle above: In the Uber self-driving car accident case, what is the core value of this principle, and why should this value be prioritized?
Do not simply say, for example: If you choose “Benefit First,” do not just write, “Self-driving cars may be safer in the future, so they can be deployed.” If you choose “Protection of Ordinary Road Users First,” do not just write, “Pedestrians are vulnerable, so they should not bear the risks.” If you choose “Accountability First,” do not just write, “Someone must be responsible when an accident happens, otherwise it is unfair.”
Your explanation should include the following three parts:
P1 (Fact): What facts are relevant to this principle?
P2 (Normative): Which principle do you think should be prioritized, and what is its core value?
C (Conclusion): Based on P1 and P2, who should do what—or should not do what—in cases like this?","把反對你立場的主張說到最強：你所主張應優先考量的原則有何重大問題？
格式提示：
「把＿＿當成判斷自駕車能否部署的首要考量，看似合理，但它的根本問題是＿＿，因為它忽略（或犧牲了）＿＿。」
Present the strongest possible objection to your position: What is the fundamental problem with the principle you think should be prioritized?
Suggested format:
“Treating ___ as the primary consideration in deciding whether self-driving cars may be deployed may seem reasonable, but its fundamental problem is ___, because it ignores (or sacrifices) ___.”","你的選擇：把反對你立場的主張說到最強之後，你原先所採取的人類與 AI 行動分工立場有何改變?
Your response: After presenting the strongest objection to your position, how does your view change?","說明你上述選項的理由。
格式提示：
若選「批評不成立，因為＿＿」
若選「批評部分成立，但我的立場在＿＿條件下仍然能成立，因為＿＿」
若選「批評很可能成立，我需要調整＿＿，但整體方向仍是＿＿，因為＿＿」
若選「批評成立，因為＿＿，所以我改變立場了」
Explain Your Choice.
Suggested format:
If: ""The criticism does not hold, because ___.""
If: ""The criticism is partly valid, but my position still holds under the condition that ___, because ___.""
If: ""The criticism is likely valid. I need to revise ___, but the overall direction remains ___, because ___.""
If: ""The criticism holds, because ___, and so I have changed my position.""","您的選擇有何代價？
優先選擇任何立場都意味著某些價值或利益會被排在後面。請說明：該選擇所需付出的代價是什麼？誰會因此承擔？你認為這個代價值得付出，還是可以透過其他方式減緩代價或補償？
What Does This Choice Cost? 
You have chosen this position, but prioritizing any position means that certain values or interests will be deprioritized. Please explain: What is the cost of this choice? Who bears it? Do you think this cost is worth paying, or can it be mitigated or compensated for in other ways?","關於這個議題，目前最讓你感到困惑、不確定或猶豫的點是什麼？Regarding this issue, what currently confuses you, makes you uncertain, or gives you pause?"
2026/04/28 15:57:47,"一般用路人風險保護優先 (Road User Protection First)：自駕車的研發與測試風險，不應主要由行人、騎乘者與其他一般用路人承擔。The risks of developing and testing self-driving cars should not fall mainly on pedestrians, cyclists, and other road users.","P1
在 Uber 自駕車事故中，測試中的自駕車在公共道路上行駛，最終撞死一名行人。這個案例顯示：自駕車技術尚未完全成熟，仍存在不可預測風險、測試過程是在開放環境中進行，而不是封閉或完全受控環境、一般用路人（如行人、騎士）沒有選擇是否承擔這些風險的權利。也就是說，風險被「外部化」到沒有同意的人身上。
P2
我主張應優先考量「一般用路人風險保護優先」。
核心價值：公平與不傷害原則，理由是：任何技術發展，不應讓「未同意的人」承擔主要風險、行人與一般用路人屬於弱勢的一方，無法控制自駕車的行為、如果允許這種風險分配，就等於默認「科技發展可以犧牲部分無辜的人」。這違反基本的倫理原則：不能把他人當成實驗工具。
C
因此，在這類案例中：政府與企業不應該在未充分保障安全的情況下，讓自駕車在公共道路測試、應優先在封閉場域或高安全標準下進行測試、若要上路，必須確保風險不主要由一般用路人承擔。簡單說：不能讓無辜的人替科技試錯。",把一般用路人風險保護當成判斷自駕車能否部署的首要考量，看似合理，但它的根本問題是會過度限制技術發展，因為它忽略了自駕車長期可能大幅降低交通事故與死亡人數的潛在效益。,"限定(Qualify)：批評部分成立，但我的核心立場不變，只是需加上特定條件或在特定情形下成立。The objection is partly valid, but my core position remains the same. It only holds under certain conditions or in certain cases.",批評部分成立，但我的立場在「風險可被合理控制且透明」的條件下仍然成立，因為即使要發展技術，也不能讓無辜者承擔不成比例的風險。,會付出的代價：技術發展速度變慢、自駕車普及時間延後、企業研發成本提高。由科技公司和社會整體承擔；我認為是值得的，因為：人命安全比效率更重要和可以透過方法減緩代價，例如：模擬測試、封閉道路測試、 分階段開放。, 要到什麼程度的安全，才算可以上路？
2026/04/28 16:22:16,"一般用路人風險保護優先 (Road User Protection First)：自駕車的研發與測試風險，不應主要由行人、騎乘者與其他一般用路人承擔。The risks of developing and testing self-driving cars should not fall mainly on pedestrians, cyclists, and other road users.","P1（事實）：
在 Uber 自駕車事故中，自駕車是在公共道路上進行測試，但承擔風險的人不只是公司或測試人員，也包括行人、騎腳踏車的人和其他一般用路人。這些人通常沒有同意參與實驗，卻可能受到傷害。

P2（規範）：
我主張應優先考慮「一般用路人風險保護優先」。它的核心價值是：不能把尚未成熟的科技風險轉嫁給沒有選擇權、也沒有同意參與測試的普通人。即使自駕車未來可能帶來整體交通安全利益，也不能因此讓無辜用路人成為實驗成本。

C（結論）：
因此，在這類自駕車案例中，公司應先確保風險被嚴格控制，例如安全標準、即時監控、透明測試資料與事故應變機制都足夠完善後，才可以在公共道路部署。若無法保護一般用路人，就不應上路測試",把「一般用路人風險保護優先」當成判斷自駕車能否部署的首要考量，看似合理，但它的根本問題是過度保守，因為它忽略自駕車長期降低交通事故與死亡的利益。如果我們要求新科技在上路前幾乎不能帶來任何風險，會阻止一項未來能救更多人的技術。,"限定(Qualify)：批評部分成立，但我的核心立場不變，只是需加上特定條件或在特定情形下成立。The objection is partly valid, but my core position remains the same. It only holds under certain conditions or in certain cases.",批評部分成立，因為自駕車確實長期降低人為駕駛造成的事故，所以不能要求完全零風險才允許發展。但我的立場仍然成立，條件是：自駕車可以測試與部署，但必須在一般用路人的風險被合理控制、公司能提出安全證據、並且有外部監督的情況下進行。我反對的不是自駕車本身，而是把不成熟技術的風險直接轉給路人。,"這個選擇的代價是，自駕車技術的商業化會變慢，企業需要投入更多在安全驗證。承擔這些成本的主要是自駕車公司、投資者，以及較晚享受到新科技的消費者。

我認為這個代價值得付出，因為公共道路不是實驗室，一般路人不應承擔這種風險。不過，這個成本可以透過分階段測試、限定區域部署、公開安全數據、第三方審查與強制保險制度來降低，而不是完全禁止自駕車發展。",我目前最不確定的是：我們應該如何判斷可接受的風險。自駕車不可能完全沒有事故，但如果它未來比人類駕駛更安全，我們要如何比較現在測試階段造成的風險，和未來可能減少的交通傷亡？
2026/04/28 16:30:34,"效益優先 (Benefit First)：只要長期能顯著降低整體交通死傷，自駕車部署就可被接受。If self-driving cars can significantly reduce overall traffic injuries and deaths in the long run, their deployment can be justified.",自駕車的技術會隨著科技發展而變加，如果由行人、騎乘者等用路人來配合自駕車的用路模式，可以隨著科技發展提高用路效率與降低風險，如果讓自駕車配合一般用路人的現有用路模式，或甚至不開放自駕車，則會使發展停滯。我認為在追求用路方面的整體價值的情況下，我們應該部署自駕車，並以自駕車的用路方式為中心，才能真正提高用路效率並降低風險，帶來最高價值。,把用路效率與降低風險等整體價值提升當成判斷自駕車能否部署的首要考量，看似合理，但它的根本問題是實施非常困難，因為它忽略了改變一般用路人的用路習慣是一個巨大的阻力來源，這在達到更高價值前會先面臨更大的衝突與損失。,"限定(Qualify)：批評部分成立，但我的核心立場不變，只是需加上特定條件或在特定情形下成立。The objection is partly valid, but my core position remains the same. It only holds under certain conditions or in certain cases.",批評部分成立，但我的立場在追求長期利益與價值的條件下仍然能成立，因為克服過渡時期帶來的短期衝突以後，自駕車就能透過更好用路策略帶來更高的價值。,需要承擔過渡時期帶來的短期衝突，一般用路人需要習慣新的用路模式，可能會帶來更高的用路風險。,不確定用路習慣的改變，在過渡時期會帶來多大程度的短期負面影響
2026/04/28 16:54:27,"一般用路人風險保護優先 (Road User Protection First)：自駕車的研發與測試風險，不應主要由行人、騎乘者與其他一般用路人承擔。The risks of developing and testing self-driving cars should not fall mainly on pedestrians, cyclists, and other road users.","P1（事實）： Uber 事故中，系統因偵測與判斷邏輯瑕疵未能及時煞車，導致無辜行人承擔了開發測試過程中的致命風險。

P2（規範）： 應以一般用路人風險保護優先為首要考量。其核心價值是社會公正，即不應讓非受益的第三方強制承受研發成本。

C（結論）： 開發者在確保技術足以保護所有用路人安全前，不應在公共道路部署測試，必須對受測環境落實嚴格風險控管。",把一般用路人風險保護當成判斷自駕車能否部署的首要考量，看似合理，但它的根本問題是可能導致研發停滯，因為它犧牲了長期提升整體交通安全、拯救更多潛在生命的社會總體效益。,"堅持(Defend)：批評不成立，我的立場完全不變，我能說明為什麼。The objection fails. My position does not change, and I can explain why.",批評不成立，因為若允許實驗風險轉嫁給無辜個體，將損害大眾對科技的信任與法律正義。保護基本生命權是社會契約的基石，不應為了追求未來的統計數據進步，而將現有的用路人工具化為實驗樣本。,"代價與承擔者： 代價是自駕技術商轉延後與高昂測試成本，由研發企業與期待交通革新的社會大眾承擔。

緩解方式： 此代價值得付出。可透過模擬器技術提升及封閉場域測試來減緩延遲，確保技術在進入公共空間前已具備基本安全性。",雖然優先保護路人，但我對因技術延遲而無法受益於更安全交通的人感到遺憾，社會應持續關注弱勢移動者的需求。
2026/04/28 16:58:30,"責任追溯與課責優先 (Accountability First)：若事故發生後無法清楚追溯責任、說明決策依據並進行有效課責，則不應部署。If, after an accident, responsibility cannot be clearly traced, the basis of the decision cannot be explained, and effective accountability cannot be imposed, then deployment should not be allowed.","P1（事實）：自駕車這種物理具有感知、規劃到驅動致動器的完整閉迴圈系統，它的決策具有即時性的，在Uber案例中，AI系統對「推車行人」的分類判斷失效，加上為了系統流暢而停用緊急煞車，這些工程上的參數設定直接改變了物理環境中不同用路人的風險分配。  

P2（規範）：我主張課責優先應為首要考量，其核心價值在於防止責任缺口的產生，當機械裝置涉及實體物理碰撞時，若無法清楚追溯決策依據或釐清責任，將降低開發團隊與企業避免傷害的動機，我認為任何設計在交付使用前，其發生故障後的權責歸屬必須是清晰且可被說明的。  

C（結論）：因此，在尚未建立完善的邊緣情境測試標準與明確的法律課責框架之前，研發單位不應貿然在公共道路進行公路部署測試，以確保大眾的安全不會在技術不確定的研發過程中被犧牲。",把責任追溯與課責優先當成判斷自駕車能否部署的首要考量，看似合理，但它的根本問題是嚴重拖慢了技術發展與實際上路測試的速度，因為它忽略（或犧牲了）自駕車盡早普及能大幅減少整體交通死傷的龐大效益，而且很多時候完美的課責框架也是要靠實際上路的錯誤來累積建立的。,"限定(Qualify)：批評部分成立，但我的核心立場不變，只是需加上特定條件或在特定情形下成立。The objection is partly valid, but my core position remains the same. It only holds under certain conditions or in certain cases.",批評部分成立，但我的立場在「嚴格區分封閉測試與開放道路部署」的條件下仍然能成立，因為如果連基本的究責機制都沒有就直接上路，等於是強迫不知情的一般用路人去承擔企業追求技術迭代的致命代價。,"這個選擇的代價是自駕車普及會變慢，錯失了及早淘汰危險人類駕駛（比如疲勞或酒駕）的機會，這份代價是由一般大眾和承擔高昂研發成本的車廠來扛。
但我認為這個代價值得付出，現實馬路不能當成除錯的實驗室，要減緩這個代價，大可以多蓋幾個封閉測試場，或是弄個監管沙盒，在安全的情況下測試。",
2026/04/28 17:12:37,"一般用路人風險保護優先 (Road User Protection First)：自駕車的研發與測試風險，不應主要由行人、騎乘者與其他一般用路人承擔。The risks of developing and testing self-driving cars should not fall mainly on pedestrians, cyclists, and other road users.","P1（事實）
在 Uber 自駕車事故中，受害者為一般用路人（行人），而這些人並未同意承擔測試風險。自駕車仍處於發展與測試階段，其錯誤可能直接影響無辜第三方的生命安全。

P2（規範）
我主張「一般用路人風險保護優先」，其核心價值是避免將技術風險轉嫁給未同意承擔風險的人，並保障弱勢用路人的基本安全權利。

C（結論）
因此，在自駕車尚未達到足夠安全標準前，企業與開發者不應將測試風險外部化給行人與其他用路人，而應先在可控環境中驗證安全性後，才允許大規模部署。",把「一般用路人風險保護」當作首要考量，看似合理，但其根本問題是可能延遲能在長期拯救更多生命的技術發展，因為它忽略了未來整體交通死亡數的下降。,"修正(Revise)：批評很可能成立，我的核心立場會有很大調整，即使整體方向不變。The objection is likely valid, so my core position needs major revision, even if its overall direction remains the same.",批評部分成立，但在「自駕車尚未達到高度安全驗證」的條件下，我的立場仍成立，因為在實現長期效益之前，應優先保障當下用路人的安全。,"選擇此立場的代價是：
可能延緩自駕車技術發展與普及，進而讓整體交通事故減少的速度變慢。
承擔代價者主要是整體社會（未來可能受益的人）。

但我認為這個代價是合理的，因為：
可以透過封閉測試場、模擬環境、逐步開放政策來降低這個代價，而不是直接讓一般用路人承擔風險。","我目前最困惑的是：
如何在「短期個體安全」與「長期整體利益」之間取得平衡，以及應該在什麼安全門檻下才允許自駕車上路，這仍然缺乏明確標準。"
2026/04/28 17:17:12,"效益優先 (Benefit First)：只要長期能顯著降低整體交通死傷，自駕車部署就可被接受。If self-driving cars can significantly reduce overall traffic injuries and deaths in the long run, their deployment can be justified.","P1長期部署可降低社會整體交通事故，降低酒駕、疲勞駕駛、疏忽等肇事原因
P2我主張效益優先原則，此原則旨在最大化社會總體利益
C在這個主張下，政策不應過度規範自駕車之安全性，而應以實際數據來衡量社會整體交通事故發生機率是否下降以做出有利於整體社會進步的決定",把整體肇事率的下降當成判斷自駕車能不能部署的首要考量看似合理，但他的根本問題是忽視了無辜者、將科技進步凌駕於生命之上，屬於極致的功利主義，在這個情況下科技並不是在進步，而是進入了去人性的現代性退化狀態，當我們習慣用數據來衡量人類價值，人類被物化為一個客體，而非有血肉的主體。,"修正(Revise)：批評很可能成立，我的核心立場會有很大調整，即使整體方向不變。The objection is likely valid, so my core position needs major revision, even if its overall direction remains the same.",批評很可能成立，我需要調整完全讓數據主導決策這件事，但科技進步的整體方向仍走向最大化公眾利益,全體人類都會是此立場的最大受害者，當社會已轉變為追求完美的數據，讓數據代替生命說話，在道路上已經沒有人是一個完整的主體，在自駕車上的人、無辜的路人、部署者全部都被物化為數據，我不認為這個代價值得付出，但如果必須選擇這個立場，我認為可以更嚴格的注重於責任歸屬，即在最大化公共利益的前提下，將責任歸屬與賠償機制明確界定,
2026/04/28 17:20:38,"一般用路人風險保護優先 (Road User Protection First)：自駕車的研發與測試風險，不應主要由行人、騎乘者與其他一般用路人承擔。The risks of developing and testing self-driving cars should not fall mainly on pedestrians, cyclists, and other road users.","P1（事實）：在 Uber 自駕車事故中，測試中的自駕系統仍存在技術不確定性，而這些風險在實際上是由未同意參與測試的行人與一般用路人承擔，他們無法選擇是否暴露於這種風險之中，且一旦發生事故，傷害往往是不可逆的。

P2（規範）：我主張應優先採取「一般用路人風險保護優先」原則，其核心價值在於避免將非自願且不對等的風險加諸於無辜他人，這體現了倫理上的「不傷害原則」與對個體權利的尊重，也就是任何技術發展都不應以犧牲未同意者的基本安全作為代價。

C（結論）：因此，在自駕車技術尚未達到足夠安全且風險無法由開發者自身承擔之前，企業與監管機構不應將其部署於一般道路環境中，而應限制於可控場域或確保不將主要風險轉嫁給一般用路人，否則此類部署在倫理上不具正當性。",把「一般用路人風險保護優先」當成判斷自駕車能否部署的首要考量，看似合理，但它的根本問題是過度強調避免局部風險，可能導致整體風險無法有效下降，因為它忽略了自駕車在長期上可能大幅減少交通事故與死亡的潛在效益，並因此犧牲了整體公共安全與技術進步的機會。,"限定(Qualify)：批評部分成立，但我的核心立場不變，只是需加上特定條件或在特定情形下成立。The objection is partly valid, but my core position remains the same. It only holds under certain conditions or in certain cases.",批評部分成立，但我的立場在「風險已被顯著降低、且不再主要由未同意的一般用路人承擔」的條件下仍然能成立，因為倫理上不應將不對等且非自願的風險轉嫁給無辜他人，同時也可以在這些條件達成後兼顧自駕車帶來的整體安全效益與技術進步。,選擇優先保護一般用路人風險的代價在於，自駕車技術的發展與部署速度可能被延緩，進而讓原本可能更早降低整體交通事故與死亡率的機會被推遲，這個代價主要由整體社會承擔，特別是仍持續暴露在傳統交通風險中的用路人，以及相關產業與創新發展的利益受影響。我認為這個代價在一定程度上是值得付出的，因為避免將不對等風險強加於未同意者具有優先的倫理正當性，但同時仍應設法減緩這種代價，例如透過在封閉或可控環境中加速測試、提升安全標準與透明度，以及建立完善的補償與責任機制，使技術進步與風險保護之間取得更平衡。此外，即便我選擇了此立場，我仍認為「整體公共安全提升」這個被相對延後的價值需要被正視，因此應持續投入資源讓自駕車更快達到安全門檻，而不是無限期阻擋其發展。,"最讓人卡住的其實是「兩種合理性互相打架」的問題，而且沒有一個能乾淨解掉。

一邊是「不傷害未同意者」的直覺：在 Uber 這種自駕車早期部署階段，路上的行人和其他用路人並沒有同意承擔測試風險，所以從權利與責任對等來看，確實很難正當化把不成熟系統放到公共道路上。

但另一邊是「整體安全最大化」的論點也同樣強：如果自駕車長期能顯著降低人類駕駛造成的事故，那麼延後部署可能等於讓更多人繼續死於「已知且持續發生」的風險，而不是未來風險。

困惑點就在這裡：
到底應該優先保護「當下被迫承擔風險的少數人」，還是允許一個「可能大幅降低整體傷亡的系統」在不完美階段上路？

而且更麻煩的是中間還有灰區問題：
安全要達到多少才算「不再是不正當風險轉嫁」？這個門檻其實沒有客觀標準，只能靠社會共識或政策決定。

所以真正的不確定不是「哪個原則對」，而是：
在現實世界裡，這兩個原則什麼時候算是已經平衡到可以被接受。"
2026/04/28 17:20:42,"效益優先 (Benefit First)：只要長期能顯著降低整體交通死傷，自駕車部署就可被接受。If self-driving cars can significantly reduce overall traffic injuries and deaths in the long run, their deployment can be justified.",只要傷亡率低，大眾大多可接受，反正人為駕駛出事率本就高。我主張效益優先，機器駕駛只要餵入大量資料，就可以避免台灣的各種路殺，因此自駕車公司應該增進車輛的駕駛技術，並給出更有用的資料。,把效率優先當成判斷自駕車能否部署的首要考量，看似合理，但它的根本問題是缺少責任歸屬，因為它忽略法條的缺落，一但自駕車撞死人，該因此坐牢的應該是工程師或公司負責人？,"限定(Qualify)：批評部分成立，但我的核心立場不變，只是需加上特定條件或在特定情形下成立。The objection is partly valid, but my core position remains the same. It only holds under certain conditions or in certain cases.",批評部分成立，但我的立場在法條完善條件下仍然能成立，因為犯錯就去關一關，以後的工程師就跟會計師一樣，好好地為自己的成果負責。,雖然我覺得工程師因為技術缺陷要被關，如果是類似特斯拉自用的車種，車上是有車主的情形，車主也應該負擔監督的責任，不能完全放手吧？,責任劃分很難歸屬，尤其是台灣路況和天氣又很糟糕，法條又很不完善，每件事都用過失致死來量刑，責任歸屬切來切去，每人量刑也不怎麼重，顯得人命特別的不珍貴。
2026/04/28 17:21:03,"一般用路人風險保護優先 (Road User Protection First)：自駕車的研發與測試風險，不應主要由行人、騎乘者與其他一般用路人承擔。The risks of developing and testing self-driving cars should not fall mainly on pedestrians, cyclists, and other road users.","主張：應優先採取「避免可預見重大傷害」原則
👉 理由：
一般用路人對風險未給予同意，將其暴露於可避免風險違反其基本權利
個體生命權具有約束性地位，不能被整體效益直接抵銷
自駕車事故屬不可逆重大傷害，應在風險排序上優先避免
👉 結論：
因此，除非風險已降至合理不可避免的程度，否則部署不具倫理正當性",把避免可預見重大傷害（不傷害原則）當成判斷自駕車能否部署的首要考量，看似合理，但它的根本問題是把倫理門檻設計成近乎「零風險才可行動」的僵化標準，因為它忽略（或犧牲了）在現實中不可避免的風險權衡，以及延後部署所造成的整體傷害與機會成本,"堅持(Defend)：批評不成立，我的立場完全不變，我能說明為什麼。The objection fails. My position does not change, and I can explain why.",批評很可能成立，我需要調整原本把『不傷害原則』當作近乎絕對門檻的設定，但整體方向仍是以它作為核心約束，因為它仍是防止將他人當作風險工具的最低倫理保障。,在我採取「以不傷害原則作為核心約束、但允許在風險優於人類且可被治理下分階段部署」的立場下，確實有明確而不小的代價，而且不是抽象的,沒有
2026/04/28 17:21:17,"一般用路人風險保護優先 (Road User Protection First)：自駕車的研發與測試風險，不應主要由行人、騎乘者與其他一般用路人承擔。The risks of developing and testing self-driving cars should not fall mainly on pedestrians, cyclists, and other road users.","P1（事實）

在 Uber 自駕車事故中，車輛於測試階段發生致命事故，受害者為一般行人。該行人並未參與任何測試或同意承擔風險，但卻直接承受了自駕技術尚未成熟所帶來的危害。此外，自駕車仍處於發展與驗證階段，其系統在感知與決策上仍存在不確定性，代表相關風險尚未被完全控制。

P2（規範）

我主張應優先採取「一般用路人風險保護優先」原則。此原則的核心價值是公平性與不傷害原則（non-maleficence），也就是不應將技術發展的風險轉嫁給未同意參與的無辜個體。倫理上，一項技術的測試與發展，應由其開發者或自願參與者承擔風險，而非讓一般公眾被動承受。此外，若社會允許將風險外部化給無辜者，將破壞基本的正義原則，使弱勢個體成為科技發展的犧牲品。

C（結論）

因此，在 Uber 自駕車案例中，在技術尚未充分安全且風險仍不確定的情況下，不應允許其直接在公共道路上進行測試，或至少應採取更嚴格的風險控管措施（如限制測試環境、提高監管標準）。企業與開發者應承擔主要風險，而非讓一般用路人成為無意識的實驗對象。只有在能夠有效保障一般用路人安全的前提下，自駕車的部署才具有倫理上的正當性。","把「一般用路人風險保護優先」當成判斷自駕車能否部署的首要考量，看似合理，但它的根本問題是過度強調個體風險的避免，可能阻礙整體社會安全的提升，因為它忽略了自駕車在長期可能大幅降低交通事故與死亡人數的潛在效益。

若完全避免任何對一般用路人的風險，則自駕技術幾乎無法在真實環境中進行測試與優化，進而延緩甚至阻止其發展。這意味著人類將持續承受由人為駕駛所造成的大量交通事故與傷亡。換言之，堅持此原則可能在短期內保護了個體，但在長期卻犧牲了更多人的生命安全與整體公共利益。","限定(Qualify)：批評部分成立，但我的核心立場不變，只是需加上特定條件或在特定情形下成立。The objection is partly valid, but my core position remains the same. It only holds under certain conditions or in certain cases.",若選「限定」，批評部分成立，但我的立場在自駕車能有效降低風險、接受監管，並保障一般用路人基本安全的條件下仍然能成立，因為自駕車的發展確實可能帶來長期公共利益，但這種利益不能以讓無辜用路人承擔過高、非自願風險為代價。因此，我仍主張一般用路人風險保護優先，只是從「完全禁止部署」調整為「在嚴格安全標準與監管下有條件部署」。,"我選擇「一般用路人風險保護優先」，其代價在於可能延緩自駕車技術的發展與普及，進而使社會在短期內仍需承受由人為駕駛所造成的大量交通事故與傷亡。這樣的選擇，實際上是將技術進步與整體公共利益的提升放在次要位置。

承擔這個代價的主要是整體社會，包括一般駕駛人與未來可能受益於更安全交通系統的公眾。此外，企業與技術開發者也需承擔更高的研發成本與更嚴格的監管壓力。

我認為這個代價在一定程度上是值得的，因為保障未同意承擔風險的一般用路人，是維持社會公平與基本安全的重要前提。然而，這個代價不應被完全接受，而是可以透過其他方式減緩，例如在受控環境中進行測試、逐步開放特定區域部署，以及建立完善的責任與補償機制，使技術發展與風險控制能夠同時兼顧。","目前最讓我感到困惑的是，應該如何在「個體安全」與「整體公共利益」之間取得合理的界線。一方面，保障一般用路人不承擔非自願風險，是維持社會公平與正義的重要原則；但另一方面，若過度限制自駕車的測試與發展，可能會延緩技術進步，讓社會長期承受更多交通事故與傷亡。

這使我不確定的是：我們應該在什麼程度上允許「有限的風險」存在，才能在倫理上被接受。換句話說，即使風險無法完全消除，我們該如何判斷當前的風險是否已經「足夠低」到可以讓自駕車進入公共道路？

此外，我也在思考，是否存在一種制度，可以同時兼顧技術發展與個體權利保障，例如更完善的監管機制或補償制度，來減輕這種倫理上的衝突。"
2026/04/28 17:21:34,"效益優先 (Benefit First)：只要長期能顯著降低整體交通死傷，自駕車部署就可被接受。If self-driving cars can significantly reduce overall traffic injuries and deaths in the long run, their deployment can be justified.",我會這麼選是覺得科技發展速度已經很快了 那竟然花一點時間等成本就能大幅降低事故率 那當然值得被優先實現,當減少風險當成判斷自駕車是否部署的首要考量，看似合理，但他根本問題是忽略了在研發測試時的事故風險事故成本,"堅持(Defend)：批評不成立，我的立場完全不變，我能說明為什麼。The objection fails. My position does not change, and I can explain why.",批判不成立，因為我還是覺得研發成果後的效益大於研發中有可能的風險成本,付出的代價就是在一般情況下總會有不守交通規定的人 那相對他出事故那無可厚非 但也會有可能因為機器故障等 而造成一般用路人承擔事故風險,無
2026/04/28 17:22:00,"一般用路人風險保護優先 (Road User Protection First)：自駕車的研發與測試風險，不應主要由行人、騎乘者與其他一般用路人承擔。The risks of developing and testing self-driving cars should not fall mainly on pedestrians, cyclists, and other road users.","1（事實）：
我認為在 Uber 自駕車事故中，一般用路人沒有選擇權，也沒有同意承擔風險，卻可能直接受到傷害。
P2（規範）：
所以我主張「一般用路人風險保護優先」，核心價值是風險分配的公平性，不能把風險加在無法選擇的人身上。
C（結論）：
因此在技術還不成熟時，企業不應讓自駕車直接上路，而應先確保安全，避免讓一般用路人成為實驗風險的承擔者。",把「一般用路人風險保護優先」當成判斷自駕車能否部署的首要考量，看似合理，但它的根本問題是過度保守，因為它忽略了自駕車在長期上可能大幅降低整體交通事故與死亡的效益，反而可能讓更多人持續暴露在既有的人為駕駛風險中。,"限定(Qualify)：批評部分成立，但我的核心立場不變，只是需加上特定條件或在特定情形下成立。The objection is partly valid, but my core position remains the same. It only holds under certain conditions or in certain cases.",批評部分成立，但我的立場在自駕車安全性已達一定標準、且風險已被有效控制的條件下仍然能成立，因為即使考慮長期效益，也不代表可以讓沒有選擇權的一般用路人承擔過高風險，風險分配仍需要維持基本的公平性。,"我認為這個選擇的代價是，可能延緩自駕車發展，讓整體交通安全提升變慢，這主要由整體社會承擔。
我覺得這個代價是可以接受的，因為不能讓沒有選擇權的一般用路人承擔過高風險。不過，可以透過分階段測試或在可控環境中發展來減緩影響。
另外，我仍在意被放在後面的「整體效益」，所以應該用更安全的方式去實現，而不是直接犧牲用路人。","我最困惑的是，自駕車的風險要降低到什麼程度，才算可以讓一般用路人接受。
如果標準太嚴會拖慢發展，但太寬鬆又可能傷害到無辜用路人，所以我不確定界線該怎麼訂。"
2026/04/28 17:22:11,"一般用路人風險保護優先 (Road User Protection First)：自駕車的研發與測試風險，不應主要由行人、騎乘者與其他一般用路人承擔。The risks of developing and testing self-driving cars should not fall mainly on pedestrians, cyclists, and other road users.","P1 Uber 測試時關閉了緊急煞車，且行人是在未預警下成為實驗對象，並未同意承擔系統開發的風險。
P2 應優先保障「不傷害原則」。核心價值是路人的生命自主權，未經同意不得將他人生命視為研發的代價。
C 研發單位在確保對無辜路人的風險趨近於零前，不應在公共道路進行未經宣告或具高度風險的測試。",把一般用路人風險保護優先當成首要考量看似合理，但問題是研發速度會極度緩慢，因為它犧牲了早日普及自駕技術以挽救未來數百萬人命的機會。,"限定(Qualify)：批評部分成立，但我的核心立場不變，只是需加上特定條件或在特定情形下成立。The objection is partly valid, but my core position remains the same. It only holds under certain conditions or in certain cases.",批評部分成立，但我的立場在確保測試環境有足夠安全備援條件下仍成立，因為進步不能建立在對現有用路人的公然危害上。,代價是自駕技術商用化變慢，由未來潛在的車禍受害者承擔。我認為值得，因為不能為了未來利益而剝奪當下無辜者的生存權。,當人類駕駛的致死率遠高於未完善的自駕系統時，堅持極高保護標準是否反而成了造成更多交通傷亡的共犯。
2026/04/28 17:22:20,"一般用路人風險保護優先 (Road User Protection First)：自駕車的研發與測試風險，不應主要由行人、騎乘者與其他一般用路人承擔。The risks of developing and testing self-driving cars should not fall mainly on pedestrians, cyclists, and other road users.","P1 (事實)：與該原則相關的事實是什麼？
在 Uber 自駕車事故案例中，受害者 Elaine Herzberg 當時是一名牽著腳踏車過馬路的行人。
• 非自願的風險承擔者： 與選擇坐在自駕車內的測試員或車主不同，一般用路人（如行人、單車族）並未同意參與這項自動駕駛技術的測試，也沒有從該次特定旅程中獲得直接利益。
P2 (規範)：你主張哪一項原則應優先？核心價值是什麼？
我主張「一般用路人風險保護優先」應被置於核心。
• 核心價值：負面義務與脆弱性保護。
• 負面義務（Negative Duty）： 在道德上，「不傷害他人」的義務優先於「增加社會總體效益」。企業在追求技術進步（效益）時，無權強迫無辜第三方承擔致命風險。
C (結論)：誰應該做什麼、或不應該做什麼？
根據上述事實與規範價值：
1.	企業（Uber）與開發者： 不應該在未確保系統能有效辨識並保護非自願用路人前，就將自駕技術投入開放道路測試。在算法決策模型中，應將「外部用路人零傷害」設定為高於「行車效率」或「成本節約」的參數。
2.	政府監管部門： 應建立更嚴格的准入標準。若技術無法保證對行人及單車族提供優於（或至少等於）人類駕駛的保護水準，則不應核發道路測試許可。
3.	整體結論： 技術進步的成本不應由無辜的生命來支付。在自駕車技術成熟到足以確保一般用路人安全之前，不應以「社會未來效益」為名，犧牲當下用路人的生命安全。",把 一般用路人風險保護優先 當成判斷自駕車能否部署的首要考量，看似合理，但它的根本問題是 會導致『防禦性遲滯』而造成更多不必要的傷亡，因為它忽略（或犧牲了） 技術普及後能大幅降低人類駕駛疏失所帶來的社會總體安全利益。,"堅持(Defend)：批評不成立，我的立場完全不變，我能說明為什麼。The objection fails. My position does not change, and I can explain why.",批評部分成立，但我的立場在『必須尊重個人作為目的而非手段』的條件下仍然能成立，因為任何以社會總體利益為名而強制犧牲無辜第三方的行為，都違反了基本的道德正義,"主要代價是技術進步的延緩以及短期內無法降低由人類駕駛疏失造成的事故數。
科技研發企業： 需投入更多資金與時間在安全驗證上。",讓我最感到困惑的點是**『責任鏈的斷裂』。在傳統交通事故中，責任通常歸於駕駛人，但自駕系統是由無數工程師編寫的程式碼、感測器硬體以及不斷變動的 AI 模型組成。如果為了保護用路人而導致車主受傷，或反之亦然，這份道德決定權究竟掌握在誰手裡？是工程師在寫下某行 if-else 時就決定了生死，還是模型在黑箱狀態下自行產生的決策？這種演算法決策的不可解釋性**，讓我對於如何界定真正的公平感到猶豫。
2026/04/28 17:22:58,"效益優先 (Benefit First)：只要長期能顯著降低整體交通死傷，自駕車部署就可被接受。If self-driving cars can significantly reduce overall traffic injuries and deaths in the long run, their deployment can be justified.",在自駕車能長期降低整體交通死傷的情況下，我主張效益優先，若為了責任應該由誰承擔，而讓死傷的人數無法下降，我認為已經本末倒置了，應該儘量減少死傷，所需追溯的責任也會更少。,把死傷人數當成判斷自駕車能否部署的首要考量，看似合理，但它的根本問題是責任歸屬，因為它忽略當事件發生時責任應該如何分配。,"限定(Qualify)：批評部分成立，但我的核心立場不變，只是需加上特定條件或在特定情形下成立。The objection is partly valid, but my core position remains the same. It only holds under certain conditions or in certain cases.",批評部分成立，但我的立場在事先訂好法規以及公司明確訂好使用規則條件下仍然能成立，因為這樣在發生事件後能明確的確定責任在誰身上,監督者應該更謹慎的檢查公司的使用規則，避免公司利用不明確的規則將責任轉移到使用者或受害者身上,
2026/04/28 17:23:51,"效益優先 (Benefit First)：只要長期能顯著降低整體交通死傷，自駕車部署就可被接受。If self-driving cars can significantly reduce overall traffic injuries and deaths in the long run, their deployment can be justified.","P1（事實）：與該原則相關的事實是什麼？
自駕車技術的發展旨在透過自動化系統大幅降低人為失誤（如分心、疲勞駕駛），根據統計，這類技術在長期成熟後，預計能減少絕大多數的交通事故傷亡人數，創造遠大於技術研發初期風險的整體社會安全利益。
P2（規範）：你主張哪一項原則應優先？該原則的核心價值是什麼？
我主張**「效益優先」**原則應被優先實現。其核心價值在於「追求最大多數人的最大福祉」。在道德衡量上，我們應優先選擇能將社會整體傷亡總數降至最低的方案，而非因個別偶發事故而停滯能拯救更多性命的技術進步。
C（結論）：誰應該做什麼、或不應該做什麼？
政府與研發廠商應持續推動自駕車的上路與測試，並透過數據回饋不斷優化演算法以提升整體安全性。我們不應因單一事故（如 Uber 案例）就全面禁止自駕技術，因為延遲技術普及所導致的潛在人為事故傷亡，在效益分析上將造成社會更大的損失。",「把效益優先當成判斷自駕車能否部署的首要考量，看似合理，但它的根本問題是責任歸屬考量被弱化，因為它忽略（或犧牲了）路人的安全以及如果事情真的發生了 責任是落在誰的身上。」,"堅持(Defend)：批評不成立，我的立場完全不變，我能說明為什麼。The objection fails. My position does not change, and I can explain why.",批評部分成立，但我的立場在『系統性風險持續降低』的條件下仍然能成立，因為任何技術轉型期都存在必要的風險代價。」,"1. 該選擇所需付出的代價是什麼？誰會因此承擔？
• 代價： 被犧牲的是**「個體的絕對權利」與「程序正義」**。在效益主義的邏輯下，少數個體的生命尊嚴可能被視為達成社會進步的「必要統計損失」。
• 承擔者： 代價由事故中的受害者及其家屬承擔。他們在沒有同意成為實驗對象的情況下，被迫成為科技演進過程中的風險承受者。此外，社會大眾對法律公平性的信任也可能受損，因為人們會擔心自己在系統計算下也可能成為被犧牲的「少數」。
2. 你認為這個代價值得付出，還是可以透過其他方式減緩或補償？
• 觀點： 雖然這個代價極其沉重，但從「不行動的代價更高」的角度來看，這是科技轉型期難以完全避免的悲劇。
• 補償與減緩方式： * 經濟補償： 研發廠商應建立高額的賠償基金，給予受害者家屬遠超一般事故標準的經濟補償。
• 法律課責： 雖然技術要推進，但對於開發過程中的人為疏失（如 Uber 測試員分心）必須嚴格追究刑事責任，確保「效益」不是企業規避責任的擋箭牌。
• 透明化監管： 透過強制公開測試數據，讓公眾監督系統的進步，確保犧牲真的換來了更安全的未來。
3. 即使選擇了目前的立場，是否有哪個被你放棄的價值，仍讓你覺得應該給予補償或說明？
• 我對**「人的主體性受損」**感到不安。在效益優先的立場下，受害者被簡化為數據中的一個點，這抹殺了人作為生命主體的獨特性與尊嚴。
• 說明： 我認為社會應公開承認這種犧牲並非「理所當然」，而是一種**「悲劇性的必要」**。我們必須對受害者展現道德上的歉意，而非僅僅將其視為技術更迭的除錯過程（Debugging），以此提醒開發者與政府，每一份數據背後都是真實的生命。",
2026/04/28 17:24:22,"責任追溯與課責優先 (Accountability First)：若事故發生後無法清楚追溯責任、說明決策依據並進行有效課責，則不應部署。If, after an accident, responsibility cannot be clearly traced, the basis of the decision cannot be explained, and effective accountability cannot be imposed, then deployment should not be allowed.","P1：身為資工系的學生我知道寫程式一定會有解不完的 Bug，自駕車的 AI 系統也不可能完美，Uber 事故就血淋淋地證明了系統出錯時真的會撞死人。
P2：我主張責任追溯與課責優先。這個原則的核心價值是不能讓科技公司賺大錢卻把測試的風險丟給一般用路人承擔，出事了就必須有人出來負起賠償與法律責任，這才是對生命的尊重。
C：根據 P1 和 P2，在 Uber 自駕車這種人命關天的案例中，如果開發商出事後無法清楚追溯責任或是說明判斷邏輯，那這種半成品的車根本就不該放上路當馬路殺手。",把責任追溯與課責優先當成判斷自駕車能否部署的首要考量，看似合理，但它的根本問題是會嚴重拖慢自駕車的研發與上路進度，因為它犧牲了長期來看自駕車可能比人類駕駛更安全、能拯救更多生命的整體社會效益。,"限定(Qualify)：批評部分成立，但我的核心立場不變，只是需加上特定條件或在特定情形下成立。The objection is partly valid, but my core position remains the same. It only holds under certain conditions or in certain cases.",批評部分成立，但我的立場在自動駕駛技術尚未達到完全免除人類接管的條件下仍然能成立，因為就算長期來看自駕車真的能拯救更多人，我們也沒資格強迫現在路上的無辜行人去當科技公司除錯測試的白老鼠。,這個選擇的代價是科技發展的進度會被嚴重拖慢，而且開發商必須砸更多錢在安全測試跟保險上面。承受代價的是那些想靠自駕車賺大錢的科技公司。我覺得這代價完全值得付出。就像我爸媽每天辛苦在外面工作，如果他們走在路上還要莫名其妙被一台找不到人負責的機器車撞，那真的非常荒謬。保護無辜的人絕對比科技公司的財報跟整體社會的便利性還要重要太多了。,我目前最困惑的是到底要怎麼真正在法律上劃分 AI 的責任。寫程式的工程師只負責演算法，車廠負責硬體，坐在車上的測試員可能根本反應不及，那撞死人的時候到底算誰的錯。如果以後 AI 是自己學習然後出包了，我們難道要把一台電腦砸爛當作懲罰嗎。這種技術發展跟現實法律完全脫節的狀況真的讓人很無力，總覺得現在談上路測試都太早了。
2026/04/28 17:25:18,"一般用路人風險保護優先 (Road User Protection First)：自駕車的研發與測試風險，不應主要由行人、騎乘者與其他一般用路人承擔。The risks of developing and testing self-driving cars should not fall mainly on pedestrians, cyclists, and other road users.","P1：Uber 自駕車在公共道路測試時，真正承擔失誤風險的常常不是公司本身，而是行人、腳踏車騎士和其他一般用路人。
P2：我主張一般用路人風險保護優先，因為這個立場最重視的是，不應讓沒有同意參與測試的人去承擔主要風險。
C：所以在 Uber 自駕車事故這類案例裡，如果系統還會把主要測試風險轉嫁給一般用路人，就不應該直接上公共道路部署。",把一般用路人風險保護當成首要標準，看起來合理，但它的根本問題是太保守，因為它可能讓自駕車很難進入真實道路環境測試，反而延後這項技術未來減少整體交通傷亡的可能。,"限定(Qualify)：批評部分成立，但我的核心立場不變，只是需加上特定條件或在特定情形下成立。The objection is partly valid, but my core position remains the same. It only holds under certain conditions or in certain cases.",批評部分成立，但我的立場在系統已經通過足夠模擬測試、封閉場域測試，而且公共道路部署有清楚風險控制措施的條件下仍然成立，因為技術發展不能主要靠無辜用路人承擔代價。,這個選擇的代價是，自駕車技術可能會發展得比較慢，公司也要付出更高的測試成本。不過我覺得這個代價值得，因為一般用路人本來就沒有義務替公司承擔主要實驗風險。,我現在最猶豫的是，如果不讓自駕車進入真實道路，就很難知道它到底能不能真的更安全；但如果太早上路，又會讓一般用路人承擔還沒成熟技術的風險。
2026/04/28 17:25:22,"一般用路人風險保護優先 (Road User Protection First)：自駕車的研發與測試風險，不應主要由行人、騎乘者與其他一般用路人承擔。The risks of developing and testing self-driving cars should not fall mainly on pedestrians, cyclists, and other road users.","​P1（事實）： 自駕車測試將未驗證的技術風險強加於公共道路的行人與用路人身上，而非在受控的封閉環境中進行。

​P2（規範）： 開發商作為技術研發的獲益者，其技術風險不應轉嫁給無知情、未同意的外部大眾。

​C（結論）：
​不應該：開放商 將公共道路當作實驗室，在系統安全未達標前，用路人承擔測試風險。
​應該： 採取「防禦性部署」，由開發商承擔所有技術失敗的風險責任，並建立透明的風險揭露與監管機制，確保測試過程不侵害公共安全。",把封閉環境測試當成判斷自駕車能否部署的首要考量，看似合理，但它的根本問題是不現實，因為對最終目標為無人駕駛的開放商而言，終究還是要有實戰測試才能知道錯誤在哪。」,"堅持(Defend)：批評不成立，我的立場完全不變，我能說明為什麼。The objection fails. My position does not change, and I can explain why.",批評不成立，因為為了科技進步而導致任何人類的犧牲，都是不可被接受的。,開發週期變慢。,台灣是否做好了自駕車進入台灣時對應的法規與教育？
2026/04/28 17:25:34,"一般用路人風險保護優先 (Road User Protection First)：自駕車的研發與測試風險，不應主要由行人、騎乘者與其他一般用路人承擔。The risks of developing and testing self-driving cars should not fall mainly on pedestrians, cyclists, and other road users.",行人不知道自己在被測試也無法選擇避開這種風險，但卻要承擔可能受傷甚至死亡的後果，公司應該先確保技術夠安全再上路，不該用未來可能更安全當理由，讓現在的人冒險。,把一般用路人風險保護優先當成判斷自駕車能否部署的首要考量，看似合理，但它的根本問題是過度強調零風險，因為它忽略了整體交通安全提升的可能性。,"限定(Qualify)：批評部分成立，但我的核心立場不變，只是需加上特定條件或在特定情形下成立。The objection is partly valid, but my core position remains the same. It only holds under certain conditions or in certain cases.",批評部分成立，但我的立場在風險被嚴格控制且最小化的條件下仍然能成立，因為一般用路人不應被迫承擔不必要或過高的測試風險。,這個立場的代價是放慢技術發展，但可以避免讓無辜用路人承擔不公平的風險，而這是值得的，也可以透過制度設計來減輕。,
2026/04/28 17:25:56,"一般用路人風險保護優先 (Road User Protection First)：自駕車的研發與測試風險，不應主要由行人、騎乘者與其他一般用路人承擔。The risks of developing and testing self-driving cars should not fall mainly on pedestrians, cyclists, and other road users.","P1
Uber 自駕車在公共道路測試時，與一般用路人共享空間，而行人並未同意參與測試，卻需承擔技術不成熟帶來的風險。
P2
我主張「一般用路人風險保護優先」，核心價值是：
不應讓未同意者承擔他人決策的風險（避免將人當作工具）
相較之下，效益優先會犧牲少數人，責任追溯則只是事後補救，皆不足以正當化風險轉嫁。
C
在安全未確保前，不應直接於公共道路測試自駕車；企業應自行承擔風險，避免將其轉嫁給一般用路人。",把『一般用路人風險保護優先』當成判斷自駕車能否部署的首要考量，看似合理，但它的根本問題是過度要求零風險而導致技術停滯，因為它忽略自駕車在長期上可能大幅降低整體交通死傷的公共利益，以及所有交通本身本就無法完全排除風險的現實。,"限定(Qualify)：批評部分成立，但我的核心立場不變，只是需加上特定條件或在特定情形下成立。The objection is partly valid, but my core position remains the same. It only holds under certain conditions or in certain cases.",批評部分成立，但我的立場在自駕車已達可驗證的安全標準，且風險不再主要由未同意的一般用路人承擔的條件下仍然能成立，因為我的核心仍是避免將風險不公平地轉嫁給無法選擇的人；只要風險被合理控制與分配，技術發展與用路人保護可以同時兼顧。,可能延緩自駕車技術的發展與普及，進而延後其在長期降低交通事故的整體效益；這個代價主要由科技公司、產業發展者與整體社會承擔。我認為此代價在原則上是值得付出的，因為避免將風險轉嫁給未同意的一般用路人，是更基本的倫理要求。但同時，這個代價應被減緩，例如透過封閉測試、分階段開放與嚴格監管，在保障安全的前提下推進技術發展。此外，即使我優先選擇風險保護，我仍認為「整體效益」這個被部分犧牲的價值值得被補充與平衡，而不應被完全忽視。,
2026/04/28 17:25:57,"效益優先 (Benefit First)：只要長期能顯著降低整體交通死傷，自駕車部署就可被接受。If self-driving cars can significantly reduce overall traffic injuries and deaths in the long run, their deployment can be justified.","P1: 現實中的交通事故絕大多數肇事原因歸咎於人類駕駛的疲勞、分心、酒駕或突發疾病。自駕車系統雖然在初期發展階段會出現如 Uber 案中未能正確識別違規行人的系統性失誤，但其不受生物生理限制，並不會出現像人類一樣的情況。

P2: 我主張「效益優先」。該原則的核心價值在於使整體的社會擁有更高的效率。在評估交通系統改變時，最高原則應該是盡可能減少總體的死傷人數，而非執著於維持現狀或追求單一系統的絕對零風險。

C: 根據 P1 與 P2，科技業與政府應該容許自駕車在真實道路上進行部署，並持續以大數據驗證其肇事率是否低於人類駕駛的基準線。而不應該因為單一的事故，就全面封殺這項具備長遠潛力的技術，否則等同於變相放任每年數以萬計的人繼續死於人類的駕駛疏失。",把效益優先當成判斷自駕車能否部署的首要考量，看似合理，但它的根本問題是它將人命看做成統計數字，並把公共道路強行當作演算法容錯的實驗場，因為它忽略（或犧牲了）一般無辜用路人的權益，以及他們免於在未經同意下被迫承擔企業研發風險的程序正義。,"限定(Qualify)：批評部分成立，但我的核心立場不變，只是需加上特定條件或在特定情形下成立。The objection is partly valid, but my core position remains the same. It only holds under certain conditions or in certain cases.",批評部分成立，但我的立場在嚴格劃定實驗區域、配備高標準安全機制的條件下仍然能成立，因為如果我們為了堅守未經同意不得讓路人承擔風險的絕對道德潔癖，反而會限制自駕車發展的機會，剝奪未來無數人免於死於車禍的機會。,效益優先必須付出的代價是，在技術邁向成熟的過渡期，無可避免地會有少數無辜的道路使用者因為演算法的特殊案例或系統盲區而受傷甚至失去生命。可以向自駕車企業徵收高額的風險稅，設立專門的受害者救濟基金，確保受害者家屬能獲得高額的賠償。,假設從數據面來看，如果自駕車肇事率比人類低 10%，那它在效益上就是成功的。但從人類直覺來看，如果系統像 Uber 案那樣，感測器早早就偵測到物體，卻因為系統決策錯誤而直接撞上去，這種機器決策錯誤比人類的酒駕更難以被社會原諒。讓困惑的是當演算法的邏輯無法被一般人的道德常識所理解時，我們真的能僅憑死亡數減少這個指標，來說服社會大眾嗎？
2026/04/28 17:25:57,"效益優先 (Benefit First)：只要長期能顯著降低整體交通死傷，自駕車部署就可被接受。If self-driving cars can significantly reduce overall traffic injuries and deaths in the long run, their deployment can be justified.","事實：自駕車無論在什麽情況下，出現事故的幾率都遠小於人類駕駛
規範：應選效益優先，因爲自駕車的上路在統計學上并不會導致更多的事故發生，而將來路上只有自駕車的那天，事故會大大減少
結論：企業應該在保證自駕車可以降低交通風險的前提下部署自駕車",把效益優先當成判斷自駕車能否部署的首要考量，看似合理，但它的根本問題是道路安全完全依賴在了自駕車企業上，因為它忽略了人在交通中的參與性。,"堅持(Defend)：批評不成立，我的立場完全不變，我能說明為什麼。The objection fails. My position does not change, and I can explain why.",批評不成立，因為沒有法律或道德規範規定人必須要在交通系統中承擔參與性（尤其是自駕車企業本來就會承擔法律風險的情況下），而自駕車如果能夠降低交通風險的話那麽就有很大的益處而沒有壞處,雖然從交通安全的角度考慮自駕車是個更優方案，但是卻忽略了原本依靠開車維持生計的人的利益,
2026/04/28 17:26:06,"一般用路人風險保護優先 (Road User Protection First)：自駕車的研發與測試風險，不應主要由行人、騎乘者與其他一般用路人承擔。The risks of developing and testing self-driving cars should not fall mainly on pedestrians, cyclists, and other road users.","P1（事實）：測試外部化 與 未知會的活體實驗困境
當前技術開發將公眾道路轉化為免費實驗室，形成了「受試者不一定授權的活體實驗困境」特徵。企業在技術成熟度不足下，實則將未獲保障的公眾強行納入研發鏈底層，造成風險的外部化。

P2（規範）：權利錯置與「風險－收益」失衡
基於 知情同意 與 分配正義 原則，當前模式違背受益者需承擔的風險底線。企業壟斷技術獲益卻由公眾承擔致死風險，使其道德辯護基礎脆弱。

C（結論）：從場域管制到制度性防線
因應上述失衡，必須建立制度性保護機制。將研發限制於封閉場域測試，並強化政府的監管防線。",把一般用路人風險保護優先當成判斷自駕車能否部署的首要考量，看似合理，但它的根本問題是陷入了『要求絕對零風險』的道德短視與科技發展僵局，因為它忽略現狀下人類駕駛每日造成的巨大傷亡，以及延遲自駕技術成熟所必須付出的長期社會整體生命代價，整體而言性價比不堪而喻。,"限定(Qualify)：批評部分成立，但我的核心立場不變，只是需加上特定條件或在特定情形下成立。The objection is partly valid, but my core position remains the same. It only holds under certain conditions or in certain cases.","批評部分成立，但我的立場在「實施嚴格的分級開放與事前風險控管（例如在企業決策與測試規劃時，強制導入『事前驗屍 』分析來預防極端錯誤）」的條件下仍然能成立，因為我們不能落入「零風險停滯」與「放任風險外部化」的單純黑白顏色。

效益主義雖正確指出真實數據對提升安全性的必要，但技術進步不能成為無條件轉嫁風險的藉口。我主張將立場限定於：企業必須預先提出極端情境的解決方案，並嚴格限制測試於專屬車道或低風險環境。透過此類程序性限制，我們既能滿足技術發展對真實數據的需求，同時亦守住「用路人保護優先」的倫理底線，確保公眾主體權不因科技開發而被抹除。",選擇「風險控管優先」的限定立場雖確保了倫理穩健性，卻需付出研發延宕、企業成本劇增以及過渡期人類駕駛失誤持續導致傷亡的社會機會成本；然而，考量到社會信任是科技存續的核心，短期放慢腳步以避免因風險外部化觸發的聲譽毀滅與監管封殺，實為確保技術長遠落地正當性的必要投資。為減緩此代價對創新的衝擊，應由政府介入建設公共智慧測試基礎設施以分擔實測成本，並推動如聯邦學習等技術共享極端邊緣情境的數據，在不損及商業機密的前提下加速產業學習曲線，藉此彌補安全限制所流失的時間成本，實現安全與進步的動態平衡。,我最糾結的是：備用駕駛到底是為了安全，還是企業用來扛罪的「人肉擋箭牌」？這有兩個層面的矛盾：第一，人性不可控，要求人在 AI 順跑時維持高度專注根本是違背生理，讓「隨時接手」變成一個無法實現的假議題；第二，責任不公平，法律目前只會檢討沒踩煞車的員工，卻放過了寫錯程式或急著賺錢的企業，讓備用機制成了公司的法律防火牆。這種「錯位」(算是一種異化吧)讓所有公平原則都失效，我們必須思考：是否該禁止這種半吊子的測試模式，直到系統能完全自主（Level 5）才准上路？或者直接規定「出事一律由企業負全責」，才能防止演算法變相剝削基層員工。
2026/04/28 17:26:22,"責任追溯與課責優先 (Accountability First)：若事故發生後無法清楚追溯責任、說明決策依據並進行有效課責，則不應部署。If, after an accident, responsibility cannot be clearly traced, the basis of the decision cannot be explained, and effective accountability cannot be imposed, then deployment should not be allowed.","P1: 自駕車技術涉及複雜的演算法與感測器黑盒子，在 Uber 事故中，系統雖偵測到目標卻因軟體設定排除而未採取煞車，且遠端與車內監控機制存在斷層，導致法律責任在人為操作與軟體邏輯之間難以釐清。
P2: 我主張「責任追溯與課責優先」應作為首要考量，其核心價值在於維護道德主體性與法治程序的透明化。在公共領域部署具有潛在致命風險的技術時，若無法解釋決策鏈結並落實賠償與懲戒的歸因，將剝奪社會大眾基本的法律救濟權並破壞社會契約。
C: 在自駕車具備完全透明的解釋機制與明確的法律責任歸屬框架前，研發單位不應在開放道路進行非受控測試，政府則應在責任鑑定技術達標前暫緩其大規模部署，以確保每一位受害者的權利都能被明確追索。",把責任追溯與課責優先當成首要考量，看似合理，但根本問題在於法律程序的偏執將阻礙技術救贖，因為它為了追求事故後的解釋權，而犧牲了原本能藉由降低事故率來挽救的大量生命。,"限定(Qualify)：批評部分成立，但我的核心立場不變，只是需加上特定條件或在特定情形下成立。The objection is partly valid, but my core position remains the same. It only holds under certain conditions or in certain cases.",批評部分成立，但我的立場在確保基本補償與動態課責框架的條件下仍然能成立，因為雖然完美的演算法解釋在技術上極具挑戰，但我們不能因追求技術進步而徹底放棄法律追訴權，必須透過建立『強制保險』與『分級授權』來對沖追究責任所帶來的研發延遲，以平衡個體正義與群體效益。,我的立場選擇為「責任追溯與課責優先」，理由在於自駕技術的黑盒子特性若缺乏明確的決策鏈與法律歸因，將剝奪受害者的救濟權並瓦解法治信任，因此即便面臨技術研發延遲與人為事故無法立即降低的生命代價，仍應限定在具備數位紀錄標準與強制補償機制的前提下進行部署，以確保科技進步不以犧牲道德主體性與社會正義為代價。,若堅持先釐清責任再部署，本質上是否在允許那些本可被自駕技術挽救的人為車禍傷亡持續發生，進而陷入「程序正義」與「生命總量」之間的倫理拉扯。
2026/04/28 17:26:28,"一般用路人風險保護優先 (Road User Protection First)：自駕車的研發與測試風險，不應主要由行人、騎乘者與其他一般用路人承擔。The risks of developing and testing self-driving cars should not fall mainly on pedestrians, cyclists, and other road users.",在 Uber 自駕車事故中，車輛仍處於測試階段，技術尚未成熟，存在不可預測的風險，而這些測試往往在開放道路上進行，使行人與其他用路人在未同意的情況下承擔潛在危險。因此，我認為應優先採取「一般用路人風險保護優先」原則，其核心價值在於風險分配的正當性與對基本安全的保障，也就是不應將技術發展的風險轉嫁給無法選擇承擔的人。基於此，企業與政府在尚未確保足夠安全與風險控管之前，不應將自駕車直接部署於一般道路，而應先透過更安全的測試方式，確保不會讓無辜用路人承擔主要風險後，再考慮進一步推廣。,把「一般用路人風險保護優先」當成判斷自駕車能否部署的首要考量，看似合理，但它的根本問題是可能過度保守、阻礙技術發展與整體安全提升，因為它忽略了自駕車在長期可能大幅降低交通事故與死亡率的效益。如果一味要求在完全沒有風險的情況下才允許上路，幾乎會讓新技術難以在真實環境中驗證與進步，反而延後整體社會獲得更安全交通系統的時間，讓更多人持續暴露在目前較高風險的人為駕駛環境中。,"限定(Qualify)：批評部分成立，但我的核心立場不變，只是需加上特定條件或在特定情形下成立。The objection is partly valid, but my core position remains the same. It only holds under certain conditions or in certain cases.",批評部分成立，但我的立場在「風險已被有效控制、且有完善監管與安全機制」的條件下仍然能成立，因為雖然自駕車需要透過實際上路來進步，但這不代表可以讓一般用路人承擔過高或不必要的風險。只要在確保安全底線的前提下逐步開放測試與部署，就可以同時兼顧技術發展與用路人保護，因此我仍維持原本的核心立場。,選擇「一般用路人風險保護優先」的代價是，可能會延緩自駕車技術的發展與普及，進而讓整體交通安全改善的速度變慢，而這個代價主要由科技公司、產業發展，甚至整體社會承擔，因為大家需要更長時間才能享受到自駕車可能帶來的安全與便利。不過，我認為這個代價在一定程度上是值得的，因為不能以犧牲無辜用路人的安全作為技術進步的代價。但同時，我也認為被延後的技術發展這個價值仍然重要，因此可以透過加強模擬測試、封閉場域實驗，以及建立完善的監管與補償機制來減緩影響。換句話說，雖然我優先選擇安全，但仍希望在不犧牲基本保障的前提下，盡量降低對技術發展的阻礙。,目前最讓我感到困惑的是，到底要在什麼程度的風險下，才可以允許自駕車進入真實道路測試。因為如果要求幾乎完全沒有風險，技術就很難進步；但如果過早開放，又可能讓無辜用路人承擔不必要的危險。另外，我也不太確定應該由誰來決定這個「可接受風險」的標準，是政府、企業，還是社會大眾共同討論。這些界線其實很模糊，也讓我在安全保障和技術發展之間感到有點猶豫。
2026/04/28 17:28:23,"一般用路人風險保護優先 (Road User Protection First)：自駕車的研發與測試風險，不應主要由行人、騎乘者與其他一般用路人承擔。The risks of developing and testing self-driving cars should not fall mainly on pedestrians, cyclists, and other road users.","P1（事實）：
在 Uber 自駕車事故中，該車是在公共道路上進行測試，而不是在封閉場域中測試。事故中的行人並不是 Uber 研發計畫的參與者，也沒有明確同意承擔自駕車測試所帶來的額外風險。換句話說，自駕車公司為了研發與蒐集真實道路資料，將尚未完全成熟的技術放到公共道路上，而一般用路人卻可能在不知情、無選擇的情況下承擔後果。

P2（規範）：
因此，我認為應優先考量 「一般用路人風險保護優先」。這項原則的核心價值不是單純同情路人，而是保護 風險分配的公平性 與 未同意者不應被迫承擔實驗風險。公共道路是所有人共同使用的空間，不應被企業直接當成技術測試場。即使自駕車未來可能帶來交通安全上的效益，這些效益也不能建立在把目前風險轉嫁給一般用路人的基礎上。若一項技術的風險主要由沒有參與決策、也無法拒絕的人承擔，那麼這種部署就缺乏倫理正當性。

C（結論）：
所以，在 Uber 自駕車事故這類案例中，自駕車公司與政府監管機關應該先確保測試風險受到嚴格控制，例如限制測試地點、提高安全駕駛與緊急煞車標準、公開測試風險，並建立明確的監督制度。在這些條件尚未達成前，企業不應將未成熟的自駕車系統直接部署到一般公共道路上，讓行人、騎士與其他用路人成為主要風險承擔者。我的立場是：自駕車不是完全不能發展，而是不能用不公平的方式發展。","把「一般用路人風險保護優先」當成判斷自駕車能否部署的首要考量，看似合理，但它的根本問題是過度強調個別風險的避免，反而可能阻礙整體風險的降低，因為它忽略（或犧牲了）長期整體交通安全與生命總量的提升。

更具體來說，如果堅持只有在幾乎不增加任何用路人風險的情況下才允許部署自駕車，那麼自駕車幾乎不可能在真實世界中進行有效測試與改進。由於人類駕駛本身已經持續造成大量交通事故與死亡，延遲自駕車技術的發展，其實等同於維持一個已知更危險的現狀。因此，過度強調保護當下個別用路人的風險，可能導致整體社會在長期內承受更高的死亡與傷害。

換句話說，這個原則的問題在於，它將「不讓任何未同意者承擔風險」視為絕對優先，卻忽略了在現實世界中，零風險並不存在。如果所有技術都因為可能對未同意者產生風險而被限制，那麼許多能夠帶來重大公共利益的創新（包括自駕車）將無法實現。因此，這個立場雖然在直覺上具有道德吸引力，但在政策層面上，可能導致過度保守，甚至產生反效果。","限定(Qualify)：批評部分成立，但我的核心立場不變，只是需加上特定條件或在特定情形下成立。The objection is partly valid, but my core position remains the same. It only holds under certain conditions or in certain cases.","批評部分成立，但我的立場在風險被有效控制且分配較為公平的條件下仍然能成立，因為我所強調的核心並不是「完全禁止風險」，而是不應讓未同意的一般用路人成為主要且不成比例的風險承擔者。

具體來說，反對意見指出，如果過度強調風險保護，可能會延遲自駕車發展，進而影響長期整體交通安全，這一點確實合理。因此，我接受在一定程度上，公共道路測試可能是技術進步所必須的。然而，即使如此，這並不代表可以無限制地將風險轉嫁給一般用路人。

因此，我的立場調整為：在自駕車部署時，只有在風險已被顯著降低、測試條件受到嚴格限制（例如特定區域或情境）、並且有完善監管與安全機制的前提下，這個原則才可以被部分讓渡。換句話說，技術發展的必要性可以被承認，但前提是風險分配不能失去基本的公平性。

總結來說，批評促使我放寬「風險保護」的絕對性，但並沒有動搖其核心價值，因為在倫理上，避免將重大風險加諸於未同意者，仍然是自駕車能否正當部署的基本條件之一。","我優先選擇「一般用路人風險保護優先」，其主要代價是：自駕車技術的發展速度可能被延遲，以及由此帶來的長期交通安全改善被推遲。由於公共道路測試會受到更多限制（例如區域、時段或安全標準），企業在蒐集真實世界資料與優化模型上的效率會下降，進而影響技術成熟的速度。

承擔這個代價的主要是科技公司與整體社會。企業需要投入更多成本在模擬環境、封閉測試場或額外安全機制上，而社會則可能在短期內繼續承受人類駕駛所造成的交通事故風險。換句話說，為了避免把風險轉嫁給一般用路人，我們可能必須接受「更慢達到更安全未來」這樣的結果。

我認為這個代價在原則上是值得付出的，因為它維持了風險分配的基本公平性，避免讓未同意的第三方承擔不成比例的風險。然而，我也認為這個代價不應被視為只能被動承受，而是可以透過制度與技術設計來部分減緩或補償。

例如，可以透過以下方式降低這個代價：

1.  在低風險區域或特定條件下進行有限測試，兼顧安全與技術進步
2.  投入更多資源在高品質模擬與封閉場域測試，減少對公共道路的依賴
3. 建立透明的監管與資料共享機制，讓技術進展不完全依賴單一公司實測
4. 對可能受影響的用路人提供制度性的保障或補償機制

最後，即使我選擇了風險保護優先，我仍然認為「整體交通安全提升」這個被暫時放在次要位置的價值是重要的，也應該被持續關注與回應。因此，我的立場並不是否定技術發展，而是主張：在追求長期效益的同時，不能忽視當下風險分配的正當性。","目前最讓我感到困惑與猶豫的點是：在現實情境中，我們應該如何判斷「可以接受的風險」到底在哪一條界線上？

一方面，我認為一般用路人不應該承擔過高且未經同意的風險，但另一方面，我也理解任何交通系統本身就不可能是零風險，人類駕駛每天也在造成事故。如果完全要求自駕車在「幾乎沒有額外風險」的情況下才能上路，那可能會導致技術永遠無法進入真實環境進行驗證，反而延誤整體安全的進步。

因此我會猶豫的是：當自駕車「已經比人類駕駛更安全一點」，但仍然會造成某些新型態風險時，我們是否應該允許它上路？

這牽涉到一個更困難的問題：我們是要比較「絕對安全」，還是「相對更安全」？如果是後者，那麼即使仍有個別事故發生，是否也可以被接受？但如果接受這種邏輯，就等於承認某些無辜用路人仍會成為技術過渡期的受害者，這在倫理上讓我感到不安。

另外，我也不確定在制度設計上，誰有資格替社會決定這個風險門檻。是政府？企業？還是透過公共討論形成共識？如果沒有清楚且被信任的決策機制，那即使設定了標準，也可能缺乏正當性。"
2026/04/28 17:28:28,"責任追溯與課責優先 (Accountability First)：若事故發生後無法清楚追溯責任、說明決策依據並進行有效課責，則不應部署。If, after an accident, responsibility cannot be clearly traced, the basis of the decision cannot be explained, and effective accountability cannot be imposed, then deployment should not be allowed.","P1（事實）：自駕車在測試時未完整規範和完整配備，造成用路人死亡
P2（規範）：責任追溯與課責優先 
C（結論）：自駕車在測試時就應該具備完整配備和完整的規範，若發生問題才能找出問題來源和懲處",把完整規範和配備當成判斷自駕車能否部署的首要考量，看似合理，但它的根本問題是突發狀況太多了，因為它忽略（或犧牲了）人和ai也有可能在狀況發生的當下產生混亂。,"限定(Qualify)：批評部分成立，但我的核心立場不變，只是需加上特定條件或在特定情形下成立。The objection is partly valid, but my core position remains the same. It only holds under certain conditions or in certain cases.",批評部分成立，但我的立場在ai產生明顯錯誤時條件下仍然能成立，因為當時的狀況可能是缺乏完整規範或配備,長期使用完整規範和配備的自駕車時，人如果因自駕車ai壞掉或換一般車，可能會產生人無法判斷的代價,
2026/04/28 17:28:52,"一般用路人風險保護優先 (Road User Protection First)：自駕車的研發與測試風險，不應主要由行人、騎乘者與其他一般用路人承擔。The risks of developing and testing self-driving cars should not fall mainly on pedestrians, cyclists, and other road users.",自駕車技術仍處於研發與測試階段，其演算法在面對極端案例時具有不可預測性。技術進步的紅利不應建立在對現有無辜個體權利的非自願侵害之上。在自駕車研發案例中，企業與研發單位不應在未確保感測與制動系統具備極高可靠性的情況下，將具潛在致命危險的原型車投入公共道路。若必須測試，研發者應承擔嚴格的避險責任，並在系統出錯前確保具備有效的冗餘保護機制。,把一般用路人風險保護優先當成判斷自駕車能否部署的首要考量，看似合理，但它的根本問題是會陷入「安全性悖論」導致技術發展停滯，因為它忽略了只有透過真實道路的大數據訓練，自駕車才能達到超越人類的安全性。若過度保護當下的用路人而禁止測試，變相犧牲了未來成千上萬可能因自駕車普及而免於車禍喪命的潛在受益者。,"限定(Qualify)：批評部分成立，但我的核心立場不變，只是需加上特定條件或在特定情形下成立。The objection is partly valid, but my core position remains the same. It only holds under certain conditions or in certain cases.",若選「批評部分成立，但我的立場在『確保開發者負擔損害賠償與透明化風險管理』的條件下仍然能成立，因為雖然技術進步需要數據，但我們不能因此給予開發者『草率測試』的空白支票。 保護用路人並非完全禁止測試，而是要求測試必須在具備高度監控與嚴格的風險分級下進行，確保社會正義與技術發展並行，而非二選一。」,這個選擇的代價是研發速度的減緩與開發成本的劇增。科技公司需支付更高昂的封閉測試場地費與安全監控成本，而消費者則可能因為研發成本轉嫁，需更晚、以更高昂的價格才能使用到自駕服務。儘管如此，我仍然認為這個代價是值得的。因為社會對新技術的集體信任感一旦崩塌，技術推廣的阻礙將會更大。這種代價可以透過政府建立公共封閉測試場域、或建立由企業共同負擔的「風險賠償基金」來減緩。,"最讓我猶豫的點在於：「多安全才算安全？」
如果我們堅持保護所有用路人，直到自駕車比人類駕駛安全 10 倍才允許大規模上路，那麼在「剛好跟人類一樣安全」到「比人類安全 10 倍」這段中間時期，因為拒絕部署自駕車而導致的傳統車禍傷亡，在倫理上是否也算是一種因為「不作為」而產生的惡？我們是否在為了守護「不傷害原則」的同時，卻違背了「最大效益原則」？"
2026/04/28 17:30:22,"一般用路人風險保護優先 (Road User Protection First)：自駕車的研發與測試風險，不應主要由行人、騎乘者與其他一般用路人承擔。The risks of developing and testing self-driving cars should not fall mainly on pedestrians, cyclists, and other road users.","P1（事實）
在 Uber self-driving car accident 中，自駕車於公共道路測試時造成行人死亡，顯示技術尚未成熟，但風險卻由未同意參與的一般用路人被動承擔。

P2（規範）
此原則的核心價值是風險分配的正當性：不應將高風險加諸於無法選擇、也未同意承擔風險的人。科技發展不能以犧牲無辜者為代價。

C（結論）
因此，在安全性尚未確立前，像 Uber 這類企業不應直接在公共道路部署自駕車測試，而應限制於可控環境，以避免讓一般用路人承擔不公平風險。",把「一般用路人風險保護優先」當成判斷自駕車能否部署的首要考量，看似合理，但它的根本問題是將「零風險」視為前提，導致任何仍有不確定性的技術都難以實際測試與改進，因為它忽略了若不在真實環境中逐步部署，自駕車可能永遠無法發展到比人類駕駛更安全的程度，反而讓現有更高的交通風險持續存在。,"限定(Qualify)：批評部分成立，但我的核心立場不變，只是需加上特定條件或在特定情形下成立。The objection is partly valid, but my core position remains the same. It only holds under certain conditions or in certain cases.",批評部分成立，但我的立場在「風險已被有效控制，且不再主要由未同意的一般用路人承擔」的條件下仍然能成立，因為即使需要在真實環境中測試技術，風險分配仍應符合公平性，不能將不對等的風險轉嫁給無辜大眾。,"優先採取「一般用路人風險保護優先」的代價是：可能延緩自駕車技術的發展與部署，進而延後整體交通安全提升的時程。這代表原本可以透過技術進步而減少的交通事故與傷亡，在短期內仍會持續發生。

承擔這個代價的主要是：
社會大眾（持續面對現有交通風險）
科技公司（如 Uber），需承擔更高的研發與測試成本與時間

我認為這個代價在一定程度上是值得付出的，因為讓未同意的一般用路人承擔高風險，違反了基本的公平與正當性。然而，這個代價可以被減緩，例如：
1️⃣在封閉或受控環境中加速測試
2️⃣設計更嚴格的安全標準與分階段開放機制
3️⃣建立補償與責任制度，降低潛在受害者的損失
即使我優先考量風險保護，我仍認為**「整體效益（降低總體交通傷亡）」是一個不能被忽視的價值**。因此，在限制風險的同時，也應積極尋找方式促進技術進步，而不是完全阻礙其發展。",無
2026/04/28 17:30:46,"效益優先 (Benefit First)：只要長期能顯著降低整體交通死傷，自駕車部署就可被接受。If self-driving cars can significantly reduce overall traffic injuries and deaths in the long run, their deployment can be justified.",歐洲的無人駕駛汽車已經有慢慢普及，或者嘗試實驗性的加入到一般道路上，而就目前看來，並無太大太頻繁的事故發生，因此就效益優先來說，政府應在一定規範內限制，而不是杞人憂天的擔心並沒有發生過的事情,把效益優先當成判斷自駕車能否部署的首要考量，看似合理，但他的根本問題是現在技術尚未成熟，我們不能因為沒有發生的擔憂而忽略那些可能存在的風險，因為他忽略了一般用路人可能承擔的風險,"堅持(Defend)：批評不成立，我的立場完全不變，我能說明為什麼。The objection fails. My position does not change, and I can explain why.",批評不成立，這種批判如同前陣子的核能存廢問題的反方，存在邏輯滑坡，不斷的用已經發生的小錯誤攻擊自認為可能發生的大問題，但就技術而言並不那麼容易的發生，甚至不會發生,風險是一般用路人可能會需要承擔意外的不小心發生，或者偶然故障等不便的發生可能,目前沒有
2026/04/28 17:31:03,"一般用路人風險保護優先 (Road User Protection First)：自駕車的研發與測試風險，不應主要由行人、騎乘者與其他一般用路人承擔。The risks of developing and testing self-driving cars should not fall mainly on pedestrians, cyclists, and other road users.","P1： 在 Uber 事故中，受害者 Elaine Herzberg 是一名推著腳踏車過馬路的行人。
P2： 我認為應優先考量「一般用路人風險保護」。其核心價值是脆弱性補償與不對等風險之公正分配。
C： 企業不應在未確保系統具備「高於人類駕駛的基礎避險能力」前，就在開放道路進行測試",把一般用路人風險保護當成判斷自駕車能否部署的首要考量，看似合理，但它的根本問題是會陷入『完美主義謬誤』而導致研發停擺，因為它忽略了延遲部署所造成的人命損失。,"限定(Qualify)：批評部分成立，但我的核心立場不變，只是需加上特定條件或在特定情形下成立。The objection is partly valid, but my core position remains the same. It only holds under certain conditions or in certain cases.",批評部分成立，但我的立場在明確區分開發測試期與正式部署期的條件下仍然能成立。因為研發階段的風險是不確定的「實驗」，而正式部署是經過驗證的「產品」。,代價： 最直接的代價是技術革新的速度變慢,"猶豫的點：「安全」的基準線到底在哪裡？
如果自駕車只比人類安全 1%，我們是否就該讓它上路？即便它能救更多人，但當那 1% 的事故發生時，大眾對於「被機器殺死」的心理恐懼與憤怒，遠高於「被人類撞死」。"
2026/04/28 17:31:11,"一般用路人風險保護優先 (Road User Protection First)：自駕車的研發與測試風險，不應主要由行人、騎乘者與其他一般用路人承擔。The risks of developing and testing self-driving cars should not fall mainly on pedestrians, cyclists, and other road users.","P1（事實）： 在 Uber 事故中，自駕系統雖偵測到行人，卻因分類錯誤（在物體、腳踏車與車輛間跳轉）且為了避免「過度靈敏」而停用了緊急煞車功能。更關鍵的是，受害者（行人）並未參與該項技術研發，也未同意承擔測試過程中的致命風險。

P2（規範）： 我主張「一般用路人風險保護」應優先。其核心價值是 「不傷害原則」與「權利主體的不對等性」。自駕研發是企業的盈利行為，不應將未經同意的第三方（一般用路人）視為達成技術演進的「實驗成本」。人的生命權與身體完整性具有絕對的規範優位性，不能為了換取未來的統計數據優勢而被隨意犧牲。

C（結論）： 科技公司不應在未確保「對第三人風險不高於稱職人類駕駛」的前提下，將未成熟的自駕車投入公共道路測試。在部署前，開發者必須優先建立「外部安全防禦機制」（如強制介入的自動緊急煞車），而非僅依賴數據採集。","「把 『一般用路人風險保護』 當成判斷自駕車能否部署的首要考量，看似合理，但它的根本問題是 過度保守可能導致技術開發停滯（Stagnation），因為它忽略（或犧牲了） 長期而言自駕車普及後所能挽救的大量生命（即『效益優先』所強調的長期交通死傷降低）。」
如果我們追求完美的零風險保護，自駕車將永遠無法在真實路況中學習複雜環境，最終結果是人類駕駛繼續造成每年數百萬計的車禍死傷。","限定(Qualify)：批評部分成立，但我的核心立場不變，只是需加上特定條件或在特定情形下成立。The objection is partly valid, but my core position remains the same. It only holds under certain conditions or in certain cases.",「批評部分成立，但我的立場在 『必須先竭盡模擬環境與封閉場域測試，且公開測試需受嚴格外部監管』 的條件下仍然能成立，因為 我們不能在倫理上接受用『當下確定的犧牲』來換取『未來機率性的收益』。雖然追求進步是好事，但進步的代價不應由不知情且未受益的行人強行承擔，企業必須證明其道路測試已降至最低風險邊界，而非將公用道路當作廉價實驗室。」,"
這項選擇的直接代價是 「研發速度的延緩」 與 「極高的測試成本」。

誰會因此承擔？

科技公司與投資人： 必須投入更多資金在昂貴的封閉模擬系統，且上市時間推遲。

未來的交通受益者： 那些本來可以更早因為自駕普及而免於車禍的人，會因為技術推遲而承擔更久的人為事故風險。

是否值得付出？或如何補償？
我認為這個代價是 值得付出 的。因為若為了速度而犧牲社會契約中的基本安全信任，一旦發生事故，公眾的恐懼與抵制（如 Uber 事件後的停測潮）反而會給技術發展帶來更大的倒退。

補償方式：
可以透過政府資助建設更多高品質的「模擬城市測試區」來補償研發延宕，並對自駕車課徵特殊的「風險保險費」撥入交通事故補償基金，以對潛在受損的公眾利益進行預先補償。",
2026/04/28 17:31:12,"效益優先 (Benefit First)：只要長期能顯著降低整體交通死傷，自駕車部署就可被接受。If self-driving cars can significantly reduce overall traffic injuries and deaths in the long run, their deployment can be justified.",P1（事實）：自駕技術的統計學優勢與當前局限  P2（規範）：社會效益極大化與集體風險規避 C（結論）：持續部署與動態優化的義務,「把效益優先當成判斷自駕車能否部署的首要考量，看似合理，但它的根本問題是將人的生命權視為可計算、可交易的『統計數字』，因為它忽略了個體作為道德主體不可侵犯的尊嚴，並犧牲了社會契約中對『非自願風險』的最基本保障。」,"堅持(Defend)：批評不成立，我的立場完全不變，我能說明為什麼。The objection fails. My position does not change, and I can explain why.",若選「批評不成立，因為該批評雖然在道義上具有高度感染力，但在實踐層面上陷入了『非行動癱瘓』的困境，未能解決當前人類駕駛造成的具體且大規模傷亡，而效益優先原則反而是對生命權最負責任的實踐。」,必須付出的代價：個體權利的「工具化」與道德確定性的喪失,在這個議題中，最讓我感到猶豫與困惑的點，在於「數據的正當性」與「具體受害者的不可對等性」之間的巨大鴻溝。
2026/04/28 17:31:12,"效益優先 (Benefit First)：只要長期能顯著降低整體交通死傷，自駕車部署就可被接受。If self-driving cars can significantly reduce overall traffic injuries and deaths in the long run, their deployment can be justified.","選擇「效益優先」作為首要考量。
P1（事實）：
在 Uber 自駕車事故案例中，自駕車的部署牽涉到公共道路上的真實風險。自駕車不是只在封閉實驗室中運作，而是會與行人、駕駛、騎乘者等一般用路人共同使用道路。因此，判斷自駕車是否可以部署，不能只看單一事故是否令人震驚，也要看這項技術在長期發展下，是否能明顯減少整體交通事故、受傷與死亡。人類駕駛常受到疲勞、分心、酒駕、情緒與反應速度限制影響，如果自駕系統能減少這些人為錯誤，確實可能帶來整體交通安全的提升。
P2（規範）：
我主張「效益優先」應該被優先考量，因為交通制度的核心價值之一，就是降低整體傷害與保護更多人的生命安全。從效益主義的角度來看，如果一項技術雖然在測試與轉型過程中存在風險，但長期能大幅降低交通死傷，那麼它具有一定的倫理正當性。不過，效益優先不代表可以忽略責任歸屬，也不代表自駕車可以無條件上路。它必須建立在可驗證的安全數據、清楚的責任制度，以及合理的道路使用規範之上。
C（結論）：
因此，在這類自駕車案例中，政府、企業與研發者應該允許自駕車在符合安全標準的條件下逐步部署，但必須建立明確的監管與責任判定制度。若自駕車本身違反安全設計、測試規範或未能合理反應，企業與系統設計者應負責；但若事故主要是由行人未依道路規定使用道路所造成，例如闖紅燈、違規穿越快車道、突然闖入車輛無法合理反應的範圍，則責任應主要由違規行人承擔。在明確違規且車輛沒有合理機會避免事故的情況下，不應再用「應注意而未注意」的模糊概念，過度要求駕駛者或自駕系統承擔全部責任。這樣才能同時維持道路規則的公平性，並讓能降低整體交通死傷的技術有機會發揮效益。",把效益優先當成判斷自駕車能否部署的首要考量，看似合理，但它的根本問題是可能把少數一般用路人的風險當成技術進步的代價，因為它容易忽略那些被迫參與測試的人其實沒有真正同意承擔這些風險。,"限定(Qualify)：批評部分成立，但我的核心立場不變，只是需加上特定條件或在特定情形下成立。The objection is partly valid, but my core position remains the same. It only holds under certain conditions or in certain cases.",批評部分成立，但我的立場在「自駕車必須通過嚴格安全驗證、責任可以清楚追溯、部署風險不應主要轉嫁給一般用路人」的條件下仍然能成立，因為我仍然認為，如果自駕車長期能顯著降低整體交通死傷，它就具有倫理上的部署正當性。,效益優先的代價是，部分個案中的風險與不安可能會被放在整體交通安全效益之後。承擔代價的人主要是一般用路人、行人、騎乘者與早期部署地區的居民。我認為這個代價可以被接受，但必須透過公開安全數據、限制測試區域、事故通報、明確課責與保險補償制度來減緩，不能讓少數受害者獨自承擔技術發展的風險。,即使我選擇效益優先，我仍認為一般用路人風險保護與責任追溯不能被完全放棄。目前最讓我猶豫的是，如何判斷自駕車已經足夠安全到可以在公共道路上部署。如果標準太嚴格，技術可能難以進步，但如果標準太寬鬆，一般用路人又會承擔不公平風險。另外，在行人違規造成事故時，如何判斷車輛是否仍有合理機會避免事故，也是我覺得最困難的地方。
2026/04/28 17:31:13,"一般用路人風險保護優先 (Road User Protection First)：自駕車的研發與測試風險，不應主要由行人、騎乘者與其他一般用路人承擔。The risks of developing and testing self-driving cars should not fall mainly on pedestrians, cyclists, and other road users.","P1:在Uber自駕車事故中，車輛在測試階段仍存在感知與判斷上的缺陷，例如未能即時辨識行人並且馬上做出適當反應。在技術尚未成熟時就上路測試，會讓行人、自行車騎士等一般用路人暴露在額外風險之中，而且這些人並未同意承擔此風險。
P2: 我主張一般用路人風險保護優先作為首要原則，其核心價值是避免將風險不公平的轉嫁給沒有選擇權的無辜者。即使技術可能帶來長期整體利益，也不應在過程中讓特定群體承擔不成比例的風險。特別是當這些人無法選擇是否參與測試時，讓他們承擔風險是不正當的。
C:
根據上述事實與原則，自駕車在沒有達到安全標準前，不應該直接在開放道路上進行測試，或至少應採取更嚴格的風險控管措施。",把一般用路人風險保護優先當成判斷自駕車能否部署的考量，但它的根本問題是過度強調短期風險的避免，可能會導致自駕車的技術發展被延遲，因為它忽略了自駕車在長期上可能顯著降低整體交通事故與死亡率的潛在效益。若完全避免任何對一般用路人的風險，代表自駕車不能在真實環境中進行測試，這可能延長人類駕駛主導下的高事故率，間接導致更多傷亡。,"限定(Qualify)：批評部分成立，但我的核心立場不變，只是需加上特定條件或在特定情形下成立。The objection is partly valid, but my core position remains the same. It only holds under certain conditions or in certain cases.",批評部分成立，但我的立場在風險已被有效控制的條件下仍然成立，因為雖然完全避免任何風險會阻礙自駕車技術發展，但若缺乏基本的風險限制與安全門檻，將會使無辜用路人承擔風險，我認為這是不正當的。,優先採取一般用路人風險保護優先的立場，代價是可能延緩自駕車技術的發展，延後其在長期上降低整體交通事故與死亡率的潛在效益。然而，我認為這樣的代價是可以被接受的，因為避免將風險不公平地轉嫁給無辜用路人具有更高的倫理優先性。不過，這些代價可以透過其他方式被減緩，例如允許在低風險環境中進行有限度測試、改進監控機制，以及建立完善的監管與責任制度。,如何在技術發展和公共安全之間取得平衡
2026/04/28 17:31:43,"效益優先 (Benefit First)：只要長期能顯著降低整體交通死傷，自駕車部署就可被接受。If self-driving cars can significantly reduce overall traffic injuries and deaths in the long run, their deployment can be justified.",自駕車能提高整體交通安全的數據，我主張效益優先，核心價值為達成用路人的安全保障,把效益優先當成判斷自駕車能否部署的首要考量，看似合理，但它的根本問題是機器的決策，它忽略了面對緊急狀況時，自駕車判斷出犧牲的方式，使得交通「意外」成為設計的一環,"堅持(Defend)：批評不成立，我的立場完全不變，我能說明為什麼。The objection fails. My position does not change, and I can explain why.",批評不成立，因為即便是人駕車也可延伸為當下反應所決定的，並非完全的意外，甚至自駕車在不同情境下的決策可能更好,提高人們對於企業的不信任，道路安全會像是一種被設計的危險,在不同時代，這樣的代價在社會上似乎有不同的接受度
2026/04/28 17:31:43,"一般用路人風險保護優先 (Road User Protection First)：自駕車的研發與測試風險，不應主要由行人、騎乘者與其他一般用路人承擔。The risks of developing and testing self-driving cars should not fall mainly on pedestrians, cyclists, and other road users.",由於 OpenClaw 這類工具能自主規劃複雜步驟，但人類往往難以即時看透其運作邏輯，因此我主張協作式主體性，核心價值在於確保人機之間具備高度的可預測性與雙向溝通。基於此，開發者不應只追求自動化，而應設計能即時回報進度與困難的互動介面，讓人類在清楚系統極限的前提下與其共事。,"把 一般用路人風險保護優先 當成判斷自駕車能否部署的首要考量，看似合理，但它的根本問題是它可能會無限期推遲能拯救更多生命的技術進步，因為它忽略了現有體系的巨大代價。
批評者會說，人類駕駛每年造成極高死傷，如果為了追求路人的零風險而禁止測試，等於是在保護舊有的、不安全的交通模式。這犧牲了未來可能實現的整體交通安全與效率。","限定(Qualify)：批評部分成立，但我的核心立場不變，只是需加上特定條件或在特定情形下成立。The objection is partly valid, but my core position remains the same. It only holds under certain conditions or in certain cases.",批評部分成立，但我的立場在「必須有封閉場域測試數據作為安全擔保」的條件下仍然能成立。,代價是自駕技術的研發週期會變長，且企業需要投入更多資金在模擬與封閉測試場。誰來承擔？研發公司與期待技術早日普及的消費者。但我認為這個代價值得，因為「未經同意的風險轉嫁」在倫理上是站不住腳的。我們可以透過政府補助封閉測試場地來減緩開發者的壓力，而不是犧牲路人的安全。,可接受的風險到底是多少？ 我們常說自駕車要比人類安全，但到底要安全多少倍大眾才能接受？
2026/04/28 17:31:50,"責任追溯與課責優先 (Accountability First)：若事故發生後無法清楚追溯責任、說明決策依據並進行有效課責，則不應部署。If, after an accident, responsibility cannot be clearly traced, the basis of the decision cannot be explained, and effective accountability cannot be imposed, then deployment should not be allowed.",在 Uber 自駕車事故案例中，在自駕車已經撞到人的情況下，如果無法追溯其責任歸屬，那對被撞的人是個無法接受的結果，所以我認為應該責任追溯與課責優先，在事故發生後，才能有效去課責其責任歸屬,「把事後的責任歸屬與究責機制完美建立當成判斷自駕車能否部署的首要考量，看似合理，但它的根本問題是本末倒置且會引發更巨大的道德代價，因為它忽略（或犧牲了）盡早普及自駕車能大幅消除人類駕駛失誤（如酒駕、疲勞、分心），進而拯救無數統計生命的整體最大公共利益。」,"堅持(Defend)：批評不成立，我的立場完全不變，我能說明為什麼。The objection fails. My position does not change, and I can explain why.",批評不成立，因為如果自駕車目前的系統和責任歸屬在不完善的情況下，就不應該讓其上路，如果就這樣草率地讓其上路駕駛，可能會引發更大的事故,堅持自駕車事故的課責優先是捍衛人類尊嚴與主體性的底線，儘管這會付出延遲技術普及、基層人員易淪為替罪羔羊，以及加劇技術寡頭壟斷等代價，但為了避免將人命視為科技進步的耗材，我認為這個代價值得付出,
2026/04/28 17:32:01,"一般用路人風險保護優先 (Road User Protection First)：自駕車的研發與測試風險，不應主要由行人、騎乘者與其他一般用路人承擔。The risks of developing and testing self-driving cars should not fall mainly on pedestrians, cyclists, and other road users.","P1（事實）：在 Uber 案中，科技公司於開放的公共道路上測試未成熟的自駕系統，將實體碰撞風險直接轉嫁給了未同意參與這場科技實驗的行人與單車族。
P2（規範）：我主張一般用路人風險保護優先，科技創新的潛在效益絕不應建立在對弱勢群體未經同意的強制犧牲上。
C（結論）：科技公司在確保系統能絕對保護弱勢用路人之前，不應在公共道路進行實測；政府也應嚴格禁止此類將測試風險外部化的行為。",把一般用路人風險保護優先當成判斷自駕車能否部署的首要考量，但它的根本問題是設立了極端的零測試風險門檻，導致技術永遠無法在真實道路情境中成熟，因為它犧牲了自駕車若及早發展普及，長期下來能大幅消除人類疲勞駕駛與違規肇事，進而挽救更多無辜生命的整體宏觀效益。,"限定(Qualify)：批評部分成立，但我的核心立場不變，只是需加上特定條件或在特定情形下成立。The objection is partly valid, but my core position remains the same. It only holds under certain conditions or in certain cases.",批評部分成立，但我的立場在企業須限縮於經核准的受控場域進行漸進式測試，並建立無過失補償保險機制的條件下仍然能成立，因為追求未來的整體交通效益，不能以剝奪當下無辜路人的生命安全為代價；規範測試條件能在確保技術迭代所需數據的同時，守住不將大眾當作實驗品的倫理底線。,"這個選擇的代價是大幅延緩自駕車技術的成熟速度與增加企業研發成本。此代價將由科技企業及整體社會共同承擔。
這項代價在倫理上仍具備必須付出的正當性，因為無辜路人的生命不應被視為科技實驗的消耗品。為減緩技術停滯的衝擊應擴大投資高階模擬技術與大型封閉測試場，以虛擬數據彌補實測限制。
為守住風險保護底線而嚴格設限，仍會衍生出難以完全迴避的道德兩難：技術延遲普及，意味著未來數年仍將有無數生命死於人類酒駕或疲勞駕駛，這是一項必須被正視的社會機會成本。",目前最令我感到猶豫的盲點在於模擬與現實的跨越難題。若嚴格限制自駕車在真實且具高度不可預測性的公共道路測試，我們將如何客觀定義系統已經足夠安全並允許其正式上路？
2026/04/28 17:32:03,"效益優先 (Benefit First)：只要長期能顯著降低整體交通死傷，自駕車部署就可被接受。If self-driving cars can significantly reduce overall traffic injuries and deaths in the long run, their deployment can be justified.","效益優先的事實是，自駕車為機器在評估，機器的準確率是客觀的且很高的，較為安全
其核心價值為，AI的判斷可以在天氣不好、沒有光的時候可以比人眼更加準確
效益優先中，駕駛人（或是坐在駕駛座的人）應該要看著路況，在AI 沒判斷好的時候，能及時制止；設計自駕車的工程師不該讓AI 完全自己判斷",把效益優先當成判斷自駕車能否部署的首要考量，看似合理，但它的根本問題是自駕車依然會有判斷失誤的機率，因為它忽略（或犧牲了）使用自駕車的人可能太過相信AI而完全忽視路況。,"限定(Qualify)：批評部分成立，但我的核心立場不變，只是需加上特定條件或在特定情形下成立。The objection is partly valid, but my core position remains the same. It only holds under certain conditions or in certain cases.",批評部分成立，但我的立場在駕駛人有在看路的條件下仍然能成立，因為利用AI 判斷依然不是完全準確的，有時會有突發狀況需要駕駛人做出反應,做出該選擇的代價是用路人要好好注意路況，因為無法判斷別人的車是不是使用自駕車，而且AI 也有機率判斷錯誤。我認為這個代價值得付出，因為平時在路上也有很多比自駕車還要更危險的駕駛人。,
2026/04/28 17:32:14,"一般用路人風險保護優先 (Road User Protection First)：自駕車的研發與測試風險，不應主要由行人、騎乘者與其他一般用路人承擔。The risks of developing and testing self-driving cars should not fall mainly on pedestrians, cyclists, and other road users.","P1:我認為其他人是無辜的，因為在現行的法規下並沒有需要承擔這種風險
P2:我主張一般用路人保護優先，主要是因為一般用路人應指承擔在當前狀況下的風險
C:自駕車公司應該要以保護用路人為原則，並且在封閉道路下測試到零差錯才能部署",把一般用路人當成判斷自駕車能否部署的首要考量，看似合理，但它的根本問題是其實自駕車很大機率會比人為駕駛安全，因為他忽略了自駕車的設計初衷,"限定(Qualify)：批評部分成立，但我的核心立場不變，只是需加上特定條件或在特定情形下成立。The objection is partly valid, but my core position remains the same. It only holds under certain conditions or in certain cases.",批評部分成立但我的立場在倫理上依舊成立，因為用路人承擔的風險應該有人可以擔保,我認為自駕車必然是未來趨勢，並且在理論來講，危害應該會變的更低，但是在傷害定罪上來講，若個人要去抵抗公司，我認為還是困難重重，反而讓一般用路人若遇到事故時無法伸張,無
2026/04/28 17:32:26,"一般用路人風險保護優先 (Road User Protection First)：自駕車的研發與測試風險，不應主要由行人、騎乘者與其他一般用路人承擔。The risks of developing and testing self-driving cars should not fall mainly on pedestrians, cyclists, and other road users.","P1
路人不是開車者，所以不能讓他們承擔責任

P2
我主張一般用路人風險保護優先，行人屬於一般用路人，他們的道路使用原安全應該受到保護

C
自駕車開發商與駕駛應該承擔為行車的各種風險負責",把一般用路人風險保護優先當成判斷自駕車能否部署的首要考量，看似合理，但它的根本問題是行人使用馬路的狀態，因為它忽略了行人不遵守交通規則，像是穿越馬路。,"限定(Qualify)：批評部分成立，但我的核心立場不變，只是需加上特定條件或在特定情形下成立。The objection is partly valid, but my core position remains the same. It only holds under certain conditions or in certain cases.",批評部分成立，但我的立場在大眾遵守交通規則條件下仍然能成立，因為大眾並沒有違反規定,製造商可能因自動駕駛的風險較高不願意販售自駕車,
2026/04/28 17:32:33,"一般用路人風險保護優先 (Road User Protection First)：自駕車的研發與測試風險，不應主要由行人、騎乘者與其他一般用路人承擔。The risks of developing and testing self-driving cars should not fall mainly on pedestrians, cyclists, and other road users.","P1(事實）
在 Uber 自駕車事故中，技術仍在測試階段，系統對突發情境辨識能力有限；但測試卻是在開放道路進行，使未同意參與實驗的一般用路人，實際承擔了研發風險。
P2（規範）
我主張「一般用路人風險保護優先」。核心價值是風險分配的正當性與基本安全權：不應將高不確定性的技術風險，給未同意、也無法選擇的一般大眾。
C（結論）
因此，在技術尚未達到足夠安全標準前，企業與監管機構不應將自駕車直接部署於開放道路測試；應改採封閉場域、模擬環境或強化安全機制後再逐步上路，而不是讓一般用路人有風險。",「把一般用路人風險保護優先當成判斷自駕車能否部署的首要考量，感覺合理，但它的問題是過度保守，可能阻礙技術進步與整體安全提升，因為它忽略了自駕車若能成熟，長期可能大幅降低交通事故與人為錯誤所造成的傷亡。」,"限定(Qualify)：批評部分成立，但我的核心立場不變，只是需加上特定條件或在特定情形下成立。The objection is partly valid, but my core position remains the same. It only holds under certain conditions or in certain cases.",批評部分成立，但我的立場在「風險需被嚴格控制且具可接受門檻」的條件下仍然成立，因為技術發展雖然重要，但不能以不對等且未經同意的方式分配風險，造成用路人危險。,"代價：
技術發展速度變慢
企業成本上升（測試更多安全機制）

補償：
建立清楚的測試路線與資訊公開
提供事故責任與保險保障機制","「可接受風險」的標準應該如何界定？

如果標準太嚴，技術難以發展；
但太寬鬆，又可能讓用路人承擔不合理的風險。"
2026/04/28 17:33:14,"一般用路人風險保護優先 (Road User Protection First)：自駕車的研發與測試風險，不應主要由行人、騎乘者與其他一般用路人承擔。The risks of developing and testing self-driving cars should not fall mainly on pedestrians, cyclists, and other road users.","P1:在uber案中，企業將未成熟的自駕系統部署於公共道路，使不知情且脆弱的一般用路人在未獲得利益的前提下，被迫承擔系統失靈的致命風險
P2:我主張一般用路人風險保險優先，核心價值是生命自主權，科技進步不能建立在犧牲弱者（未獲得騎車者）的安全之上，且企業不應將研發成本轉置給無辜的第三方
C:自駕車企業不應該在無法確保極高安全性的情況下，將風險外部化至公共道路，企業與政府應該優先保障用路人生命.",把一般用路人風險當成判斷自駕車能否部署的首要考量，看似合理，但它根本的問題是會設下過於嚴苛的測試門檻，從而大幅延遲或阻礙自駕車的技術發展，因為他忽略了未來成熟的自駕車反而會比一般用車人安全,"堅持(Defend)：批評不成立，我的立場完全不變，我能說明為什麼。The objection fails. My position does not change, and I can explain why.",批評不成立，因為我們不能將無辜且為表達同意的行人，當成未來科技利益的白老鼠或犧牲品,選擇保護一般用路人，付出的代價是延緩了自駕車技術（如電腦視覺感測與即時決策演算法）的發展與普及速度。這個代價由兩方承擔：一是自駕車企業與開發者，他們面臨更高的研發成本與更長的測試週期；二是整體社會，大眾必須在技術過渡期，繼續承受因人類駕駛疏失（如酒駕、疲勞）所造成的龐大交通傷亡。,要在『AI 技術的不可預測性』與『大眾對生命安全的絕對要求』之間，劃出一條客觀且社會都能接受的『安全及格線』，是我目前覺得最困難、也最不確定的地方。」
2026/04/28 17:33:14,"一般用路人風險保護優先 (Road User Protection First)：自駕車的研發與測試風險，不應主要由行人、騎乘者與其他一般用路人承擔。The risks of developing and testing self-driving cars should not fall mainly on pedestrians, cyclists, and other road users.",我選擇一般用路人風險保護優先，不能讓一般用路人白白犧牲，以P1來看他就是不要讓不成熟的東西去一直在實際道路上實驗，去以失敗經驗去累積成功機率，但這個失敗經驗要用人命去堆疊。p2該核心價值是不要讓不成熟的系統去取代現在已經的現行系統。p3應該要做的是就是要再多加實驗，至少要等到正常機率接近100%才能上路。,把自駕車以後可能會更安全，所以可以上路當成判斷自駕車能否部署的首要考量，看似合理，但它的根本問題是這樣很難去界定實驗室的成功機率接近100%，也不能夠確保他可以讓上路後能一樣，因為它忽略（或犧牲了）實戰演練的必要性。,"限定(Qualify)：批評部分成立，但我的核心立場不變，只是需加上特定條件或在特定情形下成立。The objection is partly valid, but my core position remains the same. It only holds under certain conditions or in certain cases.",批評部分成立，但我的立場在真實世界有限開放上路的條件下仍然能成立，因為不要大規模開放，以確保此自駕系統能夠慢慢上路成熟」,如果得要慢慢上路，這背後的代價可能就會是這個自駕系統不會有太大的利潤，因為要花的成本跟時間太多了。不會讓這個自駕系統有太大的可行性,無
2026/04/28 17:33:24,"一般用路人風險保護優先 (Road User Protection First)：自駕車的研發與測試風險，不應主要由行人、騎乘者與其他一般用路人承擔。The risks of developing and testing self-driving cars should not fall mainly on pedestrians, cyclists, and other road users.",我主張「一般用路人風險保護優先」，該原則的核心價值在於「分配正義 」，不能為了達成未來的集體利益，而將現階段無辜的用路人視為實驗的必要成本。 企業（如 Uber）不應在安全防護尚未達到極高標準前，將一般用路人暴露於未知的風險中，更不應為了縮短研發時程而降低安全。,把一般用路人風險保護優先當成判斷自駕車能否部署的首要考量，看似合理，但它的根本問題是它陷入了現狀偏差的問題，因為它忽略了（或犧牲了）那些在即便是人類駕駛的不公正交通環境中持續受害者的生命權。,"堅持(Defend)：批評不成立，我的立場完全不變，我能說明為什麼。The objection fails. My position does not change, and I can explain why.",批評不成立，因為批評者混淆了系統性風險與偶發性事故，且分配正義不應為了解決舊有的不正義（人類失誤）而引入新的不正義（強迫弱勢路人承擔測試風險）。,優先選擇「分配正義的代價，是自動駕駛技術應用到日常生活中的速度會被迫放緩，這個代價主要由開發企業以及渴望技術便利的民眾共同承擔，並且這也意味著我們在短期內，必須繼續忍受現有交通環境中因人為失誤導致的事故，但我認為這個代價是值得付出的。因為在技術尚未完善且責任分配未明前，盲目追求速度只會引發更大的社會反彈，等未來技術完善後，企業、使用者與一般用路人三方都能獲得巨大好處。,
2026/04/28 17:33:36,"一般用路人風險保護優先 (Road User Protection First)：自駕車的研發與測試風險，不應主要由行人、騎乘者與其他一般用路人承擔。The risks of developing and testing self-driving cars should not fall mainly on pedestrians, cyclists, and other road users.","P1（事實）
在 Uber 自駕車事故中，測試車輛在開放道路上運行，行人並未同意參與測試，卻承擔了系統尚未成熟的風險。同時，企業在研發過程中會以實際道路數據作為重要來源，這使不特定用路人被動成為實驗環境的一部分。

P2（規範）
我主張一般用路人風險保護優先。其核心價值是「風險分配的正當性」，也就是風險應由能控制與從中獲益的一方承擔，而非轉嫁給未同意且無法避免的他人。

C（結論）
因此，在自駕車尚未達到足夠安全標準前，企業與政府不應將測試主要放在一般公共道路上，而應限制於可控環境，或建立更嚴格的風險隔離與補償機制，以避免將風險外部化給無辜用路人。",把一般用路人風險保護優先當成判斷自駕車能否部署的首要考量，看似合理，但它的根本問題是過度限制技術在真實環境中的發展，因為它忽略了沒有實際道路測試就難以快速提升整體交通安全的可能性。,"限定(Qualify)：批評部分成立，但我的核心立場不變，只是需加上特定條件或在特定情形下成立。The objection is partly valid, but my core position remains the same. It only holds under certain conditions or in certain cases.",批評部分成立，但我的立場在「存在充分風險控管與補償機制」的條件下仍然能成立，因為即使需要真實道路測試，也不應讓風險無限制地由不知情的用路人承擔。,優先保護一般用路人，會減慢自駕車技術的發展速度，相關企業需投入更多成本於封閉測試場、模擬系統與安全機制。這些成本主要由企業與產業承擔，但也可能間接影響社會較晚享受到自駕車帶來的整體安全效益。這個代價在原則上是值得的，不過可以透過政府補助、標準化測試平台與保險制度來部分減緩。,即使採取此立場，我仍覺得完全避免一般用路人承擔風險幾乎不可能，因此如何界定「可接受的最低風險」仍讓我感到不確定。
2026/04/28 17:34:04,"一般用路人風險保護優先 (Road User Protection First)：自駕車的研發與測試風險，不應主要由行人、騎乘者與其他一般用路人承擔。The risks of developing and testing self-driving cars should not fall mainly on pedestrians, cyclists, and other road users.","在 Uber 自駕車事故中，車輛於公共道路進行測試時發生致命事故，受害者為未參與測試決策的一般用路人。這類測試具有高度不確定性和技術風險。
在倫理上，不應該將高風險活動的成本強加於無法選擇是否參與的人。
效益優先雖然重視長期整體利益，但如果是建立在犧牲無辜的個體上，就會違反基本的不傷害原則",把「一般用路人風險保護優先」當成判斷自駕車能否部署的首要考量，看似合理，但它的根本問題是過度強調風險避免，可能導致對新技術的過度保守與延遲部署，因為它忽略自駕車在長期上顯著降低整體交通事故與死亡人數的潛在效益。,"限定(Qualify)：批評部分成立，但我的核心立場不變，只是需加上特定條件或在特定情形下成立。The objection is partly valid, but my core position remains the same. It only holds under certain conditions or in certain cases.",批評部分成立，但我的立場在風險可被嚴格控制、不會對一般用路人造成不成比例風險的條件下仍然能成立，因為倫理上仍應優先避免將重大風險轉嫁給未經同意的第三方。,"可能延緩自駕車技術的發展與進步、延後整體交通安全提升的實現。由於限制自駕車在公共道路上的測試條件，企業在技術驗證與系統學習上的速度會變慢，這可能導致原本有機會更早降低交通事故與死亡人數的效益被延後實現。
主要由整體社會承擔，以及相關產業因技術發展受限而承擔經濟與競爭壓力。我認為是值得的，因為這個立場確保我們不會為了追求長期效益，而在當下對無辜個體造成不公平的風險與傷害。",
2026/04/28 17:34:06,"一般用路人風險保護優先 (Road User Protection First)：自駕車的研發與測試風險，不應主要由行人、騎乘者與其他一般用路人承擔。The risks of developing and testing self-driving cars should not fall mainly on pedestrians, cyclists, and other road users.","P1（事實）：Uber 自駕車沒有辨識出行人 導致致命車禍 表示系統安全防護還不夠好

P2（規範）：我主張一般用路人風險保護優先 
核心原則為路人不受傷害 企業不應將不成熟的技術的風險 轉嫁到無辜大眾 

C（結論）：在確保系統絕對安全前，車廠不應在缺乏嚴格配套防護的情況下 於一般道路測試自駕車 ",把一般用路人的風險當成判斷自駕車能否部署的首要考量，看似合理，但它的根本問題是會嚴重阻礙科技發展與技術的進步，因為它忽略了自駕車成熟後能大幅降低人為車禍、提升整體交通安全的長遠效益。,"限定(Qualify)：批評部分成立，但我的核心立場不變，只是需加上特定條件或在特定情形下成立。The objection is partly valid, but my core position remains the same. It only holds under certain conditions or in certain cases.",批評部分成立，但我的立場在要求政府與企業先建立安全的封閉測試配套條件下仍然能成立，因為不能為了加速科技發展，而將無辜用路人的生命當成實驗品。,"代價是什麼？
自駕車技術研發進度延緩，且測試與開發成本大幅增加。

誰會因此承擔？
研發企業、投資人，期待新技術的消費者

你認為這個代價值得付出，還是可以透過其他方式減緩代價或補償？
我認為代價值得付出，但可以透過政府設立專屬封閉測試特區來減緩企業成本壓力。",
2026/04/28 17:34:15,"一般用路人風險保護優先 (Road User Protection First)：自駕車的研發與測試風險，不應主要由行人、騎乘者與其他一般用路人承擔。The risks of developing and testing self-driving cars should not fall mainly on pedestrians, cyclists, and other road users.","P1 (事實)： 自駕技術在測試階段仍有判斷偏誤，而事故中的路人（非使用者）是在未經同意且無法規避的情況下，被動承擔了企業研發的技術風險。
​P2 (規範)： 主張「一般用路人風險保護優先」，核心價值是「分配正義」。我們不應為了追求長遠的集體利益（社會效益），而將無辜個體的生命安全當作達成技術進步的工具。
​C (結論)： 開發廠商不應在未確保極高防撞標準前將實驗車駛入一般道路；政府應優先保障非參與者的安全權利，而非僅追求技術發展速度。",把一般用路人風險保護當成判斷自駕車能否部署的首要考量，看似合理，但它的根本問題是過於保守而阻礙技術進步，因為它忽略（或犧牲了）未來透過自駕車大幅降低整體交通事故機率、拯救更多生命的可能性。,"限定(Qualify)：批評部分成立，但我的核心立場不變，只是需加上特定條件或在特定情形下成立。The objection is partly valid, but my core position remains the same. It only holds under certain conditions or in certain cases.",批評部分成立，但我的立場在企業願意承擔絕對課責與足夠賠償機制條件下仍然能成立，因為追求長遠的集體安全效益（效益優先）不能成為剝奪當下無辜個體生命權的唯一藉口，除非技術的風險已被控制在極小範圍且具備高度透明性。,這個選擇的代價是延緩了自駕技術的成熟與普及速度。承擔此代價的是未來可能因自駕技術而獲救的人（如減少酒駕或人為失誤的受害者）。為了減緩代價，政府與企業應在封閉測試場加速研發，並在進入一般道路前提供更透明的數據說明，以補償社會在技術進步速上所做的犧牲。,
2026/04/28 17:34:59,"一般用路人風險保護優先 (Road User Protection First)：自駕車的研發與測試風險，不應主要由行人、騎乘者與其他一般用路人承擔。The risks of developing and testing self-driving cars should not fall mainly on pedestrians, cyclists, and other road users.","P1 自駕系統仍處於測試階段，對複雜交通情境辨識能力有限，容易出錯。
P2 我主張應優先採取「一般用路人風險保護優先」原則，事故中顯示系統與安全駕駛之間的責任分工不清，不能因為技術要進步，就把風險丟給那些沒有選擇的人。
C 自駕車公司與監管機構不應在缺乏充分安全保障的情況下，將測試風險轉嫁給一般用路人。",把「一般用路人風險保護優先」當成判斷自駕車能否部署的首要考量，看似合理，但它的根本問題是可能過度保守，阻礙技術發展，因為它忽略了自駕車長期可能大幅降低交通事故、拯救更多生命的整體效益。,"限定(Qualify)：批評部分成立，但我的核心立場不變，只是需加上特定條件或在特定情形下成立。The objection is partly valid, but my core position remains the same. It only holds under certain conditions or in certain cases.",批評部分成立，但我的立場在「已達到一定安全門檻，且風險不再主要由一般用路人承擔」的條件下仍然能成立，因為在這種情況下，可以兼顧技術發展與風險分配的公平性。,"這個選擇的代價是技術發展速度可能變慢，企業需要投入更多成本在測試與安全，成本主要由企業與產業承擔，也可能間接影響消費者。
我認為這個代價是可以接受的，因為不應讓無辜用路人承擔生命風險。不過，可以透過政府補助、安全測試場域建設或分階段開放等方式，來減緩這些成本。",
2026/04/28 17:35:29,"一般用路人風險保護優先 (Road User Protection First)：自駕車的研發與測試風險，不應主要由行人、騎乘者與其他一般用路人承擔。The risks of developing and testing self-driving cars should not fall mainly on pedestrians, cyclists, and other road users.","P1（事實）
Uber 自駕車事故顯示，技術還不成熟就直接在一般道路測試，而行人與其他用路人沒有選擇是否承擔風險，卻可能被傷害。

P2（規範）
我主張優先保護一般用路人，核心價值是不要把風險轉嫁給沒有同意的人，尤其是像行人這種比較弱勢的一方。

C（結論）
因此，在技術還不成熟時，不應直接在開放道路測試；應該先在可控環境或有更嚴格安全機制下進行。",「把一般用路人風險保護當成首要考量，看似合理，但它的根本問題是會拖慢技術發展，因為它忽略了自駕車長期可能降低整體交通死亡的效益。」,"限定(Qualify)：批評部分成立，但我的核心立場不變，只是需加上特定條件或在特定情形下成立。The objection is partly valid, but my core position remains the same. It only holds under certain conditions or in certain cases.",批評部分成立，但我的立場在「技術尚未成熟」時仍成立，因為此時讓一般用路人承擔風險是不正當的；等安全性提升後可以逐步開放。,代價是技術發展變慢、社會較晚享受到自駕車的好處。這個代價可以透過封閉測試、分階段開放來減輕。,我最不確定的是：到底要多安全才可以上路？這個標準其實很難界定。
2026/04/28 17:35:36,"一般用路人風險保護優先 (Road User Protection First)：自駕車的研發與測試風險，不應主要由行人、騎乘者與其他一般用路人承擔。The risks of developing and testing self-driving cars should not fall mainly on pedestrians, cyclists, and other road users.",自駕車的測試與部署，會將風險外部化給不特定的大眾，而這些人並不是技術的直接受益者，也沒有參與風險決策的機會，所以我主張一般用路人風險保護優先原則，核心價值在於基本安全權的保障，因此，一般用路人不應被當作技術發展過程中的被動承擔者，而應被優先保護。,把一般用路人風險保護優先當成判斷自駕車能否部署的首要考量，看似合理，但它的根本問題是過度強調短期風險避免，而可能阻礙整體交通安全的長期提升，因為它忽略自駕車技術成熟後可能大幅降低事故率、挽救更多生命的潛在效益。,"堅持(Defend)：批評不成立，我的立場完全不變，我能說明為什麼。The objection fails. My position does not change, and I can explain why.",批評並不成立，我的立場仍然完全不變，因為當技術尚未成熟卻進入公共道路測試時，實際承擔風險的是無法選擇退出的一般用路人，將未來可能更安全作為理由，並不足以正當化當下對特定無辜個體施加非自願風險，這在倫理上是對個體基本權利的侵犯。,最直接的代價是自駕車技術的發展速度可能放緩，企業需要投入更多資源在封閉測試場、模擬環境與安全驗證上，導致研發成本提高，這些代價主要由企業與投資者承擔，然而，我認為這樣的代價是值得付出的，因為它避免了將風險不公平地轉嫁給無辜且無法選擇的一般用路人，維持了基本的倫理底線。,可接受風險的界線應該如何被客觀界定，雖然我主張應優先保護一般用路人，但現實中任何交通系統都不可能達到零風險，那麼自駕車需要安全到什麼程度，才算不再將不合理風險轉嫁給他人？
2026/04/28 17:35:38,"一般用路人風險保護優先 (Road User Protection First)：自駕車的研發與測試風險，不應主要由行人、騎乘者與其他一般用路人承擔。The risks of developing and testing self-driving cars should not fall mainly on pedestrians, cyclists, and other road users.","P1：在 Uber 自駕車事故中，系統判斷錯誤、煞車未啟動，加上駕駛未監控與公司持續測試，最終導致無辜行人死亡，這樣風險實際上由沒有參與決策的用路人承擔
P2：我選擇一般用路人風險保護優先，核心價值是不應將技術測試的風險轉嫁給未同意承擔風險的第三方
C：因此，在無法確保安全前，不應該將自駕車直接部署於公共道路，避免讓一般用路人承擔風險",一般用路人風險保護優先當成判斷自駕車能否部署的首要考量，看似合理，但它的根本問題是過度強調風險避免可能阻礙技術發展，因為它忽略了自駕車在長期可能大幅降低整體交通事故與死亡的潛在效益,"限定(Qualify)：批評部分成立，但我的核心立場不變，只是需加上特定條件或在特定情形下成立。The objection is partly valid, but my core position remains the same. It only holds under certain conditions or in certain cases.",批評部分成立，但我的立場在能確保風險不被不公平轉嫁給一般用路人且具備基本安全與監管機制的條件下仍然能成立，因為即使自駕車長期可能降低事故風險，也不應讓未同意承擔風險的用路人成為技術發展的代價,"選擇一般用路人風險保護優先的代價是可能延緩自駕車技術發展與普及，進而延後整體交通安全提升的時程
承擔這個代價的主要是科技公司（研發成本增加、測試受限）和整體社會（較晚享受到技術帶來的安全效益）
我認為這個代價是值得的，因為不應讓未同意承擔風險的一般用路人成為技術發展的代價，但同時我也認為被放棄的整體效益提升仍應被補償，例如透過模擬測試、封閉場域測試與更完善的監管制度，來降低對公共道路的依賴、加速安全發展",我最困惑的是如果自駕車未來能降低整體事故，是否可以接受讓少數人先承擔風險？一方面不應犧牲無辜用路人，但另一方面又可能延緩整體安全提升，讓我在個體安全和整體效益之間感到猶豫
2026/04/28 17:35:45,"一般用路人風險保護優先 (Road User Protection First)：自駕車的研發與測試風險，不應主要由行人、騎乘者與其他一般用路人承擔。The risks of developing and testing self-driving cars should not fall mainly on pedestrians, cyclists, and other road users.","P1（事實）：自動駕駛違規造成他人損傷應該由開發商進行賠償
P2（規範）：一般用路人風險保護優先，保護一般用路(走路)人，自動駕駛的風險不應該由他們承擔
C（結論）：開發商應該承擔責任，若旗下自動駕駛產品出問題應該負最大責任",把一般用路人風險保護優先當成判斷自駕車能否部署的首要考量，看似合理，但它的根本問題是這樣開發相關產品的公司的利益受到損害，因為它忽略用路(走路)人的不確定性，造成開發成本提升導致此市場受打擊。,"堅持(Defend)：批評不成立，我的立場完全不變，我能說明為什麼。The objection fails. My position does not change, and I can explain why.",批評不成立，因為安全為第一優先，若自動駕駛的責任歸咎沒有完善則不應該上路,對於公司不利 開發以及維護成本提升 賺錢難度提升,
2026/04/28 17:35:56,"效益優先 (Benefit First)：只要長期能顯著降低整體交通死傷，自駕車部署就可被接受。If self-driving cars can significantly reduce overall traffic injuries and deaths in the long run, their deployment can be justified.","P1:可以以防酒駕或者疲勞駕駛而發生的事故，自駕車也能校正開歪的現象。
P2: 我主張效益優先，核心價值在於降低整體交通死傷，使人在路上有保障以及減少死亡風險。
C:駕駛人應該要避免有酒駕或者疲勞駕駛的情形發生。",把效益優先當成判斷自駕車能否部署的首要考量，看似合理，但它的根本問題是安全，因為它忽略自駕車可能會有誤判的情況發生，雖然有減少事故發生，但在關鍵時刻發生故障或者判斷錯誤時，會釀成大禍。,"修正(Revise)：批評很可能成立，我的核心立場會有很大調整，即使整體方向不變。The objection is likely valid, so my core position needs major revision, even if its overall direction remains the same.",批評很可能成立，我需要調整安全問題，但整體方向仍是效益優先，因為整體方向還是會減少事故發生率，安全方面可能就要由廠商與客戶進行溝通與協調。,用路人的安全，路人會有所承擔，因為路人不確定自駕車什麼時候會失控，以及會有什麼嚴重事故，但是儘管如此，自駕車還是能夠減少很多風險，只要開車者能夠注意安全。,
2026/04/28 17:36:16,"一般用路人風險保護優先 (Road User Protection First)：自駕車的研發與測試風險，不應主要由行人、騎乘者與其他一般用路人承擔。The risks of developing and testing self-driving cars should not fall mainly on pedestrians, cyclists, and other road users.","P1 (事實)： 在 2018 年 Uber 亞利桑那州事故中，受害者是正在過馬路的行人。自駕系統因無法識別「推著腳踏車的行人」這一非典型對象而延遲制動，且 Uber 為了行車平穩而關閉了車輛原生的緊急煞車系統。在此類公共道路測試中，一般用路人（行人、騎士）並未簽署實驗同意書，卻被迫暴露在未成熟技術的風險下。
P2 (規範)： 我主張「一般用路人風險保護」優先。此立場的核心價值是 「分配正義 (Distributive Justice)」 與 「脆弱性保護 (Protection of the Vulnerable)」。企業研發新技術的商業利益，不應建立在未經授權的第三方安全損失之上；用路人是交通環境中最脆弱、且對該自駕決策最缺乏控制權的一方。
C (結論)： 根據 P1 和 P2，在此案例中，研發單位（Uber）不應該將公共道路當作未經充分封閉測試的試驗場。在無法保證對非參與者（用路人）提供最高等級安全保障前，不應部署此類技術，或應承擔嚴格的預防責任。",把 一般用路人風險保護 當成判斷自駕車能否部署的首要考量，看似合理，但它的根本問題是 極大地拖延了技術迭代與普及的時程，因為它忽略（或犧牲了） 長期而言自駕車能消除 94% 人為失誤事故、拯救更多潛在生命的「整體效益 (Total Benefit)」。,"限定(Qualify)：批評部分成立，但我的核心立場不變，只是需加上特定條件或在特定情形下成立。The objection is partly valid, but my core position remains the same. It only holds under certain conditions or in certain cases.",批評部分成立，但我的立場在 『公共道路測試階段』 條件下仍然能夠成立，因為 雖然延後部署可能有機會成本，但社會大眾對於新技術的信任是不可逆的。若為了追求未來的整體效益而犧牲現有非自願參與者的生命，將導致技術發展失去道德合法性，最終反而可能引發社會抵制。,技術成熟的速度變慢、研發成本大幅增加（需更多封閉場域測試），以及在達成「零風險」前，那些本可以被自駕車拯救的人（因人為駕駛失誤而傷亡的人）仍會持續出現。,我最感到猶豫的是 『安全標準的量化』。如果我們堅持保護用路人，究竟自駕車要比人類駕駛『安全多少倍』才算及格？是只要比平均人類好一點點（這能救更多人），還是必須達到近乎完美的零失誤（這能保護用路人主體性）？這個在『數學上的效益』與『道德上的義務』之間的拉鋸，仍讓我感到困惑。
2026/04/28 17:36:30,"責任追溯與課責優先 (Accountability First)：若事故發生後無法清楚追溯責任、說明決策依據並進行有效課責，則不應部署。If, after an accident, responsibility cannot be clearly traced, the basis of the decision cannot be explained, and effective accountability cannot be imposed, then deployment should not be allowed.","自駕車的設計導致責任無法明確區分問題（P1）

對此我主張責任追溯與課責優先應作為首要考量，其核心價值在於維護社會契約中的人格尊嚴與程序正義，我認為唯有確保每一項致死決策都能被還原並對應到具體的責任主體，才能保障全體用路人權益，並在事故發生後提供受害者實質的公正補償（P2）；因此研發企業與政府監管機構需建立具有透明度的法律責任分擔框架前，才能批准這類自駕車部署於公共空間（C）",把「責任追溯與課責」當成判斷自駕車能否部署的首要考量，看似合理，但它的根本問題是陷入了「程序正義高於生命保障」的倫理陷阱，因為它忽略了延遲技術部署所產生的巨大機會成本與人命代價。如果自動駕駛技術在統計上已經能顯著降低人為駕駛造成的傷亡率，卻因為法律框架尚未能完美釐清課責細節而被迫禁止上路，將會放任更多人死於已知風險更高的人為疏失,"放棄(Concede)：批評成立，我改變立場了。The objection is valid, and I change my position.",批評部分成立，但我的立場在採行「動態風險管理與階段性試辦」的配套前提下仍然能成立，因為透過在特定場域逐步擴大測試規模，針對試辦過程中的個案精煉決策回溯與責任歸屬機制，確保在邁向全面自動化的過渡期中能找到平衡,這個選擇的代價是為了程序的嚴謹而延緩救命技術的普及，這部分的生命成本由一般用路人承擔。但我認為這對建立長遠社會信任是必要的，並可透過強制保險與無過失補償來抵銷個案的實質負擔,
2026/04/28 17:38:09,"一般用路人風險保護優先 (Road User Protection First)：自駕車的研發與測試風險，不應主要由行人、騎乘者與其他一般用路人承擔。The risks of developing and testing self-driving cars should not fall mainly on pedestrians, cyclists, and other road users.",我主張一般用路人風險保護優先，人駕固然危險，但是智駕的更難於分劃責任，雖然人工智能的發展很重要，但也不能拿無辜的用路人來測試他的安全性。人們不應該把自己和別人的生命全權交給智駕，應該要雙手放在方向盤上，智駕只發揮輔助的功能，而不是主要駕駛。,把能輕鬆的上路當成判斷自駕車能否部署的首要考量，看似合理，但它的根本問題是雖然開車輕鬆了，但是因為開車人的輕鬆，用路人可能要承擔更大的風險，因為它忽略（或犧牲了）安全性。,"堅持(Defend)：批評不成立，我的立場完全不變，我能說明為什麼。The objection fails. My position does not change, and I can explain why.",有些人說用智駕就不用怕會疲勞駕駛，但疲勞駕駛的解決之道應該是停車休息，而不是使用智駕讓其他人承擔風險。,可能駕駛會比較累一點，但是在十幾二十年前大家也是這樣開車的，專注力不足就不要上路開車，如果大家都使用智駕的話考駕照有什麼用,為什麼到現在還是有很多人覺得智駕是百分百安全的，我自己開車一年了連輔助駕駛都不太敢信任，但他們卻能坐在駕駛座，目不轉睛的滑手機。
2026/04/28 17:38:31,"一般用路人風險保護優先 (Road User Protection First)：自駕車的研發與測試風險，不應主要由行人、騎乘者與其他一般用路人承擔。The risks of developing and testing self-driving cars should not fall mainly on pedestrians, cyclists, and other road users.","P1
在 Uber 自駕車事故中，系統仍處於測試與不穩定階段，但測試是在開放公共道路進行。受害的行人並未同意參與實驗，卻承擔了技術尚未成熟所帶來的風險，顯示風險被外部化給無辜第三方。

P2
我主張「一般用路人風險保護優先」。其核心價值是風險分配正義與不將他人當作手段：一項技術的發展不應透過將風險轉嫁給未同意的他人來實現。即使自駕車可能帶來整體效益，也不能以犧牲特定無辜個體作為代價，否則將違反基本的道德底線。

C
因此，在自駕車尚未達到高度安全與可控之前，企業與政府不應允許其在一般公共道路上進行高風險測試；應改於封閉或受控環境中驗證技術，並確保風險主要由開發者與參與者承擔，而非轉嫁給一般用路人。",把「一般用路人風險保護優先」當成判斷自駕車能否部署的首要考量，看似合理，但它的根本問題是過度要求零風險，進而阻礙技術在真實情境中的發展與驗證，因為它忽略（或犧牲了）長期整體公共安全的提升，以及透過實際部署才能累積的關鍵安全數據與改進機會。,"限定(Qualify)：批評部分成立，但我的核心立場不變，只是需加上特定條件或在特定情形下成立。The objection is partly valid, but my core position remains the same. It only holds under certain conditions or in certain cases.",批評部分成立，但我的立場在「公共道路測試風險已被嚴格控制、透明揭露，且不由無辜用路人單方面承擔」的條件下仍然能成立，因為即使需要真實世界數據來提升整體安全，也不能以未經同意的第三方承擔不成比例的風險為代價。,"優先採取「一般用路人風險保護優先」的代價，是可能延緩自駕車技術在真實情境中的發展與部署，進而犧牲原本可能更早實現的整體交通安全提升與社會效益。這個代價主要由企業（承擔更高研發成本與時間壓力）、政府（面臨政策推動與創新競爭壓力），以及整體社會（較晚享受到潛在安全與便利）來承擔。

我認為這個代價在原則上是值得付出的，因為避免將高風險轉嫁給未同意的一般用路人，是更基礎且不可被輕易犧牲的倫理底線。然而，這個代價並非只能全然承擔，也可以透過制度設計來減緩，例如：在受控區域進行分階段測試、提高透明度與即時監管、建立補償機制與風險保險制度，讓技術發展與風險保護之間取得更合理的平衡。

即便如此，我仍承認自己在這個立場中放棄了「加速整體公共安全與科技進步」這一價值的優先性，這點仍讓我感到不安。因此，我認為應對此進行補償，例如：要求技術開發者公開安全數據、接受外部審查，並在確保不將風險不當外部化的前提下，逐步擴大測試範圍，以兼顧正義與效率。",
2026/04/28 17:39:24,"責任追溯與課責優先 (Accountability First)：若事故發生後無法清楚追溯責任、說明決策依據並進行有效課責，則不應部署。If, after an accident, responsibility cannot be clearly traced, the basis of the decision cannot be explained, and effective accountability cannot be imposed, then deployment should not be allowed.","P1：在 Uber 自駕車事故中，AI 系統的複雜性（如物件分類演算法的延遲、煞車機制的設定）與人類安全駕駛員的行為產生了複雜的交互作用。這導致事故發生後，極難單憑直觀事實釐清肇因，往往需要高度專業的系統日誌證據與專家證言，才能還原 AI 的決策過程。

P2：我主張「責任追溯與課責優先」。該原則的核心價值在於「正義的實踐與社會信任」。法律與倫理體系的運作仰賴於能夠釐清過失並追究責任，藉此嚇阻輕忽並填補損害。當 AI 系統的「黑盒子」特性與複雜度使得證據難以取得，甚至讓法官與陪審團無法理解時，就會產生課責真空。若無法究責，公眾對道路安全的信任將徹底瓦解。

C：根據 P1 和 P2，在這類自駕車案例中，自駕車開發商與營運商（如 Uber）不應該在缺乏透明且可被專家解讀的證據機制下，貿然於公共道路部署自駕車；他們應該在測試前，就建立好完善的系統決策紀錄標準，確保一旦發生事故，能提供法庭與大眾可理解的究責依據。",把責任追溯與課責優先當成判斷自駕車能否部署的首要考量，看似合理，但它的根本問題是會嚴重阻礙甚至扼殺自駕技術的發展與普及，因為它忽略（或犧牲了）自駕車長期能大幅降低整體交通事故死傷、解決人為疲勞與酒駕問題的潛在龐大社會效益。,"限定(Qualify)：批評部分成立，但我的核心立場不變，只是需加上特定條件或在特定情形下成立。The objection is partly valid, but my core position remains the same. It only holds under certain conditions or in certain cases.",批評部分成立，但我的核心立場在「區分『絕對完美的技術透明』與『具備合理的說明義務』」這項條件下仍然能成立，因為我們不應要求 AI 系統必須達到百分之百無懈可擊才能上路，但開發商有義務建立一套能讓專家證人介入解讀、且法庭能獲取關鍵證據的機制。若缺乏此基本的證據可及性配套，純粹追求未來的潛在效益，並不足以抵銷當下受害者求償無門與法律制度崩盤的風險。,"代價與承擔者：堅持「課責優先」的代價是「技術部署的延遲」以及「研發與合規成本的大幅增加」。這個代價首先會由自駕車開發商承擔（面臨更高的訴訟準備與系統透明化成本）；同時，一般社會大眾也會承擔此代價，因為我們將無法提早享受到自駕車全面普及後，可能帶來的交通安全紅利與便利性。
代價是否值得與減緩方式：我認為這個代價是值得付出的，因為缺乏課責機制的技術不僅違背正義，最終也會因大眾的反撲而失敗。但這個代價可以透過制度創新來減緩：例如，政府可設立「專門的 AI 交通事故鑑定委員會」，並制定「標準化的系統日誌記錄規範」。讓專家有統一的標準來解讀證據，既能滿足法庭的課責需求，又不會因為無止盡的法律訴訟而無限期拖延技術的推進。",在 Uber 案例中，AI 系統設計可能存在瑕疵（偵測到卻未煞車），而人類駕駛也確實分心。當系統複雜性高到連專家都很難精確切分「機器設計錯誤的比例」與「人類操作疏失的比例」時，我們現有的法律框架似乎顯得捉襟見肘。我們是否需要為 AI 時代創造一種全新的、有別於傳統刑法或侵權行為法的責任歸屬與保險補償框架？這是最令我猶豫與深思的地方。
2026/04/28 17:39:28,"責任追溯與課責優先 (Accountability First)：若事故發生後無法清楚追溯責任、說明決策依據並進行有效課責，則不應部署。If, after an accident, responsibility cannot be clearly traced, the basis of the decision cannot be explained, and effective accountability cannot be imposed, then deployment should not be allowed.","P1（事實）：在 Uber 自駕車撞死 Elaine Herzberg 的案件中，事後其實很難釐清到底是誰該負責。車上的安全駕駛在事發當下在看手機、Uber 公司關閉了 Volvo 原本的自動煞車系統、AI 系統把行人誤判成「其他物體」並切換分類，這些因素全部混在一起。最後檢方認為公司沒有刑責，只起訴了那位安全駕駛，這代表一個明明牽涉到企業決策、工程設計、AI 判斷的系統性事故，最後責任卻被推給最末端的個人。
P2（規範）：我主張應該以「可課責性優先」。這個原則的核心價值在於——當一個技術系統會直接影響到別人的生命安全時，社會必須要有辦法去追問「誰做了什麼決定、為什麼這樣決定、出事了誰要負責」。如果連這個都做不到，那受害者跟整個社會就等於是被迫接受一個沒人需要負責的風險，這在道德上是說不過去的。課責不只是事後懲罰而已，它其實是讓開發方在事前就會謹慎、願意公開決策依據的關鍵機制。
C（結論）：所以在這類自駕車案例中，Uber 這種公司在還沒辦法清楚說明 AI 決策邏輯、也還沒有制度可以追溯企業層級責任之前，不應該把測試車開上一般道路。監管機關也不應該在課責機制都還沒建立好的情況下，就核准這種測試。安全駕駛當然有他的疏失，但不能讓他一個人去扛整個系統的失敗",把「可課責性」當成判斷自駕車能否部署的首要考量，看似合理，但它的根本問題是——它可能會讓技術發展直接停滯。因為現階段深度學習模型本來就有「黑箱」的特性，要做到完全可解釋、可追溯，技術上根本還做不到。如果堅持沒有完整課責機制就不能部署，那等於是要等到一個可能十年都達不到的標準才能上路，而在這段期間，每年全世界因為人為駕駛死亡的人數高達一百多萬，這些本來可以被自駕車技術救下來的生命，就因為我們堅持完美的課責制度而被犧牲掉。它忽略了「不部署」本身也是一種選擇，而且這個選擇也是有代價的，只是這個代價比較不容易被看見而已,"限定(Qualify)：批評部分成立，但我的核心立場不變，只是需加上特定條件或在特定情形下成立。The objection is partly valid, but my core position remains the same. It only holds under certain conditions or in certain cases.",批評部分成立，但我的立場在「課責機制不需要做到百分之百完美、但必須達到一個基本門檻」的條件下仍然能成立。因為我同意完全的可解釋性現階段做不到，這點批評說得對。但是「做不到完美」不等於「什麼都不用做」，至少幾個底線應該要有：企業層級要能被追究責任而不是只懲罰末端員工、事故資料要強制公開讓第三方可以稽核、AI 決策過程要有黑盒子紀錄。這些都是現有技術可以做到的。如果連這些基本的都拒絕做，那就不是技術限制的問題了，是公司不想負責而已。所以我的核心立場——「沒有基本課責就不該部署」——還是成立的，只是不必把標準訂到不切實際的高度,"選擇課責優先的代價，主要是技術發展的速度會被拖慢，還有自駕車原本可能帶來的整體交通安全提升會被延後實現。承擔這個代價的人，其實有兩群——一個是車廠跟科技公司，他們的研發成本會增加、上市時間會延後；另一個比較容易被忽略的，是那些「未來本來可以被自駕車救下來」的車禍受害者，他們因為部署延後而失去了被救的機會。
我覺得這個代價值得付出，但不是無條件的。可以用一些方式去減緩，比如說：在封閉場域或特定路線先做大規模測試、政府提供誘因鼓勵公司公開事故數據、建立產業共同的安全資料庫讓大家不用各自重複犯錯。這樣可以同時保住課責的底線，又不會讓技術完全停下來",老實說最讓我猶豫的是——我其實沒辦法很有信心地回答「課責機制要做到什麼程度才算夠」這個問題。如果標準訂太低，那其實跟沒有差不多，公司還是可以鑽漏洞；訂太高又真的會卡死整個產業。而且我也會想，當我說「為了課責寧願延後部署」的時候，我講得很輕鬆，可是真正在等這個技術的，可能是那些被酒駕撞到的家庭、或是因為人類駕駛疲勞肇事失去親人的人。我自己沒有承擔那個成本，卻在替他們做選擇，這件事讓我有點不安。另外就是——課責這件事到底應該由誰來定義？是政府、產業、還是受害者？目前我也還沒想清楚
2026/04/28 17:39:41,"責任追溯與課責優先 (Accountability First)：若事故發生後無法清楚追溯責任、說明決策依據並進行有效課責，則不應部署。If, after an accident, responsibility cannot be clearly traced, the basis of the decision cannot be explained, and effective accountability cannot be imposed, then deployment should not be allowed.",在uber案件中，路人被撞死後並沒有一個人或者是一個公司可以付完整的責任，那當假設今天社會上一再的發生相同案件時，被害者的權益該如何保護，此外一般民眾也會對自駕車感到恐慌。我選擇的是責任追朔課則優先，他的核心價值是在保護一般大眾，在發生事故後能擁有妥善的善後。另外，也因為事後能夠規則，相關公司或是司機也才會更小心，避免意外的發生。因此在這類自駕車的案例，立法者應儘速考量可能發生的結果，為此制定出相對應的法規。,把責任追朔與課則優先當成自家車能否部署的首要考量，看似合理，但他根本問題在於他過度著重在事後發生事故該如何解決，因為他忽略了該如何在事前能夠有效減低事故發生率，而不是只想辦法去解決事後的問題。,"堅持(Defend)：批評不成立，我的立場完全不變，我能說明為什麼。The objection fails. My position does not change, and I can explain why.",批評不成立，因為雖然該責任看似只在著重事後規則的處理，但正因為有這個規則，才會使開發者以及駕駛知道若發生意外可能會面臨法律制裁，因此才會更小心去去設計系統。,我的選擇可能會犧牲開發公司的權利，因為在一項新科技出現時，肯定多少都會有意外的發生，那若是將責任都歸咎於公司，公司就必須承擔法律責任與金錢賠償，若是金額若是懲罰過大，將會導致公司放棄這項制度的開發，影響一般大眾享受這個新興科技的機會。,在我的想法中，是需要有人來承擔發生意外的風險，那這個規則到底該如何去制定？
2026/04/28 17:39:52,"效益優先 (Benefit First)：只要長期能顯著降低整體交通死傷，自駕車部署就可被接受。If self-driving cars can significantly reduce overall traffic injuries and deaths in the long run, their deployment can be justified.",若與部署前的肇事比例相比，設置自駕車能有效降低事故比例，即此策略確實做到了降低事故比例，那麼就應該要被採用。假若發生因系統判失誤而造成的事故，那應該由自駕車廠商作為主要的責任承擔方。,自駕車上路確實達成了降低事故比例的效果，但這並不能作為因設計失誤而犧牲無辜路人權益的理由。,"限定(Qualify)：批評部分成立，但我的核心立場不變，只是需加上特定條件或在特定情形下成立。The objection is partly valid, but my core position remains the same. It only holds under certain conditions or in certain cases.",能有效的降低事故率已經達成政策的目的，因此立場不改變。若遇到極端情況（如豪雨、暴雪），導致傳感裝置難以發揮原先作用，自駕車應具備判斷的能力，並經駕駛人同意後改為人工操作模式，屆時責任歸屬在駕駛人身上。,若發生系統訓練素材以外的路況，導致自駕車判斷發生失誤，原先可以透過限制駕駛人必須時刻掌控狀況而避免的事故，將無法規避。,
2026/04/28 17:40:01,"一般用路人風險保護優先 (Road User Protection First)：自駕車的研發與測試風險，不應主要由行人、騎乘者與其他一般用路人承擔。The risks of developing and testing self-driving cars should not fall mainly on pedestrians, cyclists, and other road users.",P1:Uber 測試車撞死過馬路的行人，系統雖偵測到卻沒能及時煞車。研發階段的風險直接落在了沒有參與測試的無辜路人身上。P2:承擔企業為了開發系統所帶來的潛在危險。C根據 P1 和 P2，在自駕系統（尤其是行人辨識跟緊急煞車）確認達到極高穩定度前，不應該開放上一般道路測試，廠商必須在封閉場域做到好再說。,把一般用路人風險保護當成判斷自駕車能否部署的首要考量，看似合理，但它的根本問題是會嚴重拖慢自駕車的發展進度，因為它忽略（或犧牲）了未來技術成熟後，能大幅降低整體車禍死傷人數的長遠效益。,"限定(Qualify)：批評部分成立，但我的核心立場不變，只是需加上特定條件或在特定情形下成立。The objection is partly valid, but my core position remains the same. It only holds under certain conditions or in certain cases.",批評部分成立，但我的立場在「技術研發與初期測試階段」下仍然能成立，因為不能拿「未來可能會救很多人」當藉口，來合理化現在讓路人承擔測試風險的行為。等技術真的成熟且能證明比人類安全很多了，再來談整體效益。,這選擇的代價是自駕技術進步變慢，科技公司得花更多成本去蓋封閉測試場。這代價是值得的，總不能要一般路人用命幫企業 debug。即便我選了這個立場，放棄了「最快達成交通安全最大化」的效益，我還是覺得政府需要有明確的補償或說明機制，嚴格把關自駕車的路權跟保險理賠。,到底要多「安全」才能上路？要求 100% 零事故不可能，但如果只要求「比人類駕駛好一點」，那萬一真的撞死人，這種「被演算法決定」的傷亡，道德上跟責任上還是很難讓人接受
2026/04/28 17:40:15,"一般用路人風險保護優先 (Road User Protection First)：自駕車的研發與測試風險，不應主要由行人、騎乘者與其他一般用路人承擔。The risks of developing and testing self-driving cars should not fall mainly on pedestrians, cyclists, and other road users.",說真的 Uber 那個撞死人的案子看幾次都覺得很扯。事實上這案子就是他們把還沒寫好、還在測試的系統直接丟到一般大馬路上，然後一個牽腳踏車過馬路的路人就這樣沒了。這根本就是把整個城市當成免費的白老鼠實驗室。我覺得核心的底線應該是，你科技公司要賺錢要搞創新，背後的風險成本怎麼想都不該是由我們這些只是出門買個便當的無辜路人來承擔吧。所以結論很明顯，在這種自駕車還沒辦法證明它不會拿無辜路人當測試品之前，根本就不該准許他們上路亂跑。,把 保護一般用路人絕對安全 當成判斷自駕車能否部署的首要考量，看似合理，但根本問題是 這會無限期拖延自駕技術的發展，因為它忽略了 現在每天其實有更多人死於人類酒駕或疲勞駕駛，拖慢技術其實也是在變向殺人。 ,"限定(Qualify)：批評部分成立，但我的核心立場不變，只是需加上特定條件或在特定情形下成立。The objection is partly valid, but my core position remains the same. It only holds under certain conditions or in certain cases.",批評部分成立，但我的立場在「自駕車還處於早期摸索、事故責任無法完全釐清」的條件下仍然能成立。因為你不能為了一個「未來可能會救更多人」的想像，就理所當然地覺得現在犧牲幾個路人是可以接受的陣痛期，這對現在活著被撞的人來說太不公平了。,堅持這個立場的代價，大概就是我們會很晚才能享受到真正全自動駕駛的便利，而且這段被拉長的時間裡，可能還是會有一堆人因為傳統車禍死掉。這個代價當然是由整個社會去承擔。但我覺得這還是值得付出的。畢竟被人類違規撞死，跟被一個連是誰寫錯程式都不知道的機器撞死，那種相對剝奪感完全不一樣。或許可以要求車廠先去無人區或是封閉賽道多跑個幾百萬公里，確認沒問題再放出來，多少能減緩這種進度落後的代價。,其實最讓我猶豫的是，如果有一天我自己花錢買了自駕車，我坐在車上，遇到那種只能二選一的死亡車禍瞬間，我是不是會自私地希望車子優先保護車內的我，而不是外面的路人？現在說要保護路人很容易，是因為我代入的是路人的視角。這種牽涉到自己命的倫理問題，要是真的發生在自己身上，根本沒有標準答案，想多了真的挺無解的。
2026/04/28 17:40:29,"一般用路人風險保護優先 (Road User Protection First)：自駕車的研發與測試風險，不應主要由行人、騎乘者與其他一般用路人承擔。The risks of developing and testing self-driving cars should not fall mainly on pedestrians, cyclists, and other road users.","P1（Fact）
在 Uber 自駕車事故中，因系統未能正確辨識行人導致死亡。當時技術尚未成熟，卻已在公共道路測試，使一般用路人被動承擔風險，且無法選擇是否參與。

P2（Normative）
我主張「一般用路人風險保護優先」，其核心價值為「個人自主權」與「無害原則」。行人未同意承擔風險，不應被納入測試。同時，在可預見風險下仍可能造成傷害，違反避免傷害他人的基本倫理。此價值應優先於效率與市場利益，因為它是技術發展的基本前提。

C（Conclusion）
因此，企業與政府應先在安全可控環境完成測試，再開放上路。不應為了加速上市而將風險轉嫁給無辜用路人。","把「一般用路人風險保護優先」當成判斷自駕車能否部署的首要考量，看似合理，但它的根本問題是過度強調零風險與個體保護，因為它忽略了技術發展所能帶來的整體安全提升與長期公共利益。
若在技術尚未達到絕對安全前就完全禁止公共道路測試，將使自駕車難以在真實環境中學習與優化，反而延遲其成熟，進而延後減少交通事故的可能性。
因此，此原則可能在短期內保護了部分個體，卻在長期上犧牲了更多人的安全與社會整體利益。","限定(Qualify)：批評部分成立，但我的核心立場不變，只是需加上特定條件或在特定情形下成立。The objection is partly valid, but my core position remains the same. It only holds under certain conditions or in certain cases.","批評部分成立，但在「風險可控且有有效監管機制」的條件下，我的立場仍成立，因為「一般用路人風險保護優先」並不是否定技術發展，而是反對在風險未被管理時將責任轉嫁給未同意的第三方。
反方所說「限制過度會延遲技術成熟」確實合理，但只針對「全面禁止」的版本，並不否定「受控測試」的做法。
因此，我只需調整「是否允許公共道路測試的絕對性」，但核心仍是優先保障用路人安全。",選擇「一般用路人風險保護優先」的代價，是自駕車技術在早期可能無法快速透過真實道路數據迭代，進而延緩整體發展與成熟。這個代價主要由研發企業與社會大眾共同承擔，例如 Uber 類型的企業需要投入更高成本與更長測試時間，而社會則可能較晚享受到交通安全提升的長期效益。這個代價是可以接受的，但應透過封閉測試、模擬系統與分階段監管來降低，而不是直接讓無法選擇的行人承擔風險。,在此選擇下，相對被壓縮的是技術創新效率與市場推進速度，這部分仍值得重視，因為它關係到長期公共利益，因此應透過制度設計補償，而非忽略。另一方面，目前最讓人猶豫的是「安全標準應該設定在哪個門檻才算足夠」，也就是如何界定何時可以從封閉測試進入公共道路，這個界線仍存在高度不確定性與倫理爭議。
2026/04/28 17:40:42,"效益優先 (Benefit First)：只要長期能顯著降低整體交通死傷，自駕車部署就可被接受。If self-driving cars can significantly reduce overall traffic injuries and deaths in the long run, their deployment can be justified.","P1:全球每年因人為疏失（如疲勞、分心或酒駕）造成的車禍死傷人數極為龐大
P2:我主張效益優先應為首要考量，核心價值:犧牲少數人短期內可能承受的風險，換取未來無數人的生命安全
C:開發商應持續投入技術驗證以提升安全性並公開透明數據",把效益優先當成判斷自駕車能否部署的首要考量，看似合理，但它的根本問題是將生命數據化與，因為它犧牲了一個人的安全地位,"堅持(Defend)：批評不成立，我的立場完全不變，我能說明為什麼。The objection fails. My position does not change, and I can explain why.",批評不成立，因為效益優先在自駕車領域並非將人視為工具，而是基於不作為的負擔所做出的理性權衡,我放棄了個體自主權與責任歸屬的價值，這讓無辜受害者面臨權利被犧牲的感覺,感到困惑點：當我們將效益優先轉化為演算法決策時，該如何定義何謂可接受的風險門檻
2026/04/28 17:40:44,"一般用路人風險保護優先 (Road User Protection First)：自駕車的研發與測試風險，不應主要由行人、騎乘者與其他一般用路人承擔。The risks of developing and testing self-driving cars should not fall mainly on pedestrians, cyclists, and other road users.","P1（事實）：
在 Uber 自駕車案例中，技術尚處於研發測試階段，且行人與單車族等用路人並非技術開發的獲益者，亦未對參與實驗達成知情同意，卻在公共空間承擔了系統故障導致的致命風險。
P2（規範）：
應優先保障「不應將他人視為達成技術進步的手段」。核心價值在於負擔分配的正義（Distributive Justice）與脆弱者保護。企業的創新獲利與技術風險，不應轉嫁給無辜且無從選擇的第三方用路人。
C（結論）：
因此，在自駕車技術未成熟前，不應在缺乏足夠防護措施的情況下於公共道路部署。研發單位應負起完全的避險責任，確保大眾的基本生命安全權利優於技術發展的效率或利益。",把一般用路人風險保護當成判斷自駕車能否部署的首要考量，看似合理，但它的根本問題是過於保守且可能導致技術發展的停滯，因為它忽略自駕車技術成熟後，長期下來能挽救的更大量的交通傷亡總數與社會整體效益。,"限定(Qualify)：批評部分成立，但我的核心立場不變，只是需加上特定條件或在特定情形下成立。The objection is partly valid, but my core position remains the same. It only holds under certain conditions or in certain cases.",雖然技術進步能帶來長遠利益，但我們不能以此為理由，在未經同意的情況下將公共道路上的無辜第三方當作技術測試的『實驗品』。只要能透過更密集的模擬驗證來降低實體道路測試的依賴，並在發生意外時提供絕對的法律與經濟補償，保護弱勢用路人的原則與技術發展便能共存。,自駕技術研發的週期會拉長，企業需投入更高的安全成本，且延後了「自駕車普及後能大幅降低整體交通事故」這一長期利益的實現。,我最困惑的是安全標準的量化。雖然我主張優先保護路人，但如果統計數據顯示自駕系統即便不完美，其致死率仍已低於人類駕駛時，我們是否還要堅持嚴苛的保護原則而拒絕其上路？在犧牲少數無辜者以換取整體更高安全性的電車問題中，那條道德底線究竟該劃在哪裡，是我最感掙扎的地方。
2026/04/28 17:41:01,"一般用路人風險保護優先 (Road User Protection First)：自駕車的研發與測試風險，不應主要由行人、騎乘者與其他一般用路人承擔。The risks of developing and testing self-driving cars should not fall mainly on pedestrians, cyclists, and other road users.","P1:自駕車還在實驗階段，然後在一些案例中因為其系統沒有辨識到路人倒置死亡事故
P2: 我主張一般用路人風險保護優先，研發新技術帶來的風險不應該強加在無辜的路人身上
C:研發公司應該要承擔很大的責任，如果技術尚未成熟就不要隨便上路測試",把一般用路人保護當成判斷自駕車能否部署的首要考量看起來很合理，但過於保守可能會阻礙這項科技為社會帶來益處。,"限定(Qualify)：批評部分成立，但我的核心立場不變，只是需加上特定條件或在特定情形下成立。The objection is partly valid, but my core position remains the same. It only holds under certain conditions or in certain cases.",批評部分成立，但我的立場在研發測試階段與商用成熟階段應有所區別。因為雖然自駕車未來可能救更多人，但在系統尚未成熟的研發期，路人等同於直接參加了根本不同意的實驗，支持他的發展但不能把現有的公共安全當作墊腳石。,優先保護路人，代價就是科技發展的速度會變慢。這可能導致自駕車普及的時間延後好幾年，但我認為這個代價值得，因為社會正義不應該建立在可能是隨機傷害無辜人士的基礎上；我們可以透過加強模擬技術來減緩，但不能直接無視路人的權利。,
2026/04/28 17:41:03,"一般用路人風險保護優先 (Road User Protection First)：自駕車的研發與測試風險，不應主要由行人、騎乘者與其他一般用路人承擔。The risks of developing and testing self-driving cars should not fall mainly on pedestrians, cyclists, and other road users.","P1:案例中，自駕系統在偵測到行人後，發現硬體功能正常，而是軟體設定混亂，導致判斷衝突，同時，Uber 禁用了車輛原有的自動緊急煞車系統，並過度依賴安全駕駛員的注意力，而且，受害者當時只是在推自行車橫穿馬路，也未參與這項技術的研發，根本不知道自己正在參與一場危險的科技測試，最後卻平白無故地丟了性命。

P2:我主張「一般用路人風險保護優先」，這個原則的核心價值就是「應該讓獲益者負責任」，今天 Uber 研發自駕車是為了以後可以賺錢、讓公司更有競爭力，而我們作為路人，卻要承擔風險，如果不經過路人同意，就為了研發技術、以後可能會更安全這種藉口，這在道理上是完全講不通的，我們不能為了讓未來的科技變好就覺得現在犧牲一兩個人是對的。

C:根據上面的想法，我覺得像 Uber 這樣的研發公司，在還沒辦法保證自駕車跟人類開車一樣安全之前，絕對不准在公共道路上隨便測試，政府也應該硬起來，規定公司如果要在馬路上跑，必須先拿出證據證明他們的車子絕對能看見路人並主動煞車，公司的進步不能建立在傷害無辜路人的風險上。",把一般用路人風險保護優先當成判斷自駕車能否部署的首要考量，看似合理，但它的根本問題是會陷入「實驗環境無法比擬現實」而造成推遲新科技研發的狀況，因為它忽略了現有的交通本身就危險且其實不完美。,"堅持(Defend)：批評不成立，我的立場完全不變，我能說明為什麼。The objection fails. My position does not change, and I can explain why.",批評不成立，因為為了救更多人而犧牲少數人的說法是站不住腳的，雖然有人批評說這樣會延後自駕車救人的時機，但這不能成為讓無辜路人承擔非法風險的藉口，只有在確保不傷害無辜路人的前提下，這項技術的部署才具有真正的道德價值。如果一項技術必須靠「犧牲路人」才能換取進步，那這種進步本身就是有問題的。,"代價：
這個選擇的代價是自駕車普及的速度會變慢，大家可能要多等幾年、甚至十幾年才能享受到不用開車的便利，且政府和企業要花更多的錢在封閉場域做模擬測試。
承擔者:
想要享受科技便利的消費者、追求利潤的開發商。
值得與否:
我認為這個代價是值得付出的，因為比起快一點用到新科技，保護一個正在過馬路的人不被無緣無故撞死顯然重要得多，如果我們現在為了快，就容忍企業忽視人命，那以後科技發達了，企業只會更變本加厲地犧牲普通人的權益。",目前最讓我感到猶豫科技與權益的兩難，一邊是可能可以救到更多人的科技，一邊是人的安全，我們到底該如何將兩者都保持，還能穩定發展科技呢，在研發AI產生資安疑慮的現在這也是一個重要議題
2026/04/28 17:41:06,"一般用路人風險保護優先 (Road User Protection First)：自駕車的研發與測試風險，不應主要由行人、騎乘者與其他一般用路人承擔。The risks of developing and testing self-driving cars should not fall mainly on pedestrians, cyclists, and other road users.","P1（事實）：Uber事故中，自駕車在公共道路測試，風險由未同意參與的一般用路人共同承擔。
P2（規範）：此原則的核心是：風險不應強加在無辜者身上。科技發展不應以犧牲未同意者為代價。
C（結論）：在安全未達標前，不應直接在公共道路部署自駕車，應先在可控環境測試。",將一般用路人的風險保護當首要，看似合理，但問題是過於保守，延緩技術進步，忽略自駕車長期可降低整體死亡率。,"限定(Qualify)：批評部分成立，但我的核心立場不變，只是需加上特定條件或在特定情形下成立。The objection is partly valid, but my core position remains the same. It only holds under certain conditions or in certain cases.",批評部分成立，但在技術尚未成熟時仍應優先保護用路人。,技術發展變慢，由企業與社會承擔，但可透過模擬與封閉測試降低影響。,安全要達到多少才算可上路？
2026/04/28 17:41:31,"效益優先 (Benefit First)：只要長期能顯著降低整體交通死傷，自駕車部署就可被接受。If self-driving cars can significantly reduce overall traffic injuries and deaths in the long run, their deployment can be justified.","根據 **「效益優先」** 原則，由於超過九成的交通意外源於人為疏失（P1），因此應以 **「社會總體福利最大化」** 為核心價值，主張開發自動駕駛技術雖有短期風險，但能換取長期大幅降低傷亡的集體利益（P2），故監管機構應在確保技術持續進步的前提下，容許合理範圍內的實地測試，以加速實現更安全的交通未來（C）。
",「把『效益優先』當成判斷自駕車能否部署的首要考量，看似合理，但它的根本問題是將人命視為可計算的數據指標，因為它忽略了個體權利的不可侵犯性，並犧牲了那些非自願參與測試、卻必須在企業研發過程中承擔生命風險的無辜用路人之公平正義。」,"堅持(Defend)：批評不成立，我的立場完全不變，我能說明為什麼。The objection fails. My position does not change, and I can explain why.",批評不成立，因為這樣要不要乾脆把傳統汽車禁一禁，這樣死罪少人,有一些人可能運氣不好，可能被自駕車撞,
2026/04/28 17:41:36,"一般用路人風險保護優先 (Road User Protection First)：自駕車的研發與測試風險，不應主要由行人、騎乘者與其他一般用路人承擔。The risks of developing and testing self-driving cars should not fall mainly on pedestrians, cyclists, and other road users.",自駕車的使用者與路人毫無關係，自駕車發生問題的後果不應由路人來承擔，因此應該以一般用路人風險保護優先，後果應該由使用者或開發者承擔,把一般用路人風險保護優先當成判斷自駕車是否能夠部署的首要考量，看似合理，但如果自駕車能夠降低整體事故發生率，僅是偶爾誤傷路人，對於整體的用路環境還是更好的，而且原本路上路人本來就有可能發生意外，不可能毫無意外,"修正(Revise)：批評很可能成立，我的核心立場會有很大調整，即使整體方向不變。The objection is likely valid, so my core position needs major revision, even if its overall direction remains the same.",批評很可能成立，但如果自駕車造成路人發生事故的機率比原本高上許多，那即使能夠降低整體發生率，也不應該讓原本無事的人來承擔這個後果,我的選擇所付出的代價是如果使用自駕車後不會出事的人，在未使用自駕車的情況出事情，但我認為這個代價是值得的，即使能夠降低整體，但不應為了某族群的利益來損害另一族群利益,自駕車實際上對整體的影響會有多大，造成的意外又會有多少，如果這兩個數字的不同可能會影響到我的立場無法堅定
2026/04/28 17:41:38,"一般用路人風險保護優先 (Road User Protection First)：自駕車的研發與測試風險，不應主要由行人、騎乘者與其他一般用路人承擔。The risks of developing and testing self-driving cars should not fall mainly on pedestrians, cyclists, and other road users.","事實：自駕車在複雜道路情況下還無法安全克服突發狀況
規範：我主張一般用路人保護風險優先，核心價值為在任何情況下以人為最優先
結論：車上的測試員應在交通繁忙路口、車禍常發生地點及為標注指示路牌的地點加強注意",把行人安全當成判斷自駕車能否部署的首要考量，看似合理，但它的根本問題是無法有效判斷道路上的突發狀況，因為它忽略（或犧牲了）馬路上的標誌疏失及未依正確道路駕駛的車輛、行人。,"限定(Qualify)：批評部分成立，但我的核心立場不變，只是需加上特定條件或在特定情形下成立。The objection is partly valid, but my core position remains the same. It only holds under certain conditions or in certain cases.",批評部分成立，但我的立場在行人、自行車等的安全條件下仍然能成立，因為生命排在最優先,這個決策的代價是技術有可能被延後，研發成本會上升，自駕車的成品會無期延後，開發者將承擔更高研發成本與更長回收期，我認為這個代價是值得的，可以透過從小範圍地區開始試驗並逐步擴大，這樣的決策會使人們享受自駕車的便利與效率被拖延，可以為自駕車做一條固定路線並提供試乘。,
2026/04/28 17:41:47,"責任追溯與課責優先 (Accountability First)：若事故發生後無法清楚追溯責任、說明決策依據並進行有效課責，則不應部署。If, after an accident, responsibility cannot be clearly traced, the basis of the decision cannot be explained, and effective accountability cannot be imposed, then deployment should not be allowed.","P1（事實）：Uber 自駕車依賴複雜的機器學習演算法，當發生撞死行人的事故時，要確切追溯是哪個程式環節出錯、並釐清是車廠、隨車測試員還是系統的責任，在技術與法律上都非常困難。
P2（規範）：我支持當責性優先，其保護的核心價值是社會對科技的信任與司法正義。如果一項技術出錯時無法被解釋，也沒人能承擔責任，這對無辜的受害者來說是極大的不公。
C（結論）：根據 P1 和 P2，科技公司在確保自駕系統具備可解釋性且有明確的究責與賠償機制之前，不應該貿然讓自駕車在開放式的公共道路上進行測試或營運。",把當責性作為決定自駕車能否上路的優先考量，看似合理，但它的根本問題是會大幅拖慢能救命的科技發展速度，因為它忽略目前人類駕駛的肇事率其實遠高於系統，提早讓不完美的自駕車上路，在統計上反而能拯救更多無辜生命。,"限定(Qualify)：批評部分成立，但我的核心立場不變，只是需加上特定條件或在特定情形下成立。The objection is partly valid, but my core position remains the same. It only holds under certain conditions or in certain cases.",我認為批評部分成立，但在車廠必須強制成立專門的無過失受害者補償基金，並完全公開事故時的原始感測器數據的條件下我的立場依然成立，因為單純追求整體的統計數據好看，卻讓發生意外時的個別受害者求償無門，這種缺乏究責機制的系統，社會根本不可能長期接納，最終反而會反噬整個自駕產業。,選擇這個立場的代價是自動駕駛技術的普及時間會被大幅延後，而且研發成本會飆高。承擔這個代價的是開發公司和整體社會。不過我覺得這個代價是非常值得付出的。這其實可以透過政府提早介入、制定全新的AI 專屬強制險來彌補。如果不這麼做，一旦發生幾次像 Uber 這樣的無頭公案，大眾對自駕車的信任就會徹底崩盤，後果更嚴重。,
2026/04/28 17:41:50,"效益優先 (Benefit First)：只要長期能顯著降低整體交通死傷，自駕車部署就可被接受。If self-driving cars can significantly reduce overall traffic injuries and deaths in the long run, their deployment can be justified."," P1：只要經歷改進和測試和完善的法律和安全機制自駕車可以降低風險提高效率
P2：我主張效益優先只要可以提升效率都是好的
C：政府和企業相關的法律和則任規範做好
",把效益優先當成判斷自駕車能否部署的首要考量，看似合理，但它的根本問題是只考慮，因為它忽略（或犧牲了）其他用路人的權益」,"限定(Qualify)：批評部分成立，但我的核心立場不變，只是需加上特定條件或在特定情形下成立。The objection is partly valid, but my core position remains the same. It only holds under certain conditions or in certain cases.",批評部分成立，但我的立場在完善規範條件下仍然能成立，因為有人可以問責和改進,自駕失去工作和生命的人給于好的金錢補嚐,
2026/04/28 17:41:52,"一般用路人風險保護優先 (Road User Protection First)：自駕車的研發與測試風險，不應主要由行人、騎乘者與其他一般用路人承擔。The risks of developing and testing self-driving cars should not fall mainly on pedestrians, cyclists, and other road users.","P1（事實）：
Uber 自駕車是在一般道路上測試，不是在封閉場地裡。路上的行人、騎士和其他駕駛等，沒有選擇要不要參與這個測試，但事故發生時，他們卻可能成為最直接承擔風險的人。
P2（規範）：
我認為一般用路人的安全應該優先，這個原則重視的不是反對新技術，而是技術測試不能把沒有同意的人當成風險承擔者，公共道路本來就是大家共同使用的空間，所以企業在測試自駕車時，應該先確保一般人的生命安全，而不是先追求技術進度或未來可能的效益。
C（結論）：
所以在這類案例中，Uber 或其他自駕車公司不應該在安全機制還不夠成熟時，就讓車輛上路測試，政府也應該要求更嚴格的測試規範，只有在能合理保護一般用路人的情況下，自駕車的部署才比較有正當性。",把一般用路人風險保護優先當成判斷自駕車能否部署的首要考量，看似合理，但它的根本問題是可能讓社會過度害怕新技術的測試風險，因為它忽略了自駕車若能成熟發展，未來可能減少更多由酒駕、疲勞駕駛或人為疏失造成的交通傷亡，也就是說，這個立場雖然重視眼前用路人的安全，但可能會犧牲長期的整體交通安全改善，如果因為任何測試風險都難以接受，就讓自駕車技術停滯，社會反而可能繼續承受傳統交通系統中大量的人為事故風險。,"限定(Qualify)：批評部分成立，但我的核心立場不變，只是需加上特定條件或在特定情形下成立。The objection is partly valid, but my core position remains the same. It only holds under certain conditions or in certain cases.",批評部分成立，但我的立場在不是完全禁止自駕車測試，而是要求測試前必須有足夠安全條件的情況下仍然能成立，因為一般用路人沒有主動同意參與企業的技術測試，所以不應該承擔過高風險，我承認，如果把風險保護理解成只要有風險就不能上路，確實可能阻礙自駕車發展，也可能延後未來改善交通安全的機會，但這不代表企業可以直接把公共道路當成實驗場，比較合理的做法是先完成封閉場域測試、建立即時監督與緊急接管機制，再讓政府設定明確規範，這樣我的核心立場仍然成立，也就是技術可以發展，但不能把主要風險轉嫁給一般用路人。,這個選擇的代價是自駕車測試會變慢，企業成本也會增加，社會可能比較晚享受到自駕車帶來的安全效益，這些代價主要由自駕車公司、投資者和期待技術進步的社會大眾承擔，但我認為這個代價值得付出，因為一般用路人沒有同意成為測試對象，不應承擔過高風險，不過技術發展的價值也不能完全放棄，所以可以透過分級測試、政府監督和事故補償機制來減少這個代價。,目前最不確定的是，實務上要如何判斷自駕車的風險已經足夠低到可以上路測試，因為標準太嚴格可能阻礙技術發展，但標準太寬鬆又可能讓一般用路人承擔不該承擔的風險。
2026/04/28 17:42:19,"一般用路人風險保護優先 (Road User Protection First)：自駕車的研發與測試風險，不應主要由行人、騎乘者與其他一般用路人承擔。The risks of developing and testing self-driving cars should not fall mainly on pedestrians, cyclists, and other road users.","P1:在事故中，受害者（行人）只是公共道路的使用者而不是自駕技術的受益者，但卻在公共空間承擔了系統失誤的致命風險。
P2:我主張「一般用路人風險保護優先」，核心價值是公共空間的安全是公民的基本權利，應該以基本權利為優先。
C:判斷部署的正當性時，開發者應該要看會不會提升用路人風險。如果開發者沒有辦法證明，那開發者就不應該開發。",把「一般用路人風險保護」當成判斷自駕車能否部署的首要考量，看似合理，但它的根本問題是「延遲技術發展的代價」，因為他忽略（或犧牲了）「如果技術早點普及且成熟後能解決的問題」。,"限定(Qualify)：批評部分成立，但我的核心立場不變，只是需加上特定條件或在特定情形下成立。The objection is partly valid, but my core position remains the same. It only holds under certain conditions or in certain cases.",批評部分成立，但我的立場在「開發商承擔賠償責任」的條件下仍然成立，因為「如果要快點使技術進步進行測試，那應該要有伴隨的責任」。,要付出的代價是延遲技術發展，開發商以及未來的駕駛、路人會承擔，我認為很值得，因為社會對於新技術一定會懷疑是否可以信任，那如果為了快點發展而發生了什麼事情，一定會讓社會更害怕。,假設真的確定自駕車比人類駕駛還安全，可是只要自駕車撞死一次路人，社會就會對其不信任。
2026/04/28 17:42:20,"一般用路人風險保護優先 (Road User Protection First)：自駕車的研發與測試風險，不應主要由行人、騎乘者與其他一般用路人承擔。The risks of developing and testing self-driving cars should not fall mainly on pedestrians, cyclists, and other road users.","P1：Uber 自駕車在公共道路測試時，讓未同意參與實驗的一般用路人承擔了技術尚未成熟所帶來的風險
P2：應優先採取「一般用路人風險保護優先」原則，因為人的生命安全與公平風險分配應高於技術創新與商業利益。
C：因此，自駕車公司與政府在技術尚未足夠安全前，不應讓一般用路人成為主要風險承擔者，而應加強測試與監管措施。",把一般用路人風險保護優先當成判斷自駕車能否部署的首要考量，看似合理，但它的根本問題是過度強調零風險與預防原則，因為它忽略自駕技術長期可能大幅降低整體交通死亡率與提升公共利益的潛在價值。,"限定(Qualify)：批評部分成立，但我的核心立場不變，只是需加上特定條件或在特定情形下成立。The objection is partly valid, but my core position remains the same. It only holds under certain conditions or in certain cases.",批評部分成立，但我的立場在自駕技術尚未被證明已達到明顯高於人類駕駛的安全水準的條件下仍然能成立，因為在公共風險仍高度不確定時，不能要求未同意參與測試的一般用路人優先承擔技術發展成本。,可能減緩自駕車技術的研發速度，讓企業承擔更高的測試成本、監管成本與商業風險，也可能延後自駕技術未來降低交通事故與提升交通效率的社會利益。這些代價主要由自駕車公司、投資者承擔。但我認為這個代價仍值得付出，因為人的生命安全與公平風險分配不應被犧牲來換取技術進步,
2026/04/28 17:42:37,"一般用路人風險保護優先 (Road User Protection First)：自駕車的研發與測試風險，不應主要由行人、騎乘者與其他一般用路人承擔。The risks of developing and testing self-driving cars should not fall mainly on pedestrians, cyclists, and other road users.","P1（事實）
在 Uber 自駕車事故 中，測試車輛撞上行人，顯示：
系統在不確定情境下仍上路測試
風險主要由不知情的一般用路人承擔
行人無法選擇是否參與這種「實驗性風險」
P2（規範）
我選擇：一般用路人風險保護優先（Road User Protection First）
核心價值：
風險不得不成比例地轉嫁給未同意者（risk non-imposition）
理由：
一般用路人沒有參與決策權，卻承擔測試風險，違反基本的公平與知情同意原則。
C（結論）
因此：
自駕車公司不應在開放道路進行高風險測試
應先在封閉場域或高度安全條件下驗證
若無法保障一般用路人安全，則不應部署",「把一般用路人風險保護當成首要考量，看似合理，但它的根本問題是會過度限制技術發展，因為它忽略了自駕車長期可能大幅降低整體交通死亡的公共利益。」,"限定(Qualify)：批評部分成立，但我的核心立場不變，只是需加上特定條件或在特定情形下成立。The objection is partly valid, but my core position remains the same. It only holds under certain conditions or in certain cases.","批評部分成立，但我的立場在「存在可行的替代測試方式（如模擬、封閉場域）」條件下仍成立，因為：
技術發展不必依賴讓無辜者承擔風險
可以兼顧創新與安全","代價：技術發展速度變慢、企業成本上升
承擔者：科技公司、產業、部分社會效率
評價：值得，但可透過：
模擬測試
分階段開放
政府補助
來減緩","補償：即使優先保護用路人，仍應促進技術發展（避免錯失安全提升）
困惑點:「何時算足夠安全可以上路？」的標準不明確"
2026/04/28 17:42:52,"一般用路人風險保護優先 (Road User Protection First)：自駕車的研發與測試風險，不應主要由行人、騎乘者與其他一般用路人承擔。The risks of developing and testing self-driving cars should not fall mainly on pedestrians, cyclists, and other road users.","P1（事實）：在 Uber 自駕車事故中，系統未能即時辨識行人並做出安全反應，顯示技術尚未達到足以保障非使用者（例如行人、騎士）的安全水準，而這些人並未同意承擔測試風險。

P2（規範）：我主張應優先保障一般用路人的安全，其核心價值是「避免對無辜第三方造成不可接受的風險」。這反映了一種基本倫理原則：不能將風險外部化到未同意承擔的人身上。

C（結論）：因此，在技術尚未證明能有效保護一般用路人之前，企業與監管機構不應允許自駕車大規模部署，並且應強制更嚴格的測試標準與安全驗證機制。",把一般用路人風險保護當成判斷自駕車能否部署的首要考量，看似合理，但它的根本問題是會過度提高安全門檻，導致技術難以上路，反而延誤整體交通事故下降的潛在效益，因為它忽略了自駕車長期可能帶來的總體傷亡減少。,"限定(Qualify)：批評部分成立，但我的核心立場不變，只是需加上特定條件或在特定情形下成立。The objection is partly valid, but my core position remains the same. It only holds under certain conditions or in certain cases.",批評部分成立，但我的立場在保障用路人基本安全的同時逐步釋放技術效益，而不是完全阻擋創新。,這種立場可能會延緩自駕車技術的商業化與普及，讓社會較晚享受到潛在的整體安全與效率提升，企業也需承擔更高的合規成本。,如何界定「足夠安全」的標準，以及這個標準是應該與人類駕駛相比，還是必須顯著優於人類，這會直接影響政策與部署節奏。
2026/04/28 17:43:08,"責任追溯與課責優先 (Accountability First)：若事故發生後無法清楚追溯責任、說明決策依據並進行有效課責，則不應部署。If, after an accident, responsibility cannot be clearly traced, the basis of the decision cannot be explained, and effective accountability cannot be imposed, then deployment should not be allowed.",自駕系統決策過程如黑盒，發生事故時，外界難以釐清究竟是軟體錯誤、硬體失靈還是隨車員的疏忽，導致責任歸屬極度困難。我主張可課責性優先，其核心價值是公正與安全保障。在法律完善與技術透明化之前，不應准許自駕車上路部署。必須先確保出事後「有人負責、有法可依」，才能賦予技術上路的道德正當性。,把「責任追溯與課責優先」當成首要考量，看似合理，但它的根本問題在於會導致「研發窒礙」與「延遲安全效益」，因為它忽略了自駕技術必須透過大量實路數據才能進化的特性，若堅持法律與追責機制先行，將犧牲科技發展效率，使社會被迫停留在人類駕駛高事故率的現狀，無法及早享受自駕車普及後所能減少的集體傷亡。,"限定(Qualify)：批評部分成立，但我的核心立場不變，只是需加上特定條件或在特定情形下成立。The objection is partly valid, but my core position remains the same. It only holds under certain conditions or in certain cases.",批評部分成立，但我的立場在「建立預先歸責框架與封閉場域數據共享」條件下仍然能成立，因為單純的開發效率不能凌駕於最基本的社會契約與人的生命尊嚴。,選擇「責任追溯優先」的主要代價是犧牲研發速度與延後安全效益。為了確保法律救濟路徑與決策透明，企業需承擔更高的法律合規成本，這可能導致新創退場或延遲自駕車普及，使大眾在等待期間仍需承受人類駕駛的事故風險。,無
2026/04/28 17:43:24,"效益優先 (Benefit First)：只要長期能顯著降低整體交通死傷，自駕車部署就可被接受。If self-driving cars can significantly reduce overall traffic injuries and deaths in the long run, their deployment can be justified.",P1：Uber的這個事故是系統偵測到行人卻因沒有正確辨識到而沒有煞車，2018年的技術還沒成熟就上路測試。但是目前的交通事故中，大部分的原因都是因為人為失誤。P2：我選擇效益優先，他的核心價值是能讓整體因交通的死傷數比一般人駕駛還要低，前期還是必須要求駕駛必須雙手放在方向盤以便隨時介入，責任依舊在駕駛，而隨者技術不斷演進，同時統計如果顯示當時自駕車能很顯著的降低死傷數，部署就有很大的效益。C：因此汽車製造商跟政府應該負責建立嚴格的安全標準與統計數據的機制，只有達到很顯著的效益證據後才能部屬，而不是純粹以字駕車比較安全的理由來直接讓無人駕駛的車上路,把效益優先當成判斷自駕車能否部署的首要考量，看似合理，但它的根本問題是把那些受害者的生命視為統計的數字，因為它忽略了那些在技術尚未成熟時就被迫承擔測試風險的行人，這種以未來利益來犧牲少數受傷害的人，本身就是不合適的。,"限定(Qualify)：批評部分成立，但我的核心立場不變，只是需加上特定條件或在特定情形下成立。The objection is partly valid, but my core position remains the same. It only holds under certain conditions or in certain cases.",批評部分成立，但我的立場在部署前必須達到一定的安全標準的條件下仍然能成立，因為以我的立場在發展前期，駕駛人還是主要主導的人，還是必須負全責，但同時監管機構會收集數據，直到證明字駕車的技術已經足夠成熟才能開放，因此並不會在前期階段犧牲用路人的狀況。,代價是部署門檻的提高會讓自駕車延緩實施，目前還是以人類駕駛為主的交通系統，每年仍會有可避免的死傷持續發生。這個代價主要由短期內可能因技術延遲而不能使用字駕車的一般用路人承擔。我認為這個代價值得付出，但可透過加速測試或增加模擬情境來擴充資料集，或是慢慢開放特定低速路段來做使用。,效益的計算是誰來決定的？如果是企業主導可能就會有偏差。
2026/04/28 17:43:45,"一般用路人風險保護優先 (Road User Protection First)：自駕車的研發與測試風險，不應主要由行人、騎乘者與其他一般用路人承擔。The risks of developing and testing self-driving cars should not fall mainly on pedestrians, cyclists, and other road users.","P1（事實）
在 Uber 自駕車致死事故 中，一輛測試中的自駕車在夜間撞上正在過馬路的行人。事後調查顯示，系統曾多次偵測到該行人，但分類與決策延遲，沒有及時啟動煞車；同時，車上的安全駕駛未能即時介入。更關鍵的是，這類測試是在開放道路上進行，等於把尚未成熟的技術直接暴露於不特定的一般用路人。換句話說，風險不是由開發者或自願參與者承擔，而是被「外部化」到沒有同意、也無法控制風險的行人與騎士身上。

P2（規範）
我主張「一般用路人風險保護優先」。這個原則的核心價值不是同情，而是「風險分配的正當性」：誰從一項技術中獲益、誰能控制風險，就應該優先承擔該風險。在自駕車開發中，企業與技術方是主要受益者，也握有設計、測試與部署的控制權；相反地，行人與騎乘者既沒有選擇是否參與測試的權利，也無法影響系統安全性。因此，把高不確定性的測試風險轉嫁給一般用路人，違反了基本的公平原則（無同意承擔風險）與不傷害原則（避免對無辜者造成可預期傷害）。如果這個底線不先確立，後續談效益或創新都建立在不正當的風險轉移上。

C（結論）
根據上述事實與規範，在自駕車案例中，開發者與監管機構應該承擔主要責任：在技術尚未達到可接受安全水準前，不應將測試直接放到開放道路上，或至少必須設計出能把風險「內部化」的機制（例如更嚴格的測試區域限制、冗餘安全系統、即時人工監控標準）。相對地，一般用路人不應被動承擔這些研發風險。簡單講：不是「等技術成熟自然會更安全」，而是「在未成熟之前，就不該讓不知情的人替你承擔代價」。","把「一般用路人風險保護優先」當成判斷自駕車能否部署的首要考量，看似合理，但它的根本問題是它實際上會把「零風險」變成隱含門檻，因為它忽略（甚至犧牲了）整體風險下降與長期公共利益。

更強一點講，這個原則在現實中會卡在三個致命點：

第一，它把風險分配看得太「靜態」。在像 Uber 自駕車致死事故 這種案例中，確實是開發階段把風險外部化，但反對者會說：如果因為這種外部化就全面限制測試，那自駕技術永遠無法在真實環境中學習，而無法成熟。結果是，人類駕駛造成的大量交通事故（酒駕、疲勞駕駛、分心）會持續存在。換句話說，你避免的是「測試期的不確定風險」，但保留的是「已知且更大規模的日常風險」。

第二，它忽略「必要風險」的概念。很多技術（醫療試驗、航空、藥物）都需要在受控但真實的環境中逐步驗證。反對者會指出：如果所有風險都必須先完全內部化（例如只能在封閉場域測試），那技術在面對複雜城市環境時反而更不安全。也就是說，你為了保護用路人，反而延長了一個更危險的過渡期。

第三，它在實務上會變成「責任無限上綱」。如果企業必須對所有外部風險負完全責任，那監管門檻會被推到極高，導致只有極少數資源雄厚的公司能進場，抑制競爭與創新。長期來看，這可能減少安全技術的多樣性與進步速度，反而對社會不利。

所以最強的反對其實不是「路人不重要」，而是：你這個原則在道德上很乾淨，但在動態世界裡會導致一個反直覺結果——為了避免短期的不公平風險分配，反而犧牲了降低整體傷亡的機會。","限定(Qualify)：批評部分成立，但我的核心立場不變，只是需加上特定條件或在特定情形下成立。The objection is partly valid, but my core position remains the same. It only holds under certain conditions or in certain cases.","我選「限定」，因為批評部分成立，但我的立場在「風險被控制且責任被內部化」的條件下仍然能成立，因為核心問題不是能不能有風險，而是風險是否被正當地分配。

更精確地說，像 Uber 自駕車致死事故 顯示的問題，不只是「有風險」，而是「風險被轉嫁給無法同意、也無法控制的人」。反對意見指出，如果完全禁止這種外部風險，自駕技術會停滯，這點我接受——技術發展確實需要在真實環境中測試。

但這不等於可以接受任何形式的風險外部化。我的立場之所以仍成立，是因為它要求的是一個底線：風險可以存在，但必須被壓低到合理範圍、並由有能力控制風險的一方承擔主要責任。只要滿足這些條件（例如安全水準可比人類駕駛、企業承擔法律與經濟責任、測試場景受到限制），那麼在一定程度上讓一般用路人暴露於風險是可以被正當化的。

所以我的調整不是放棄「一般用路人風險保護優先」，而是把它從一個禁止性原則，修正為一個約束條件原則：它不直接阻止自駕車部署，而是決定「在什麼條件下才可以部署」。","先講結論：我這個「限定版的一般用路人風險保護優先」，不是免費的，它確實在拿「發展速度」和「短期效率」去換「風險分配的正當性」。

代價是什麼？
最直接的代價是技術推進變慢。當你要求風險必須被壓低、責任必須內部化、測試場景必須受限，就代表企業不能隨意大規模在真實道路上蒐集數據。這會讓自駕系統在面對複雜情境（例如夜間、混亂交通）時的學習速度下降。換句話說，社會可能要更久才能享受到「理論上更安全」的自駕車。

第二個代價是成本上升與市場集中。符合這些條件（高安全標準、保險、監管）需要大量資金與技術能力，小公司會被擠出，市場更容易被少數大企業壟斷。這不只是經濟問題，還會影響技術多樣性與創新路徑。

第三個代價是現存風險被延長。人類駕駛本來就持續造成事故，如果自駕技術被放慢導入，等於讓這些「已知且大量的風險」繼續存在更久。這其實就是反對者最強的點：你避免了像 Uber 自駕車致死事故 這種測試事故，但可能間接延長更多日常交通死亡。

誰承擔這些代價？
企業承擔的是更高成本與更慢回報；
消費者承擔的是更晚用到技術與可能較高價格；
整體社會承擔的是安全提升被延後的機會成本。

這個代價值不值得？
我認為「在目前技術不成熟階段」是值得的，但不是無限期值得。理由很現實：如果一項技術的進步是建立在把高不確定風險丟給無法同意的人，那它的正當性本身就有問題。你不能用「未來會更安全」去合理化「現在讓誰去承擔風險」。

但我不會把這講得很乾淨，因為確實有一個被我壓低但仍重要的價值：整體傷亡最小化（效益最大化）。這點是我有保留、甚至覺得需要補償的。

能不能減緩或補償？可以，但要具體：
不是喊口號，而是三種機制：

第一，階段性標準：不是一刀卡死，而是允許在特定條件下逐步開放（例如限定區域、限定時段），讓學習持續進行，同時控制風險。

第二，風險對價機制：既然一般用路人仍可能承擔部分風險，那企業就必須提供補償（強制保險、事故快速賠償、責任無過失化）。

第三，透明與可驗證性：公開安全數據，讓社會能判斷「這些風險是否真的在下降」，而不是讓企業自己說了算。

最後一個你應該注意的點（我幫你挑戰一下你可能沒想到的）：
你現在這套立場，其實在做一個價值排序：
你把「不讓無辜者被迫承擔風險」排在「更快降低總體死亡」之前。

問題是：如果未來有證據顯示，自駕車早一點上路可以明顯減少總死亡數，你還會堅持這個排序嗎？還是會反轉？

這個問題你最好先想清楚，因為那才是這整題真正的核心衝突。",無
2026/04/28 17:43:59,"責任追溯與課責優先 (Accountability First)：若事故發生後無法清楚追溯責任、說明決策依據並進行有效課責，則不應部署。If, after an accident, responsibility cannot be clearly traced, the basis of the decision cannot be explained, and effective accountability cannot be imposed, then deployment should not be allowed.",在 Uber 自駕車事故中，可能會牽涉到電腦誤判、公司關閉煞車和測試員操作失誤，導致出事後大家容易互相甩鍋，找不到真正該負責的人。因此我們必須堅持課責優先，因為不能讓企業躲在複雜的科技背後逃避責任，把危險全丟給路人或基層員工承擔，必須確保受害者出事時一定找得到人負責，這樣才叫為合理。所以，如果企業沒辦法清楚交代自駕車到底是怎麼做決定的，法律也還沒規定好到底該由誰來賠償負責，就不應該讓這些自駕車上路。,把明確的責任追溯與課責當成判斷自駕車上路的首要考量，看似合理，但問題是會因為強求目前 AI 黑箱技術較難描述的可解釋性，而導致可能可以讓交通更安全的科技被無限期延後使用。因為忽略了自駕系統在整體統計上遠比人類駕駛更安全的事實，以及盡早上路所能避免的車禍傷亡與交通效益。,"修正(Revise)：批評很可能成立，我的核心立場會有很大調整，即使整體方向不變。The objection is likely valid, so my core position needs major revision, even if its overall direction remains the same.",批評很可能成立，我需要調整必須清楚說明 AI 決策依據與追溯細部因果這個條件，改為直接由推出自駕車的企業承擔最終責任。但整體方向仍是課責優先與防範企業逃避責任。因為現今 AI 技術本質上存在難以完全解釋的黑箱，要求解釋每一個決策比較不切實際，反而可能讓企業用技術太複雜當作逃脫的藉口。對受害者而言，最重要的是能得到合理的賠償與交代。只要法律在一定情況下明確規定由營運企業負起責任，就能在不完全解釋 AI 黑箱的情況下，有效的保障權益。,課責優先的代價就是先前有提到的可能會延後自駕車普及，犧牲了盡早降低人為車禍的可能，這個代價由潛在的車禍受害者與科技企業承擔。我認為這滿值得的，因為無法歸屬責任的科技會降低大眾對科技和法律的信任。,
2026/04/28 17:44:06,"一般用路人風險保護優先 (Road User Protection First)：自駕車的研發與測試風險，不應主要由行人、騎乘者與其他一般用路人承擔。The risks of developing and testing self-driving cars should not fall mainly on pedestrians, cyclists, and other road users.","P1:在 Uber 自駕車事故裡，測試車是在一般道路上運行，周圍的行人、騎士其實沒有同意要參與這種測試。但一旦系統判斷錯誤，最直接承擔風險的就是這些毫不知情的用路人，而且他們幾乎沒有能力去預防或控制這種風險。
P2: 我主張一般用路人風險保護優先，核心價值是公平與不傷害。就是不能把一個技術發展的風險，丟給那些沒有選擇權的人去承擔。
就算自駕車未來可能帶來更大的整體利益，但在發展過程中，如果是讓無辜的人先去承擔風險，這在道德上是有問題的。
C: 在這類案例中，企業政府應該先確保測試環境不會把主要風險丟給一般用路人，例如限制測試場域，而不是直接在開放道路上大量實驗。",把一般用路人風險保護當成判斷自駕車能否部署的首要考量，看似合理，但它的根本問題是可能過度保守、拖慢技術發展，因為它忽略了如果延後部署，傳統人類駕駛其實也在持續造成大量交通事故，反而犧牲了更多未來可以被拯救的生命,"限定(Qualify)：批評部分成立，但我的核心立場不變，只是需加上特定條件或在特定情形下成立。The objection is partly valid, but my core position remains the same. It only holds under certain conditions or in certain cases.",批評部分成立，但我的立場在存在合理安全門檻與風險分散機制的條件下仍然能成立，因為重點不是完全禁止風險，而是不能讓風險不成比例地落在無辜用路人身上。,技術發展變慢公司成本提高，政府應該提供測試地點和安全規則,要多安全才能上路，門檻很難界定。
2026/04/28 17:44:12,"一般用路人風險保護優先 (Road User Protection First)：自駕車的研發與測試風險，不應主要由行人、騎乘者與其他一般用路人承擔。The risks of developing and testing self-driving cars should not fall mainly on pedestrians, cyclists, and other road users.",我主張「一般用路人風險保護優先」。因為在 Uber 自駕車事故中，自駕車還在測試階段，卻已經開到公共道路上，最後也真的造成行人死亡。我覺得一般路人並沒有同意要幫公司承擔測試風險，所以不應該把他們當成新技術實驗的一部分。自駕車可以發展，但前提是要先確定安全性夠高，不能為了科技進步就讓路人承擔主要風險。,把「一般用路人風險保護」當成首要考量看似合理，但它的問題是可能太保守。因為如果一直限制自駕車上路測試，可能會阻礙技術進步，也可能讓社會錯過未來降低交通事故與死亡人數的機會。,"限定(Qualify)：批評部分成立，但我的核心立場不變，只是需加上特定條件或在特定情形下成立。The objection is partly valid, but my core position remains the same. It only holds under certain conditions or in certain cases.",批評部分成立，因為自駕車確實可能在未來提升交通安全。但是我的立場不變，因為公共道路上的一般用路人不應該承擔主要測試風險。自駕車可以發展，但必須在更嚴格的安全條件與監管下才能部署。,這個選擇的代價是，自駕車技術發展和部署速度可能變慢，公司也需要花更多成本做測試與安全驗證。但我認為這個代價值得，因為保護一般用路人的生命安全應該比快速推動新技術更重要。,
2026/04/28 17:44:30,"責任追溯與課責優先 (Accountability First)：若事故發生後無法清楚追溯責任、說明決策依據並進行有效課責，則不應部署。If, after an accident, responsibility cannot be clearly traced, the basis of the decision cannot be explained, and effective accountability cannot be imposed, then deployment should not be allowed.","P1（事實）：與該原則相關的事實
在 Uber 案中，系統早在撞擊前 6 秒就偵測到行人。然而，軟體在物件分類上出現混亂，先後將行人識別為「不明物體」、「車輛」與「自行車」，導致系統未能在第一時間採取正確反應。更嚴重的是，Uber 工程師為了提升乘坐平穩度，刻意停用了車輛原廠的自動緊急煞車（AEB）系統。這意味著，安全決策權被高度集中在演算法設計中，但當事故發生時，複雜的軟體架構卻成了逃避責任的「黑盒子」。

P2（規範）：主張原則與核心價值
我主張「責任追溯與課責優先」應為首要考量。該原則的核心價值在於「維護人的主體性與權力對等」。AI 系統具有不透明性（Opacity），這往往導致「責任鴻溝（Responsibility Gap）」的出現。如果我們無法清楚追溯決策依據，技術開發者就像戴上了「蓋吉斯之戒」，擁有隱形的力量卻不必承擔後果。正義的要求是：任何對生命的干預都必須具備可歸責性。我們不能為了效率而犧牲法律體系的根基。

C（結論）：行為導向
根據上述推論，政府與監管機構在准許這類自駕車部署前，必須強制要求開發者建立具備「可解釋性」的決策日誌。若企業無法證明其系統能在出事後提供清晰的責任鏈結，則不應獲得公共道路測試的授權。企業不應該將研發成本隱蔽地轉嫁給無辜的用路人。","把「責任追溯與課責優先」當成判斷自駕車能否部署的首要考量，看似合理，但它的根本問題是會造成「技術發展的窒礙」並導致更高的社會總傷害。

因為它忽略了「統計意義上的生命救贖」。如果我們對課責的要求過於嚴苛，要求每一行程式碼都必須具備法律上的完美解釋性，將會迫使企業放棄更先進但較難解釋的深度學習模型。這會推遲自駕車全面普及的時間。當我們在等待「完美可課責」的技術時，現實中每年仍有超過百萬人死於人為駕駛失誤。這種對課責的固執，實際上是犧牲了那些本可以被 AI 拯救的「統計生命」，在道德上這可能是一種更嚴重的失職。","限定(Qualify)：批評部分成立，但我的核心立場不變，只是需加上特定條件或在特定情形下成立。The objection is partly valid, but my core position remains the same. It only holds under certain conditions or in certain cases.","批評部分成立，但我的立場在「將課責機制內化為技術標準並建立強制性責任保險」的條件下仍然能成立。因為單純追求「效益優先」往往淪為企業傲慢的遮羞布。如果你允許一個無法被解釋、無法被追責的「黑盒子」主宰公共安全，你實際上是在用「公眾的風險」換取「私人的利潤」。效益主義雖然強調總體福利的提升，但它無法回答一個根本的爭議：當你是那個被演算法「誤判」而犧牲的個體時，誰來為你的生命主持正義？

唯有當我們要求「決策可追蹤性」與「技術進步」並行，才能防止 AI 演變成一種新型的「權力壓迫」。這並非在阻礙進步。相反地，這是確保進步建立在「程序正義」之上的必要門檻。當 Uber 案中的工程師刻意停用 AEB 系統時，這已經不是機率問題，而是明確的價值取捨。如果我們放棄課責，我們就等於默許企業可以為了降低研發成本而草菅人命。透過「限定」課責的實施方式，例如引入「算法審計」與「自動化補償機制」，我們才能在追求技術紅利的同時，守住人類尊嚴的最後底線。這才是具備「社會許可」的科技發展觀點。","價值的取捨與補償
我認為這個代價是值得付出的。
因為一個缺乏課責機制的社會，本質上是不穩定的。如果我們為了追求統計上的安全，允許「黑盒子」在剝奪生命後可以規避所有解釋，那麼我們所處的就不是法治社會，而是技術統治的暴政。

為了減緩這些代價，我們不應該只是消極禁止技術，而應該建立「強制性 AI 責任保險制度」。這能確保在責任鏈結複雜、釐清耗時的過程中，受害者能第一時間獲得財務補償。我們必須用制度的設計來填補法律的空隙，而不是讓用路人獨自承擔技術不透明的風險。

雖然我選擇課責優先，但我對「效益優先」所提到的受害者仍感到不安。這種不安來自於一種道德負擔。我必須承認，當我堅持程序正義時，我確實正在間接允許某些原本可以避免的人為車禍繼續發生。這種在「看得見的公平」與「看不見的統計生命」之間的拉鋸，是每個決策者都必須承擔的幽暗。","關於這個議題，目前最讓我感到困惑的是「責任鴻溝（Responsibility Gap）」在物理層面的不可逾越性。

在 Uber 的案例中，當我們深入探討軟體錯誤、工程決策與操作員疏失的交織影響時，我們往往會發現「責任」被稀釋了。如果一個事故是由數千個微小的參數調整共同導致的結果，我們真的能找到一個「人」來承擔道德責任嗎？還是我們最終只是在找一個替罪羊？

這種「多手問題（Problem of Many Hands）」讓課責變得極其困難。我猶豫的是，如果我們在技術上根本無法實現真正的「清晰課責」，那麼堅持課責優先，是否最終會演變成一種偽善的口號，反而讓我們錯失了技術帶來的實質保護？這種理想與現實技術限制之間的斷裂，是我目前仍在反覆質問的核心。"
2026/04/28 17:44:49,"責任追溯與課責優先 (Accountability First)：若事故發生後無法清楚追溯責任、說明決策依據並進行有效課責，則不應部署。If, after an accident, responsibility cannot be clearly traced, the basis of the decision cannot be explained, and effective accountability cannot be imposed, then deployment should not be allowed.",事故發生後，很難即時且明確地判定「誰對哪個決策負責」，以及該決策是如何被做出的。我主張應優先的原則是責任追溯與課責優先，核心價值是行為可被解釋、責任可被歸屬、錯誤可被追究。如果缺乏課責性，會產生三個嚴重問題：無法修正錯誤、風險被不公平轉嫁、社會信任崩潰。因此，課責性不是附加條件，而是讓技術被社會接受的前提條件。,"現實中「完全可課責」幾乎不可達成自駕系統涉及：機器學習模型、多層決策架構、公司、供應商、測試人員等多方參與。若要求「責任必須完全清楚」才可部署，可能導致技術永遠無法達標，形成過高門檻。
","限定(Qualify)：批評部分成立，但我的核心立場不變，只是需加上特定條件或在特定情形下成立。The objection is partly valid, but my core position remains the same. It only holds under certain conditions or in certain cases.",批評部分成立，但我的立場在「自駕車已達到顯著高於人類駕駛的安全水準，且同時具備基本可追溯與課責機制」的條件下仍然成立，因為若完全優先考量課責性，可能延遲技術部署而造成更多可避免的傷亡，但若完全忽視課責性，則會產生責任真空並破壞社會信任。,優先採取「責任追溯與課責優先」的代價是：自駕車技術的部署速度將被延緩，短期內無法完全發揮其潛在的安全效益，因而可能導致部分原本可避免的交通事故仍然發生。,
2026/04/28 17:45:00,"一般用路人風險保護優先 (Road User Protection First)：自駕車的研發與測試風險，不應主要由行人、騎乘者與其他一般用路人承擔。The risks of developing and testing self-driving cars should not fall mainly on pedestrians, cyclists, and other road users.","p1:在 Uber 自駕車致死事故 中，測試中的自駕車在公共道路上行駛，最終撞上行人並造成死亡，當時系統其實已經偵測到目標，但因為分類與決策機制設計不完善，加上測試階段仍存在高度不確定性，導致風險直接由毫無參與決策的一般用路人承擔。

P2: 我主張應優先考量「一般用路人風險保護優先」，其核心價值是風險分配的正當性

C: 應先在封閉場域、模擬環境或經過充分安全驗證後再逐步部署，且政府也應制定更嚴格規範，確保一般用路人不會成為實驗對象",把一般用路人風險保護當成首要考量，看似合理，但它的根本問題是過度保守，可能延誤能大幅降低交通死亡的技術發展，因為它忽略了長期來看，自駕車可能比人類駕駛更安全，進而拯救更多生命。,"限定(Qualify)：批評部分成立，但我的核心立場不變，只是需加上特定條件或在特定情形下成立。The objection is partly valid, but my core position remains the same. It only holds under certain conditions or in certain cases.",批評部分成立，但我的立場在風險尚未達到可接受安全門檻之前仍然成立，因為在不確定性極高的階段，將風險轉嫁給無辜用路人仍是不正當的。,這個立場的代價是會讓自駕車發展變慢，企業成本提高，社會也較晚享受到更安全的交通，但我認為這是可以接受的，因為不應讓一般用路人承擔高風險，而且這些成本可以透過模擬測試與政策支持來降低。,
2026/04/28 17:45:06,"一般用路人風險保護優先 (Road User Protection First)：自駕車的研發與測試風險，不應主要由行人、騎乘者與其他一般用路人承擔。The risks of developing and testing self-driving cars should not fall mainly on pedestrians, cyclists, and other road users.","P1（事實）：Uber 自駕車在測試階段發生事故，風險主要由未參與決策的一般用路人（行人）承擔。
P2（規範）：一般用路人風險保護優先；核心價值是「不將創新風險轉嫁給無辜且未同意的他人」。
C（結論）：因此，在安全與風險分配未充分保障用路人前，不應進行實際道路測試或部署。",把「一般用路人風險保護優先」當成判斷自駕車能否部署的首要考量，看似合理，但它的根本問題是過度保守、阻礙技術進步，因為它忽略了自駕車長期可能大幅降低整體交通死傷的效益。,"限定(Qualify)：批評部分成立，但我的核心立場不變，只是需加上特定條件或在特定情形下成立。The objection is partly valid, but my core position remains the same. It only holds under certain conditions or in certain cases.",批評部分成立，但我的立場在「已建立嚴格安全測試標準與風險最小化機制」的條件下仍然成立，因為在不把主要風險轉嫁給一般用路人的前提下，仍可以逐步發展技術並兼顧長期效益。,我認為會延緩自駕車技術發展與其降低整體事故率的潛在效益，主要由科技公司與社會整體承擔。此代價部分值得，但應透過更安全的模擬測試、封閉場域測試與補償機制來減緩。,如何在「不讓無辜用路人承擔風險」與「促進能拯救更多生命的技術發展」之間取得最合理的平衡標準。
2026/04/28 17:45:09,"效益優先 (Benefit First)：只要長期能顯著降低整體交通死傷，自駕車部署就可被接受。If self-driving cars can significantly reduce overall traffic injuries and deaths in the long run, their deployment can be justified.","P1（事實）
Uber 自駕車事故中，系統偵測到行人但因分類錯誤沒有即時煞車，導致死亡。但同時，現實中大多數交通事故的原因都是人為失誤——疲勞、分心、判斷錯誤。自駕車的開發目標就是減少這類問題。
P2（規範）
我主張效益優先。核心價值是：判斷一項技術能不能上路，標準應該是「它比現在的人駕更安全嗎」，而不是「它能不能做到零事故」。
零風險不是合理的門檻，因為人駕本來就不是零風險。如果自駕車整體上能救更多人，那禁止它測試，其實是在維持一個已知會造成大量死亡的現狀。
C（結論）
所以，開發商應該在有監管的條件下測試，但必須提供可信的數據，和人駕事故率做比較。監管機構不應該用單一事故來全面禁止測試，而是要看整體數字。",把效益優先當成判斷自駕車能否部署的首要考量，看似合理，但它的根本問題是只看整體結果好不好，卻忽略了風險是誰在承擔，因為它犧牲了那些從來沒有被問過「你願意冒這個險嗎」的路人。,"堅持(Defend)：批評不成立，我的立場完全不變，我能說明為什麼。The objection fails. My position does not change, and I can explain why.",批評不成立，因為問題在於監管機制沒有跟上。只要監管到位，效益優先仍然是合理的首要判斷標準。如該事件的駕駛測試人員不應該滑手機。,批評不成立，因為路人承擔風險這件事是監管沒做好，不是效益原則的錯，只要測試前有公告路段、有賠償機制，這個問題就能被處理。但代價確實存在，例如意外發生等。,
2026/04/28 17:45:21,"一般用路人風險保護優先 (Road User Protection First)：自駕車的研發與測試風險，不應主要由行人、騎乘者與其他一般用路人承擔。The risks of developing and testing self-driving cars should not fall mainly on pedestrians, cyclists, and other road users.","P1:在上述案例中，自駕車系統中在感知及決策方面還有盲點與缺陷，而承受這些風險的人是路上不知情的路人或騎士
P2:我主張一般用路人保護有限企業不應為了加速商業化或獲取技術紅利，將研發過程的外部風險與代價，強加在最缺乏防禦能力且未獲益的弱勢用路人身上
C:根據 P1 和 P2，在此類案例中，開發商不應在缺乏嚴格配套與實體隔離措施的公共道路上進行高風險的自駕車測試,政府應確保企業在封閉場域及虛擬環境中有達成及格安全標準，才可開放實際道路測試",把一般用路人風險保護優先當成判斷自駕車能否部署的首要考量，看似合理，但它的根本問題是大幅拖延自駕技術的普及與成熟，因為它忽略了解決現有交通傷亡的急迫性與龐大的總體社會效益，若因為保護測試期的少數路人而設置過高門檻，等於變相容許每年數以萬計死於人類駕駛,"限定(Qualify)：批評部分成立，但我的核心立場不變，只是需加上特定條件或在特定情形下成立。The objection is partly valid, but my core position remains the same. It only holds under certain conditions or in certain cases.",批評部分成立，但我的立場在建立完善替代性驗證安全方案的條件下仍成立，我們不可因為未來收益下降，而使不知情的人在危險中，此作為非常不道德，只要能透過更先進技術產出的模擬環境，與多重真實案例的積累，而非單純拿用路人之生命來試錯，就能在不違背路人保護原則的前提下，持續推動技術進步,選擇代價為科技發展速度減緩與企業研發成本大幅激增因為企業無法直接利用真實世界的廉價數據，必須投入巨資建立擬真的虛擬引擎或高規格的封閉測試場，但我認為此代價是值得的因為基本人權與生命安全不應作為商業實驗的耗材，此外政府也可以透過補助計畫等措施來減緩此代價,在於測試環境與真實世界之間的鴻溝，真實世界上有各種罕見跟奇怪的危險在開車的過程中，這就會產生一個問題如果以用路人的權益為第一考量，那為了不讓用路人承擔風險，那自駕車無法達到真正的安全，那這兩者之間的風險閾值要怎麼裁定
2026/04/28 17:45:25,"一般用路人風險保護優先 (Road User Protection First)：自駕車的研發與測試風險，不應主要由行人、騎乘者與其他一般用路人承擔。The risks of developing and testing self-driving cars should not fall mainly on pedestrians, cyclists, and other road users.","P1：Uber自駕車測試上路風險直接落在行人身上
P2：公共道路不應讓無辜的用路人承擔研發代價
C：企業應該先降低外部風險再進行上路測試",把一般用路人風險保護當成判斷自駕車能否部署的首要考量，看似合理，但它的根本問題是可能對自駕車設定過高門檻，因為它忽略了若技術成熟後可能大幅減少交通死傷。,"限定(Qualify)：批評部分成立，但我的核心立場不變，只是需加上特定條件或在特定情形下成立。The objection is partly valid, but my core position remains the same. It only holds under certain conditions or in certain cases.",批評部分成立，但我的立場在自駕車已完成充分封閉測試、能證明風險不會轉嫁給行人，且有補償機制的條件下仍然能成立，因為公共道路上的一般用路人不應被迫承擔企業研發失敗的代價。,優先保護一般用路人的代價，是自駕車研發與上路速度會變慢，企業和社會可能承擔較高成本，也可能減緩未來降低交通死傷的效益。我認為這代價值得，因為用路人不應被迫承擔主要風險，透過封閉場域測試、分階段部署來減緩。,
2026/04/28 17:45:27,"一般用路人風險保護優先 (Road User Protection First)：自駕車的研發與測試風險，不應主要由行人、騎乘者與其他一般用路人承擔。The risks of developing and testing self-driving cars should not fall mainly on pedestrians, cyclists, and other road users.","P1:自駕車公司為了收集數據等利益，將還在開發階段的自駕車放上道路運行，然而其他用路人卻在不知情同意下暴露在致命的風險中。
P2:我主張一般用路人風險保護優先作為首要考量。該原則的核心價值在生命自主權的不可侵犯，一般用路人不該因為科技公司利益而作為免費測試員承受犧牲生命的風險。
C:科技公司和研發機構不應該將道路當成免費試驗場，更不應該為了自身利益將科技可能帶來的危害轉移給一般用路人。若無法保證一般用路人免受實驗風險，則應中止其上路的權力。",把一般用路人風險保護優先當成判斷自駕車能否部署的首要考量，看似合理，但他的根本問題是會阻礙科技發展，讓因為人類駕駛失誤所造成的交通安全事故持續發生，因為它忽略若自駕車技術成熟長期下來能解決人為車禍並且拯救更多生命的更大整體社會效應,"限定(Qualify)：批評部分成立，但我的核心立場不變，只是需加上特定條件或在特定情形下成立。The objection is partly valid, but my core position remains the same. It only holds under certain conditions or in certain cases.",批評部分成立，但我的立場在風險可控的條件下依然成立，因為不應該為了未來的預期效益來合理化當下對無辜第三方的生命侵犯。,限制自駕車上真實道路測試，會導致資料收集變慢，導致發展推遲。科技公司必須投入更大資源和時間模擬真實情況；社會大眾須承受技術普及前人為造成的事故風險。這個代價值得付出，因為每個人的基本人權不應該被未來的利益計算，可以透過政府規劃特定自駕車允許行駛區域或環境來減小代價。,自駕車普及前的測試造成的事故數量、後果和人為駕駛不當造成的事故數量、後果，哪個會比較嚴重或比較輕微？哪個付出的代價較小？
2026/04/28 17:46:06,"責任追溯與課責優先 (Accountability First)：若事故發生後無法清楚追溯責任、說明決策依據並進行有效課責，則不應部署。If, after an accident, responsibility cannot be clearly traced, the basis of the decision cannot be explained, and effective accountability cannot be imposed, then deployment should not be allowed.","P1（事實）：
在Uber自駕車事故案例中，系統設計並未能將行人準確辨識為需要立即煞停的障礙物，且隨車測試員也因分心未能及時接管。這導致了因果關係的複雜化：事故的發生交織了軟體演算法的缺陷、感測器的極限、企業對安全測試的政策以及人類駕駛的疏失。

P2（規範）：
我主張「責任追溯與課責優先」應作為首要考量。該原則的核心價值在於「正義的實現與社會信任的維繫」。當新技術進入公共領域並對一般用路人產生潛在的生命威脅時，若無法在事前確立一套清晰的責任歸屬機制，例如誰該為AI的決策失誤負責、如何避免黑箱作業等，將等同於強迫無辜民眾承擔科技發展的外部成本。只有在能夠釐清責任、追究過失並填補損害的前提下，科技的部署才具有正當性。

C（結論）：
根據P1和P2，在這類自駕車案例中，製造商與營運商不應該在缺乏明確責任分擔機制（例如強制險、無過失責任或嚴格責任設計）的情況下，將自駕車部署於一般道路。監管機關則應該要求企業公開決策依據的行車數據，以確保事故發生後，受害者能獲得有效的損害賠償，且企業能因此受到究責並改善系統。",把責任追溯與課責優先當成判斷自駕車能否部署的首要考量，看似合理，但它的根本問題是可能嚴重阻礙甚至扼殺能挽救多數人生命的技術發展，因為它忽略（或犧牲了）整體社會提早享受交通事故發生率與死亡率下降的整體安全效益。,"限定(Qualify)：批評部分成立，但我的核心立場不變，只是需加上特定條件或在特定情形下成立。The objection is partly valid, but my core position remains the same. It only holds under certain conditions or in certain cases.",批評部分成立，但我的立場在建立「無過失補償基金」或「企業嚴格責任」配套條件下仍然能成立，因為我們不需要等到技術上能完美解析AI決策的每一條因果邏輯才能讓其上路；只要確保在法律與制度面有一個明確的最終承擔主體（例如由車廠或保險公司承擔無過失責任），就能在不犧牲受害者求償權益的前提下，兼顧整體科技發展的腳步與效益。,"將責任嚴格綁定在研發者或營運商身上，會大幅提高企業的合規成本、保險費用與研發門檻。這可能導致技術創新速度變慢，或者使得早期自駕車的服務費用極其高昂。
代價承擔首當其衝的會是科技企業與車廠，並在後續會造成這些成本轉嫁到消費者身上（只有高收入者能負擔），且整體社會必須再忍受一段由人類駕駛造成的較高交通事故死亡率的日子。
但我認為這個代價是值得的，因為這是保障消費者與一般用路人基本權利的底線。為了減緩代價，政府可以透過「監理沙盒」設立封閉或半封閉的測試特區，並由政府補貼部分責任保險，讓企業能在風險可控的環境下加速迭代技術。

雖然為了維護法律責任的完整性與受害者權益，必須延緩自駕車的全面部署，但我仍對那些原本可以因自駕車提早普及，而免於被三寶駕駛、酒駕者傷害的潛在車禍受害者感到不安。選擇課責優先，某種程度上是犧牲了這群人「提早獲得更安全交通環境」的利益，來換取倫理與法律體系的穩定。",當AI發展到具備某種程度的「代理性」時，若它基於自主學習做出了超越原始程式碼設定的錯誤決策並導致傷亡，我們在倫理與法律上，該如何合理地將這種「不可預見的風險」完全歸責於最初的開發者？這是否會演變成一種結果論的無限上綱？
2026/04/28 17:46:13,"責任追溯與課責優先 (Accountability First)：若事故發生後無法清楚追溯責任、說明決策依據並進行有效課責，則不應部署。If, after an accident, responsibility cannot be clearly traced, the basis of the decision cannot be explained, and effective accountability cannot be imposed, then deployment should not be allowed.","事實是在 Uber 自駕車事故中，系統在事故發生前其實已經偵測到行人，但因為辨識與決策機制設計不完善，加上安全機制被關閉，導致沒有及時反應而發生死亡事故。這顯示自駕車的決策過程並非完全透明，一旦出事，很難立即釐清是系統設計、測試流程，還是操作人員的責任。此外，自駕車涉及軟體、硬體與企業決策等多重層面，使責任歸屬變得複雜

P2: 我主張「責任追溯與課責優先」應該被放在首位，其核心價值是可問責性與制度。一項技術如果在造成傷害之後，無法清楚說明決策過程、找出負責對象並進行合理究責，那麼這項技術本身在倫理上就是有問題的。因為在這種情況下，受害者無法獲得正義，企業或開發者也可能缺乏足夠動機去改善系統

因此，在 Uber 自駕車這類案例中，企業與開發者在技術尚未具備充分可解釋性與責任釐清機制之前，不應貿然將自駕車部署到公共道路上。同時，政府也應要求相關公司建立明確的責任歸屬與事故調查制度。只有在能夠清楚追溯決策來源、確保有人對結果負責的前提下，自駕車的發展與部署才具有倫理上的正當性","如果把「責任追溯與課責優先」當成判斷自駕車能不能上路的最重要標準，看起來很合理，但它的根本問題是過度強調事後責任，而忽略了實際風險與傷害本身。也就是說，就算一個系統可以清楚追究責任，事故發生時該死的人還是會死，受傷的人還是會受傷，並不會因為「找得到人負責」而減少傷害。

此外，過度要求完全可追責，可能會讓企業不敢推動新技術，反而延緩自駕車普及，而自駕車其實在長期可能可以降低整體交通事故。如果因為過於重視責任問題而阻礙發展，反而可能讓更多人繼續死於人為駕駛的事故。

簡單來說，這個立場的問題在於，它把重點放在誰負責，但對於怎麼讓事情不要發生的關注反而不夠，甚至可能間接犧牲整體安全的提升。","限定(Qualify)：批評部分成立，但我的核心立場不變，只是需加上特定條件或在特定情形下成立。The objection is partly valid, but my core position remains the same. It only holds under certain conditions or in certain cases.","我覺得那個反對其實有一定道理，確實如果只強調責任追溯，會變成太重視事後處理，而忽略如何在一開始就降低事故發生的機率，這點是我原本立場比較不足的地方。不過，我的核心想法還是不變，我還是認為在自駕車這種高風險技術上，能不能清楚追責是一個很基本的門檻，不能被忽略。

只是我會稍微調整成，不應該把責任追溯當成唯一標準，而是要和安全性或風險控制一起考量，例如通過越安全測試的系統才能在人多的市區開啟功能，畢竟若是傷及人代價重大。也就是說，自駕車要上路，不只是要能負責，還要盡可能避免事故發生，兩者都要做到才合理。
","如果優先強調責任追溯與課責，其實代價就是可能會拖慢自駕車的發展，因為企業需要花更多時間建立更安全的系統、責任分工跟相關制度，甚至可能因為責任太難承擔而變得保守，不敢推進技術。這樣一來，原本有機會降低整體交通事故的技術，可能會更晚普及。

承擔這個代價的，某種程度上是整體社會，因為我們可能會繼續面對人為駕駛帶來的事故風險；同時企業也會承受更高的成本跟壓力。

但我還是覺得這個代價是可以接受的，因為如果一開始就沒有把責任釐清，一旦發生事故，受害者可能連基本的正義都得不到，這個問題其實更嚴重。不過這個代價可以透過制度設計來降低，例如政府可以訂明確的規範，幫助企業在安全與責任之間找到平衡，而不是完全卡住技術發展。",目前讓我比較猶豫的地方是，到底應該多重視「責任」跟「實際安全效果」之間的比例。因為如果一直強調責任要很清楚，可能真的會拖慢技術發展，但如果放太鬆，各部分責任歸屬互相推卸很難追究，對受害者不公平。
2026/04/28 17:46:32,"一般用路人風險保護優先 (Road User Protection First)：自駕車的研發與測試風險，不應主要由行人、騎乘者與其他一般用路人承擔。The risks of developing and testing self-driving cars should not fall mainly on pedestrians, cyclists, and other road users.","P1:車禍導致的生命損害是不可逆的
P2: 一般用路人風險保護優先；測試是專業人員該做的事，他們具備一定程度的自保知識，但一般用路人沒有義務要承擔風險，受傷害的機率也相對專業人員高很多
C:專業人員應該在特殊場域進行自駕車研發與測試，不應該讓一般用路人承擔未知風險",把一般用路人風險保護當成判斷自駕車能否部署的首要考量，看似合理，但它的根本問題是保護門檻訂定，它忽略了人的行為變化莫測，模型無法100%做到用路人風險為0%。,"限定(Qualify)：批評部分成立，但我的核心立場不變，只是需加上特定條件或在特定情形下成立。The objection is partly valid, but my core position remains the same. It only holds under certain conditions or in certain cases.",批評部分成立，但我的立場在關注於一般情況的條件下仍然能成立，因為遇到特殊案例的比例較低，就如同人類從一次次駕駛經驗中學習，自駕模型也可以加強防呆裝置，並從一次次特殊案例中學習，但依然需要有限保障一般用路人風險控管，模型完備率高才能上路,公司在出結果錢需要投注的資金和時間成本龐大，這樣勢必會轉嫁給消費者，只有高收入的人才買得起吧…,
2026/04/28 17:46:49,"責任追溯與課責優先 (Accountability First)：若事故發生後無法清楚追溯責任、說明決策依據並進行有效課責，則不應部署。If, after an accident, responsibility cannot be clearly traced, the basis of the decision cannot be explained, and effective accountability cannot be imposed, then deployment should not be allowed.","​P1：Uber 事故涉及多方責任：軟體過濾了感測信號、隨車安全員分心看影片、企業文化忽略安全警告。當系統決策過程成為「黑箱」，事後的課責會變得極其困難且模糊。

​P2： 核心價值是「透明度與自主負責」。任何進入公共領域的技術必須具備可解釋性。如果一個行為可能導致生命損失，卻無法在法律與道德上明確歸因，該行為就缺乏正當性。

​C： 除非自駕系統具備完善的「黑盒子」紀錄且法律已明確釐清開發者與使用者的責任歸屬，否則不應准許部署。開發者必須確保系統決策是可以被追溯與檢驗的。",把可課責性當成判斷自駕車能否部署的首要考量，看似合理，但它的根本問題是法律滯後於技術進步，因為它犧牲了技術創新能帶來的社會集體安全提升。,"堅持(Defend)：批評不成立，我的立場完全不變，我能說明為什麼。The objection fails. My position does not change, and I can explain why.",批評不成立。因為如果我們在無法課責的情況下就讓 AI 掌握生殺大權，會導致企業為了獲利而逃避安全責任。釐清責任並非阻礙進步，而是確保進步是建立在公正的基礎上，不應為了效率而犧牲法治原則。,代價是法規行政負擔與創新阻力。要求系統完全透明與課責明確，會增加極大的研發成本，甚至導致某些創新的深度學習模型（黑箱模型）因為無法完全解釋而被捨棄。這個代價由科技公司與期待低成本自駕服務的消費者承擔。我認為這值得付出，因為失去責任制的社會將面臨權力失衡；可以透過建立「強制性事故保險機制」與「標準化黑盒子規範」來補償受害者並降低企業風險。,我覺得困惑的是：當事故涉及複雜的演算法時，法律上的「課責」是否會變成一種形式主義？即便我們追蹤到了程式碼，但如果連開發者都無法預測模型在特定極端環境下的突發行為，課責是否還具備道德意義？
2026/04/28 17:47:01,"效益優先 (Benefit First)：只要長期能顯著降低整體交通死傷，自駕車部署就可被接受。If self-driving cars can significantly reduce overall traffic injuries and deaths in the long run, their deployment can be justified.",我選擇效益優先，與該原則相關的事實是，我們可以透過統計上的數據直接觀察到自駕車部署與長期整體交通死傷的相關性，因此以理性上最佳選擇應該以效益優先,以整體效益作為首要考量，是允許自駕車風險被不公平地分配給社會成員，尤其無車者必須承受較大負擔。,"堅持(Defend)：批評不成立，我的立場完全不變，我能說明為什麼。The objection fails. My position does not change, and I can explain why.",批評不成立，因為效益優先不等於轉嫁風險給社會成員，這裡的效益優化不僅限於討論用車者的效益，而是包含整體交通死傷，在效益優化的情況下必然會考慮到社會成員，因此批判中的風險轉移給社會成員與無車者的批判不成立。,整理的設計難度與企業所背負的社會責任會增加，造成設計車輛成本上升，因此這可能間接導致企業不願意投入成本在於自動車輛與相關的安全設計，反而與原先提高車輛安全的效益優先目標相違背，代價回歸到由社會成員承擔。,
2026/04/28 17:47:11,"責任追溯與課責優先 (Accountability First)：若事故發生後無法清楚追溯責任、說明決策依據並進行有效課責，則不應部署。If, after an accident, responsibility cannot be clearly traced, the basis of the decision cannot be explained, and effective accountability cannot be imposed, then deployment should not be allowed.",當事故發生時，大家最在乎不益於的是那對方撞我，他說是車自己開的，不是他開的，那這個責任該由誰承擔，是由車商還是擁有者。我認為責任追溯和課責優先，他的核心價值我認為是利益，在自駕案例中，政府應擬定好相對應的法規,把責任追溯和課責優先當成判斷自駕車能否部署的首要考量，看似合理，但它的根本問題是政府為了利益，尚未擬定就讓自駕車行駛，因為它忽略行人利益，現在有行人法規，若斑馬線淡化，他無法判斷，造責誰來承擔,"限定(Qualify)：批評部分成立，但我的核心立場不變，只是需加上特定條件或在特定情形下成立。The objection is partly valid, but my core position remains the same. It only holds under certain conditions or in certain cases.",批評很可能成立，但我的立場在有絕對的判斷條件之下仍然能成立，因為大家在乎的除了安全就是利益,自駕車的廠商名譽會因駕駛者的不當操作受損,若自駕車普及會不會無照率的過失比率上升，駕車的技術需求降低
2026/04/28 17:47:15,"一般用路人風險保護優先 (Road User Protection First)：自駕車的研發與測試風險，不應主要由行人、騎乘者與其他一般用路人承擔。The risks of developing and testing self-driving cars should not fall mainly on pedestrians, cyclists, and other road users.",在這類攸關交通部署和大舉修法的議題，應以大眾的福祉為優先，自駕車的研發與測試風險，不應主要由行人、騎乘者與其他一般用路人承擔。在這類自駕車案例中，車廠應該在訓練模型的時候，加入駕駛的真實數據。讓模型知道會有怎樣的情境發生（包含違規行人、汽機車等），並且在可控的環境中，有工程師輔助的情況下進行實地測試。,把一般用路人風險保護優先原則當成判斷自駕車能否部署的首要考量，看似合理，但它的根本問題是將對人機採取雙重標準。因為它忽略了交通事故的發生往往是因多重因素導致的，若要求自駕車承擔比人駕車更高的安全標準和責任的話，難以嚇阻常違規的人駕車，沒辦法進一步達到降低事故率的目標。,"堅持(Defend)：批評不成立，我的立場完全不變，我能說明為什麼。The objection fails. My position does not change, and I can explain why.",批評不成立，因為科技的發展以輔助人類為主軸，它的感官比人類多、能做到更快更複雜的運算，對於路況的掌握比人駕車更可信，承擔更高的安全標準並不為過。,會犧牲車廠與相關產業的利益，他們需要收集大量資料、耗費更多成本來訓練模型，經過多重測試檢驗後才能將產品量產兌現，在營運層面上會面臨更多挑戰。,
2026/04/28 17:47:18,"責任追溯與課責優先 (Accountability First)：若事故發生後無法清楚追溯責任、說明決策依據並進行有效課責，則不應部署。If, after an accident, responsibility cannot be clearly traced, the basis of the decision cannot be explained, and effective accountability cannot be imposed, then deployment should not be allowed.","P1（事實）：與該原則相關的事實是什麼？
當事故發生時，很難知道究竟是硬體故障、軟體邏輯錯誤、地圖資訊偏差，還是人機協作失靈。
P2（規範）：你主張哪一項原則應優先？正義及法律的穩定優先
該原則的核心價值是什麼？若受害者無法獲得法律上的公正賠償或刑事追究，就沒有正義存在。
C（結論）：根據 P1 和 P2，在這類自駕車案例中，誰應該做什麼、或不應該做什麼？
在法律上明確釐清製造商、軟體商與使用者的責任歸屬及處罰方式或刑責。",把責任追溯與課責優先當成判斷自駕車能否部署的首要考量，看似合理，但它的根本問題是過度強調程序正義，因為它忽略了人為駕駛的事故率高於自駕車，堅持課責優先過於僵化。,"堅持(Defend)：批評不成立，我的立場完全不變，我能說明為什麼。The objection fails. My position does not change, and I can explain why.",批評不成立，因為雖然人為駕駛事故率更高，但是全部改為自駕車的日子尚未到來，若不能提前將法條整頓清楚。未來若遇上大規模事故將更難處理。,雖然為了課責反對自駕車上路，但我仍對自駕車是否上路的進度感到不安，法律永遠是最慢的。,如果系統大當機，或是受到干擾，系統被駭成為新興的戰爭手段，有甚麼方法可以最快將混亂或傷害降到最低?
2026/04/28 17:47:38,"一般用路人風險保護優先 (Road User Protection First)：自駕車的研發與測試風險，不應主要由行人、騎乘者與其他一般用路人承擔。The risks of developing and testing self-driving cars should not fall mainly on pedestrians, cyclists, and other road users.","在 Uber 自駕車事故 中，自駕測試車輛在公共道路上運行，實際承擔風險的是未參與決策的一般用路人（如行人與騎士），而這些人無法選擇是否接受該技術測試所帶來的潛在風險。
我主張「一般用路人風險保護優先」，其核心價值是「風險分配的正當性」，也就是不應將創新過程中的不確定風險轉嫁給未同意且無法迴避的第三方，特別是處於弱勢位置的用路人。
因此，在此類案例中，自駕車開發與測試方應限制在不會將主要風險外部化給一般用路人的情境下進行（例如封閉測試環境或更嚴格的安全門檻），而不應直接在公共道路上進行尚未成熟的測試，否則即使技術潛在有益，也不具備倫理上可接受的部署正當性。",把一般用路人風險保護當成判斷自駕車能否部署的首要考量，看似合理，但它的根本問題是過度排斥任何形式的現實測試風險，因為它忽略了技術進步本身需要在真實環境中驗證的必要性，也犧牲了長期可能大幅降低整體交通傷亡的公共利益。,"限定(Qualify)：批評部分成立，但我的核心立場不變，只是需加上特定條件或在特定情形下成立。The objection is partly valid, but my core position remains the same. It only holds under certain conditions or in certain cases.",批評部分成立，但我的立場在「測試風險被嚴格控制且不由無辜用路人主要承擔」的條件下仍然能成立，因為技術確實需要在真實環境中驗證，但這種驗證不應以將不可選擇的風險轉嫁給一般用路人為代價，而應透過降低外部風險暴露來維持風險分配的正當性。,"代價是放慢技術驗證與部署速度，並提高研發成本（需要更多封閉場域測試、模擬驗證與安全機制），同時也可能延後自駕車在整體交通安全上的潛在效益。這些成本主要由開發公司（成本與時間壓力）、投資者（回報延遲）以及社會大眾（較晚享受到技術紅利）共同承擔。

我認為這個代價是值得的，因為它避免將不可選擇的風險強加在一般用路人身上，維持風險分配的基本正當性。不過，被我壓後的「效益優先」仍然是重要價值，因此應給予補償，例如透過更高強度的模擬測試、分階段開放場域、透明公開安全數據，以及建立嚴格的上路門檻，來在不犧牲用路人安全的前提下，盡量縮短技術成熟與實際效益實現之間的落差。",最讓我猶豫的是：如何客觀界定「風險已不再主要由一般用路人承擔」的門檻。也就是說，在什麼程度的安全表現、測試覆蓋率或事故機率下降後，可以合理認為自駕車上路不再是不正當的風險轉嫁，目前缺乏一個明確且被廣泛接受的標準。
2026/04/28 17:47:42,"一般用路人風險保護優先 (Road User Protection First)：自駕車的研發與測試風險，不應主要由行人、騎乘者與其他一般用路人承擔。The risks of developing and testing self-driving cars should not fall mainly on pedestrians, cyclists, and other road users.","P1：這一類自動駕駛的研發跟測試，設計環境是車在公共道路上運行，包含其他用路人種類，而在自駕車外的用路人在不知情或是非提出同意下，就一同放到技術測試的獲益與風險評判中

P2：任何用路人的權利應該是平等的， 企業不能因為自身經濟利益，將其他用路人民視為可接受的風險成本，變成說獲益的是企業，承擔風險的卻是不知情用路人，企業製造這種“權力不平等”的環境是有問題的

C：企業在未經嚴格封閉測試及取得社會共識前，不應將對用路人風險的技術直接應用於真實世界",把所有用路人的知情同意當成判斷自駕車能否部署的首要考量，看似合理，但它的根本問題是會陷入技術開發瓶頸與矛盾，因為它忽略了技術要本身就需要大量實驗成本與公眾利益取捨，我們不能說像是“因嬰兒不能受傷，所以永遠不讓他學步”這種矛盾，若每個實驗都需要仔細考量每一個用路人，那任何技術都無法發展,"限定(Qualify)：批評部分成立，但我的核心立場不變，只是需加上特定條件或在特定情形下成立。The objection is partly valid, but my core position remains the same. It only holds under certain conditions or in certain cases.",批評部分成立，但我的立場在未窮盡低風險測試手段的條件下仍然能成立，因為技術開發的必要性不能當作規避責任的萬金油，企業必須證明已在可模擬環境下已經達到可測試極限，才能將風險轉嫁至公共道路,技術發展人員將會承擔更多責任：由於封閉測試環境無法極限模擬真實世界的無限狀況，任何根據國際人文，法律，風情都也可能影響今日自駕車的決策可能，嚴格的管制會讓自動駕駛技術難以發展下去,
2026/04/28 17:47:52,"責任追溯與課責優先 (Accountability First)：若事故發生後無法清楚追溯責任、說明決策依據並進行有效課責，則不應部署。If, after an accident, responsibility cannot be clearly traced, the basis of the decision cannot be explained, and effective accountability cannot be imposed, then deployment should not be allowed.","P1（事實）： 在 Uber 的事故中，系統沒辦法正確識別行人，而且人類安全駕駛員分心，導致決策鏈破碎，事後難以釐清是軟體瑕疵、硬體失效還是人為疏失。
P2（規範）： 這個原則的核心價值是「公正」與「透明」。當一項新技術涉及別人生命安全時，必須確保系統的每一個決策都能夠被解釋，而且在錯誤發生時有明確的法律與倫理歸責對象。
 C（結論）： 研發者應確保 AI 決策過程可被追蹤（例如黑盒子紀錄），而且必須在部署前確立法律責任框架。如果無法課責，就不應將未成熟的技術推向大眾。",把責任追溯與課責當成判斷自駕車能否部署的首要考量，看似合理，但它的根本問題是可能阻礙技術創新與社會整體安全提升的速度，因為它忽略了即便責任釐清困難，自駕車若能比人類駕駛降低更多傷亡，其帶來的長期效益（減少交通死傷）仍非常巨大。,"限定(Qualify)：批評部分成立，但我的核心立場不變，只是需加上特定條件或在特定情形下成立。The objection is partly valid, but my core position remains the same. It only holds under certain conditions or in certain cases.",若選「批評部分成立，但我的立場在確保基本人權保護條件下仍然能成立，因為如果為了追求整體效益而允許一個責任不明、甚至可能隨機造成無辜傷害卻無人負責的系統，將會瓦解大眾對法律與科技的信任，這種社會成本反而更難以承受。」,"代價是自駕車技術的部署速度可能會變慢，研發成本會增加。
承擔者是自駕車開發廠商（利潤降低）以及那些原本可能因技術普及而獲益的潛在受害者（因為技術推遲上路而繼續面臨人類駕駛帶來的風險）。
我認為代價值得付出，因為法律穩定性是社會運行的基礎。可以透過政府建立「無過失補償基金」或專門的自動駕駛保險制度來減緩代價，在責任釐清期間先給予受害者補償。",我最困惑的地方在於「責任的界線」。當 AI 的決策是基於複雜的深度學習算法而產生人類難以理解的『黑盒子』結果時，法律上的過失該如何定義？如果要求 AI 必須百分之百可解釋，是否會限制了 AI 處理複雜交通狀況的能力？」
2026/04/28 17:47:59,"責任追溯與課責優先 (Accountability First)：若事故發生後無法清楚追溯責任、說明決策依據並進行有效課責，則不應部署。If, after an accident, responsibility cannot be clearly traced, the basis of the decision cannot be explained, and effective accountability cannot be imposed, then deployment should not be allowed.",目前自駕車還是會造成事故，我主張責任追溯與課責優先他的核心價值在於出事了會有人負責，原因是因為受害者是無辜的必須有人來還賠償給受害者，所以公司因該要做好賠償的責任歸屬。,把責任追溯與課責優先當成判斷自駕車能否部署的首要考量，看似合理，但它的根本問題是降低科技進步的速度，因為它犧牲了公司賺取自駕車經濟利益這樣賠錢的事情就沒人來做。,"堅持(Defend)：批評不成立，我的立場完全不變，我能說明為什麼。The objection fails. My position does not change, and I can explain why.",批評不成立，因為如果成功也是公司獲利，如果一味的只想取得好處而不去負責，那不可能可以取得成果,道路上的安全問題，可能因為自駕車，車禍意外增加，使其他道路的使用人受害，感覺可以公告哪條路段是可以開放自駕車至於其他要不要走這條路就是自己的選擇,
2026/04/28 17:48:07,"一般用路人風險保護優先 (Road User Protection First)：自駕車的研發與測試風險，不應主要由行人、騎乘者與其他一般用路人承擔。The risks of developing and testing self-driving cars should not fall mainly on pedestrians, cyclists, and other road users.",我認為不應由路人承擔開發及測試的風險，他們是沒有選擇的，對於種種風險只能被動承受。自駕車開發公司應尋求更妥善的，不危及他人安全的方法來開發。,一般民眾駕駛對行人安危的風險並不一定會比較低。,"堅持(Defend)：批評不成立，我的立場完全不變，我能說明為什麼。The objection fails. My position does not change, and I can explain why.",批評不成立，他們在開發階段還是不應讓行人陷入風險之中。自駕車投入市場時應該要是被調整的對行人風險極低。（因為市面上的車子不可能全部變成自駕車，兩種駕駛方法的對行人的風險承擔應分開為計）,加了這個限制，會拖慢自駕技術成熟的速度,
2026/04/28 17:48:09,"一般用路人風險保護優先 (Road User Protection First)：自駕車的研發與測試風險，不應主要由行人、騎乘者與其他一般用路人承擔。The risks of developing and testing self-driving cars should not fall mainly on pedestrians, cyclists, and other road users.","P1： 在 Uber 事故中，受害者是在公共道路上推著腳踏車橫穿馬路的行人。她並未簽署任何同意書，也不是該自駕技術開發的受益者或參與者，卻在無預警的情況下，因系統軟體未能正確識別並採取緊急煞車，以及安全駕駛人員的疏忽，承擔了技術測試失敗的最終代價。

P2： 我主張一般用路人風險保護優先。該原則的核心價值在於負向義務的優先性與脆弱性保護。在道義論觀點下，我們有不傷害他人的負向義務，這優先於追求社會整體利益的正向義務。行人與非機動車使用者在面對自駕車測試時，處於極度的資訊與權力不對稱中，他們無法逃避或拒絕這種潛在危險，因此其生命安全權應被視為部署正當性的前提。

C： 根據上述，研發機構與政府監管單位不應在未確保對非參與者風險降至最低的前提下，於公共道路進行全開放式測試。在系統尚未能百分之百在複雜情境下保護無辜第三者之前，研發者必須將測試侷限於封閉場域，或採取極端保守的冗餘安全措施，不得為了技術迭代的速度而轉嫁風險給一般路人。",把一般用路人風險保護優先當成判斷自駕車能否部署的首要考量，看似合理，但它的根本問題是會陷入研發停滯的預防原則陷阱，因為它忽略（或犧牲了）未來因技術延遲上路而可能被挽救的成千上萬條生命。,"限定(Qualify)：批評部分成立，但我的核心立場不變，只是需加上特定條件或在特定情形下成立。The objection is partly valid, but my core position remains the same. It only holds under certain conditions or in certain cases.",批評部分成立，但我的立場在區分私人測試與公共外部性條件下仍然能成立。因為雖然技術進步對社會整體有益，但我們不能以此為藉口，強迫不特定的個人在未受告知且未獲補償的情況下成為實驗品。我主張的核心立場不變，但應加上：若要進行公共道路測試，開發者必須提供極高的透明度與責任擔保。唯有在風險已知、可控且受害者能獲得充分救濟的制度保障下，才能部分妥協絕對的保護原則，但核心價值仍應偏向保護弱勢用路人。,"代價： 這一選擇的代價是技術革新的速度大幅放緩，以及研發成本的劇增。企業可能因過高的監管門檻而撤出研究，這將導致我們在追求零事故社會的路上推遲數十年。

承擔者： 這個代價由全體社會成員承擔，以及那些未來可能受益於自駕技術的潛在受害者。

補償/減緩： 我認為這個代價是值得付出的，因為社會正義的基礎建立在個人權利不應為集體利益而被隨意犧牲。我們可以透過政府補貼封閉測試場地的建設，或建立更精準的模擬測試技術來減緩這個代價。",風險的量化標準。我們究竟要證明自駕車比人類安全多少倍，才算達到了可以部署的正當性？如果人類駕駛每億英里死亡率是 1.18，自駕車達到 1.0 是否就足夠？即便它比人類安全，但它發生的事故往往是人類不會犯的低級錯誤，這種事故型態的本質差異讓社會大眾在心理與倫理上難以接受，這種算法歧視與對機器錯誤的零容忍該如何與統計上的效益達成和解？
2026/04/28 17:48:25,"責任追溯與課責優先 (Accountability First)：若事故發生後無法清楚追溯責任、說明決策依據並進行有效課責，則不應部署。If, after an accident, responsibility cannot be clearly traced, the basis of the decision cannot be explained, and effective accountability cannot be imposed, then deployment should not be allowed.",無論是駕車或行走，用路人使用公共馬路本就有其需承受的潛在風險，當發生交通事故時也應就法律規範檢視雙方疏失程度，去進行責任追溯，因此自駕車也必須有與人類有相同或相關配套條款去規範，把事故發生時的責任歸咎作為部署的優先考量才能在事後有效課責。,把責任追溯與課責優先當成判斷自駕車能否部署的首要考量，看似合理，但它的根本問題是擴大了用路潛在風險，因為它忽略了開發階段時其他用路人的安全及路權。,"限定(Qualify)：批評部分成立，但我的核心立場不變，只是需加上特定條件或在特定情形下成立。The objection is partly valid, but my core position remains the same. It only holds under certain conditions or in certain cases.",批評部分成立，但我的立場在「交通事故造成的後果是具有可能立即造成嚴重傷害」的前提條件下仍然能成立，在此情況下，事故後的責任歸屬將非常複雜，因此需要在自駕車部署前就先規範出相關的配套。,雖然自駕車能開發出新的技術並推進科技發展，但仍擔心交通的事故是否會大幅增加,
2026/04/28 17:48:45,"效益優先 (Benefit First)：只要長期能顯著降低整體交通死傷，自駕車部署就可被接受。If self-driving cars can significantly reduce overall traffic injuries and deaths in the long run, their deployment can be justified.",自駕車的設計與發展脈絡下，效益優先的核心價值可以概括為：最大化整體社會的福祉，並將總體傷害降至最低。主張在自駕車發展中應優先落實「效益優先」的觀點，主要基於解決迫在眉睫的系統性危機。,把追求整體事故率最低的效益優先當成判斷自駕車能否部署的首要考量，看似合理，但它的根本問題是它將人的生命降級為可供演算法加減折抵的統計成本，因為它犧牲了系統盲區下少數無辜個體絕對不可侵犯的生存權益，同時也忽略了社會大眾在未經明確同意下，被迫成為科技試錯白老鼠的程序不正義與道德責任歸屬。,"限定(Qualify)：批評部分成立，但我的核心立場不變，只是需加上特定條件或在特定情形下成立。The objection is partly valid, but my core position remains the same. It only holds under certain conditions or in certain cases.",批評很可能成立，需要調整將道路上的生死決策與道德權衡完全交由 AI 演算法以統計效益來定奪的分工預設，轉而在系統設計階段強制引入人類的倫理監督邊界與公眾知情同意的程序正義，但整體方向仍是讓 AI 逐步承擔並優化駕駛任務，因為從長遠與宏觀的角度來看，由系統處理高頻、需要毫秒級反應的駕駛行為，確實能大幅消除人類因疲勞、酒駕或分心所造成的龐大系統性傷亡，只要我們在法律與工程上為無辜用路人設下不可妥協的保護底線，追求總體社會安全效益的最大化，依然是推動交通科技發展最務實的願景。,技術部署的嚴重遲滯與工程複雜度暴增，與過渡期的隱形生命折損,
2026/04/28 17:48:47,"一般用路人風險保護優先 (Road User Protection First)：自駕車的研發與測試風險，不應主要由行人、騎乘者與其他一般用路人承擔。The risks of developing and testing self-driving cars should not fall mainly on pedestrians, cyclists, and other road users.",生命是無價的，即生命的價值=∞。花再多的成本也要保障生命。自駕車的研發與測試風險是企業與資本該吸收的，不應該由體積較弱勢與受傷可能性較高的行人、騎士或其他較小型交通工具或道路使用者承擔其外部成本。,如果把行人與騎士安全作為首要保護標準，不就是要求自駕車承擔了比一般人駕車更高的安全標準，這樣不就是對於人機採取雙重標準的偽善嗎?,"堅持(Defend)：批評不成立，我的立場完全不變，我能說明為什麼。The objection fails. My position does not change, and I can explain why.",批評不成立，因為這個反駁論點繞過了生命的無價性。不值得採納。而且忽略了在發生相同意外的時候行人更容易受害的狀況。,效益與責任追溯與課責被忽略與不重視，還有受責方不明確。,
2026/04/28 17:48:52,"效益優先 (Benefit First)：只要長期能顯著降低整體交通死傷，自駕車部署就可被接受。If self-driving cars can significantly reduce overall traffic injuries and deaths in the long run, their deployment can be justified.","P1:訓練好的自駕車可以開的比人類安全
P2:效益優先，長期下來能降低事故率，讓道路更安全，就應該去執行
C:政府應該修改法規，讓足夠安全的自駕車上路，降低事故率",把效益優先當成判斷自駕車能否部署的首要考量，看似合理，但它的根本問題是責任歸屬，因為它忽略當車禍發生時應該由誰負責任。,"限定(Qualify)：批評部分成立，但我的核心立場不變，只是需加上特定條件或在特定情形下成立。The objection is partly valid, but my core position remains the same. It only holds under certain conditions or in certain cases.",批評部分成立，但我的立場在當自駕車在車禍中有肇事責任時，車廠能夠負責的條件下仍能成立，因為可以解決責任歸屬問題，且車廠要對自己研發的自駕車有足夠的信心才會做出這樣的承諾,研發自駕車的成本上升，由車廠承擔。這個代價值得付出，也可透過政府補助來減緩。,
2026/04/28 17:49:07,"一般用路人風險保護優先 (Road User Protection First)：自駕車的研發與測試風險，不應主要由行人、騎乘者與其他一般用路人承擔。The risks of developing and testing self-driving cars should not fall mainly on pedestrians, cyclists, and other road users.","P1 (事實)：
在 Uber 事故中，受害者（行人 Elaine Herzberg）是在公共道路上行走時被測試車輛撞擊身亡。自駕車系統的研發高度依賴「真實世界測試」來補足模擬數據的不足。這意味著在技術尚未完全成熟前，測試車輛本質上是將潛在的系統故障風險，轉嫁給了並未同意參與測試、且未從該次測試中獲得直接利益的一般用路人。

P2 (規範)：
我主張「一般用路人風險保護優先」應作為首要考量。該原則的核心價值是「脆弱性保護」（Protection of Vulnerability）與「公平分配負擔」（Fair Distribution of Burdens）。在倫理上，一個社會不應為了追求未來的技術紅利，而強迫無辜的第三方在未經知情同意的情況下，承擔高度不對稱的生命安全風險。保護公眾不被非自願地工具化，其位階應高於技術演進的效率。

C (結論)：
根據上述，研發機構（如 Uber）不應在公共道路上進行未經充分安全驗證且缺乏冗餘防護的測試。具體而言，在將風險轉移至公共空間前，開發者必須證明已窮盡模擬器與封閉場域測試，且必須在車內配置具備高度警覺性的安全駕駛員。政府監管機構則應嚴格限制測試範圍，除非能證明該技術對路人的風險已降低至與人類駕駛相當、甚至更低，否則不具備部署的正當性。","把「一般用路人風險保護優先」當成判斷自駕車能否部署的首要考量，看似合理，但它的根本問題是其導致的「技術遲滯（Technological Stagnation）」可能在倫理上造成更大規模的傷亡，因為它忽略了現有的交通系統（由人類駕駛）本身就極其危險，而過度保守的保護原則會犧牲掉「及早轉型至更安全系統」的效益。

如果因為追求極致的零風險保護而無限期推遲部署，實質上是在默許每年數以萬計的人死於可預防的人為駕駛錯誤（如酒駕、分心）。這種立場雖然保護了當下的路人，卻忽略了對未來潛在受害者的道德責任，可能陷入一種「為了局部的絕對公平而放棄整體的重大救贖」的道德困境。","限定(Qualify)：批評部分成立，但我的核心立場不變，只是需加上特定條件或在特定情形下成立。The objection is partly valid, but my core position remains the same. It only holds under certain conditions or in certain cases.",批評部分成立，但我的立場在「建立動態風險評估模型並實施階段性場域開放」條件下仍然能成立，因為「一般用路人風險保護」並不等同於「絕對禁止測試」。我們不應為了追求未來效益而將當下路人視為純粹的測試白鼠，但我們可以透過提高測試透明度、嚴格限定測試環境（如低速區、特定天氣條件）以及強化第三方安全審核，在不犧牲路人核心安全權利的前提下，循序漸進地推進技術開發，而非陷入「全有或全無」的發展困境。,"代價內容： 該選擇所需付出的代價是技術普及化進程的延遲以及極高的合規行政成本。由於優先保護路人，研發企業必須投入巨額資金於模擬器開發、封閉測試場建設與冗餘安全員的編制，這會導致自駕技術大規模商用的時間點延後。

承擔者： 研發企業（承擔高額成本）、科技投資者（面臨回報期延長），以及那些本可受益於自駕技術的潛在受害者（例如因人類司機失誤而將在未來幾年遭遇事故的人，因技術延遲而未能及時獲救）。

是否值得與如何減緩： 我認為這個代價是值得付出的。因為技術的社會正當性建立在「公眾信任」之上，一旦發生如 Uber 案這類因忽視路人安全而產生的事故，所引發的反撲與法規緊縮反而會讓技術停滯更久。減緩方式應由政府與產業建立「數據共享機制」，讓不同企業間的安全數據能互通，減少重複性的高風險路測，在維持保護原則的同時提升研發效率。",目前最讓我猶豫的是「風險對等性」的衡量標準。我們應如何科學且公正地定義自駕車「足夠安全」到可以上路？是只要比平均人類駕駛安全 10% 即可，還是必須達到近乎零誤差？如果我們要求的標準遠高於人類司機，這在道德上是否變成了一種對新技術的歧視，進而導致我們因追求「完美」而錯失了「較好」的生存選擇？這個「安全閾值」的設定，目前仍缺乏全球性的倫理共識。
2026/04/28 17:49:14,"一般用路人風險保護優先 (Road User Protection First)：自駕車的研發與測試風險，不應主要由行人、騎乘者與其他一般用路人承擔。The risks of developing and testing self-driving cars should not fall mainly on pedestrians, cyclists, and other road users.",在測試Uber自駕車時，行人Elaine Herzberg於橫越馬路時被撞。我主張一般用路人風險保護優先，該原則的核心價值是自駕車的研發與測試風險，不應主要由行人、騎乘者與其他一般用路人承擔。在這類自駕車案例中，工程師應進行「行人未走斑馬線」時的情境測試，而測試駕駛員應隨時監看。,把行人與騎乘者的用路安全當成判斷自駕車能否部署的首要考量，看似合理，但它的根本問題是會對於人機採取雙重的安全標準，因為它忽略了自駕車被要求承擔比人駕車更高的安全標準。,"堅持(Defend)：批評不成立，我的立場完全不變，我能說明為什麼。The objection fails. My position does not change, and I can explain why.",批評不成立，因為自駕車如果發生事故，其責任可歸咎到自駕車的公司、研發的工程師等等，可課責的對象非常多，不像人駕車大部分都可歸責於駕駛，因此我認為對自駕車要求承擔比人駕車更高的安全標準是合理的。,若是以保障用路人的安全為優先，可能就無法完全且頻繁的測試自駕車的效能，達成顯著降低整體交通死傷的目標可能就要更久，需要承擔這個可能的是全體社會大眾，但我認為這個代價可以透過研發自駕車的工程師對自駕車下更完善的倫理指令，即可達成既保護用路人又顯著降低整體交通死傷目標。,
2026/04/28 17:49:14,"一般用路人風險保護優先 (Road User Protection First)：自駕車的研發與測試風險，不應主要由行人、騎乘者與其他一般用路人承擔。The risks of developing and testing self-driving cars should not fall mainly on pedestrians, cyclists, and other road users.","​在 Uber 事故的事實中，企業為了研發利潤，將未成熟的技術直接投入公共道路測試，導致行人在不知情且未同意的情況下，被迫承受了系統失效帶來的死亡風險。這背後的核心規範價值在於分配正義和知情同意，任何社會實驗或技術測試，都不應將風險轉嫁給未獲益且未授權的第三方，保護公共空間中弱勢用路人的生命權，其位階必然高於企業的研發效率
因此研發單位不應將公眾當作演算法去錯的白老鼠，在技術達到絕對安全前，應將測試限制在封閉場域，且政府必須強制要求企業承擔完全的風險控制義務",把一般用路人風險保護優先當成首要考量，看似合理，但它的根本問題是過度追求眼前的程序正義，卻導致了更嚴重的實質傷害，因為它忽略了現有人為駕駛極高的肇事率，犧牲了早一日普及自駕技術就能多救下的生命，若為了保護路人而讓研發進度停擺，實際上是讓社會繼續被鎖死在危險的人為駕駛環境中，反而造成更多不必要的傷亡,"限定(Qualify)：批評部分成立，但我的核心立場不變，只是需加上特定條件或在特定情形下成立。The objection is partly valid, but my core position remains the same. It only holds under certain conditions or in certain cases.",批評部分成立，但我的立場在強制開發者負擔全額風險成本的條件下仍然能成立，因為科技進步的代價不應由無關的路人承擔，即便延後研發有社會成本，也不能將其轉嫁給未獲益的行人，只要研發者在路測前先完成高強度模擬，並在出事時承擔賠償責任，就能在不犧牲公平正義的前提下，兼顧技術發展與當下用路人的生命安全,選擇一般用路人風險保護優先的代價是延遲技術普，這會拖慢研發進度，讓未來人為車禍的潛在受害者與身障者承擔更久的風險與不便，但我認為這項代價值得，因為進步不應建立在強迫不知情者冒險的不正義之上,為什麼要反論自己，自己一定會有先入為主的想法，就算有反證，也無法說服自己啊
2026/04/28 17:49:45,"效益優先 (Benefit First)：只要長期能顯著降低整體交通死傷，自駕車部署就可被接受。If self-driving cars can significantly reduce overall traffic injuries and deaths in the long run, their deployment can be justified.","P1: 自駕車技術若全面普及 能消除大部分因人為失誤如酒駕、疲勞駕駛、分心等狀況
P2：我主張「效益優先」原則應優先。我認為核心價值是「最大化社會整體福祉並減少總痛苦」。
結論在 Uber 自駕車案例中，雖然單次事故令人遺憾，但政府與開發者應持續進步，因為長期而言，這項技術能挽救成千上萬人的生命！",因為它忽略無辜路人在未經同意下被當成技術測試『代價』的風險，且可能導致行人等等（弱勢的族群）被不公平地犧牲。,"限定(Qualify)：批評部分成立，但我的核心立場不變，只是需加上特定條件或在特定情形下成立。The objection is partly valid, but my core position remains the same. It only holds under certain conditions or in certain cases.",因為雖然追求整體效益是最終目標，但不能無視基本的安全防護，否則犧牲的是公眾對技術的信任。, ,多少比例的安全性提升才足以抵銷一次無辜的死亡？
2026/04/28 17:49:49,"責任追溯與課責優先 (Accountability First)：若事故發生後無法清楚追溯責任、說明決策依據並進行有效課責，則不應部署。If, after an accident, responsibility cannot be clearly traced, the basis of the decision cannot be explained, and effective accountability cannot be imposed, then deployment should not be allowed.",若事故發生後無法清楚追溯責任並進行有效課責，那麼過錯方無法吸取教訓，受害方亦無法得到相應補償，因此我主張責任追溯與課責優先。,把責任追溯與課責優先當成判斷自駕車能否部署的首要考量，看似合理，但它的根本問題是未考量到課責程度與追溯程度，因為它缺少了事故發生時究竟是因為車子本身的故障還是因為車主不當操作導致，若是車子本身的問題卻歸責給車主，車主該如何去證明申訴。,"限定(Qualify)：批評部分成立，但我的核心立場不變，只是需加上特定條件或在特定情形下成立。The objection is partly valid, but my core position remains the same. It only holds under certain conditions or in certain cases.",批評部分成立，但我的立場在明確確定車主操作導致事故的條件下仍然能成立，因為既然是車主的操作造成事故，賣車的公司便沒有需要承擔的責任，其事故責任就能有明確的判定了,雖然事故發生後判責很重要，但自駕車是否能降低事故率也應該被注意到。,自動駕駛跟真人操作到底該更信任哪一個。
2026/04/28 17:49:52,"一般用路人風險保護優先 (Road User Protection First)：自駕車的研發與測試風險，不應主要由行人、騎乘者與其他一般用路人承擔。The risks of developing and testing self-driving cars should not fall mainly on pedestrians, cyclists, and other road users.","P1:在開放道路上有各種用路人，機車騎士、一般車駕駛、行人
P2:一般用路人的風險保護優先。在一般用路人的行車安全跟自駕車技術開發之間進行衡平，關乎人身安全的一般用路人行車安全高於自駕車技術開發
C:自駕車在路上行駛時，工程師應該設計在涉及其他一般用路人安全的決策時，應該以保護其他用路人安全為優先",把一般用路人的安全當成判斷自駕車能否部署的首要考量，看似合理，但它的根本問題是人為駕駛不一定比自駕好，因為它忽略人工智慧在駕車上能做到比人更好的地方。,"限定(Qualify)：批評部分成立，但我的核心立場不變，只是需加上特定條件或在特定情形下成立。The objection is partly valid, but my core position remains the same. It only holds under certain conditions or in certain cases.",批評部分成立，但我的立場在面對交通緊急狀況條件下仍然能成立，因為目前人為對緊急情況的應變比人工智慧好,減少部署可能會對自駕車開發商對自駕的技術研發變慢，不過這是可以被羲生的,
2026/04/28 17:49:52,"一般用路人風險保護優先 (Road User Protection First)：自駕車的研發與測試風險，不應主要由行人、騎乘者與其他一般用路人承擔。The risks of developing and testing self-driving cars should not fall mainly on pedestrians, cyclists, and other road users.","P1（事實）Elaine Herzberg只是牽腳踏車過馬路，她不是Uber員工，也沒有同意參與自駕車測試，甚至不知道自己身處測試區域。當時系統雖然有偵測到她，但因為判斷延遲，加上安全員分心，最後發生事故

P2（規範）我認為應優先遵守不傷害原則和正義原則，科技進步不能建立在無辜路人的風險上。企業不能為了研發和利益，把危險轉嫁給完全不知情的行人

C（結論）因此在自駕系統還沒證明足夠安全前，不應直接上公共道路測試，政府也應制定更嚴格的規範，確保用路人的安全，而不是讓行人承擔被實驗的風險。",把一般用路人風險保護當成判斷自駕車能否部署的首要考量，看似合理，但它的根本問題是，嚴重阻礙救命技術的進步速度，因為它忽略了數據換取安全的必要性。如果我們在研發階段追求零風險才允許上路，那自駕車可能永遠無法處理真實世界中的突發狀況，這反而犧牲了未來成千上萬可能死於人為失誤的生命。,"限定(Qualify)：批評部分成立，但我的核心立場不變，只是需加上特定條件或在特定情形下成立。The objection is partly valid, but my core position remains the same. It only holds under certain conditions or in certain cases.",批評部分成立，但我的立場在必須先通過嚴格的模擬或封閉場地測試，並達成安全標準，因為提升研發效率不代表可以讓路人承擔風險。企業不能用未來可能救人當理由，就在公共道路上邊撞邊學,"代價是什麼？ 技術成熟的時間成本
誰會因此承擔？ 主要是科技公司以及未來的潛在受害者
 值得嗎？ 我覺得值得。因為社會對 AI 的信任非常脆弱。如果為了快，而頻繁發生這種悲劇，大眾最終會因為恐懼而徹底抵制自駕技術，到時候付出的社會成本反而更高。","最讓我猶豫的是雙重標準的問題。
人類開車其實超爛，每年撞死一堆人，社會好像覺得那是不幸。但 AI 只要撞死一個，大家就會驚天動地。"
2026/04/28 17:49:52,"一般用路人風險保護優先 (Road User Protection First)：自駕車的研發與測試風險，不應主要由行人、騎乘者與其他一般用路人承擔。The risks of developing and testing self-driving cars should not fall mainly on pedestrians, cyclists, and other road users.","在 Uber 事故中，受害者 Elaine Herzberg 是一名牽著腳踏車橫穿馬路的行人。自駕系統雖偵測到障礙物，但因分類邏輯錯誤且為了減少誤判煞車而禁用了緊急煞車功能，加上安全駕駛員分心，導致事故發生。事實上，受害者並未同意參與這項技術測試，卻成為系統開發過程中的風險承擔者。
我主張一般用路人風險保護優先應作為首要考量。該原則的核心價值在於正義與知情同意。在倫理上，當一方為了獲取商業利益或技術進步而設定風險時，不應將此風險強加於未參與利益分配、且未表達同意的第三方身上。保護弱勢用路人的生命權應優先於技術開發的速度與效率。
根據上述，自駕車開發商不應在公共道路上測試未經封閉場域充分驗證安全性的系統。政府應強制要求開發商證明其系統對非預期路況的防禦性高於人類駕駛，且在確保零外部化風險前，不應部署。",把一般用路人風險保護優先當成判斷自駕車能否部署的首要考量，看似合理，但它的根本問題是阻礙了具有巨大潛在效益的救命技術發展，因為它忽略未來成千上萬可能因自駕車普及而免於死於人類駕駛疏失的潛在受害者權益。過於嚴苛的測試門檻會導致研發停滯，使社會繼續困於人為交通意外的高風險中。,"限定(Qualify)：批評部分成立，但我的核心立場不變，只是需加上特定條件或在特定情形下成立。The objection is partly valid, but my core position remains the same. It only holds under certain conditions or in certain cases.",批評部分成立，但我的立場在確保開發者承擔絕對賠償責任且提供透明風險評估的條件下仍然能成立，因為我承認技術進步對社會整體的長期效益，但這不能成為強迫弱勢者分擔研發成本的藉口。我們可以在限定的區域、低速環境下逐步開放測試，但必須確保測試車輛具備最高等級的被動防禦機制，以確保一般用路人的風險不超過現有交通環境的基準。,"最直接的代價是技術轉型期的延長。這意味著自駕車全面普及的時間會推遲，這期間因人類疲勞駕駛、酒駕而產生的傷亡將繼續發生。這份代價由全體社會用路人共同承擔。
我認為這個代價是值得的，因為社會契約的根基在於對個體基本權利的保障，而非將人視為達成數據進步的工具。
可以透過政府加大對公共運輸自動化的補助，或在封閉場域先行先試，來減緩研發速度變慢的影響，同時降低對無辜第三方的風險。",如果統計數據顯示自駕車的事故率僅為人類駕駛的 50%，但其事故型態是人類絕對不會犯的錯誤，社會心理上是否真能接受這種非人的風險？這種算法上的理性與大眾對技術失控的恐懼之間，似乎存在著難以跨越的倫理鴻溝。
2026/04/28 17:49:53,"責任追溯與課責優先 (Accountability First)：若事故發生後無法清楚追溯責任、說明決策依據並進行有效課責，則不應部署。If, after an accident, responsibility cannot be clearly traced, the basis of the decision cannot be explained, and effective accountability cannot be imposed, then deployment should not be allowed.","P1事故通常會涉及很多人，難以判斷責任是誰。
P2我主張以責任優先。核心價值是有明確的責任歸屬才能有保障
C在責任歸屬不清楚的情況下自駕車不應該隨意上路。",把責任追溯與課責優先當成判斷自駕車能否部署的首要考量，看似合理，但它的根本問題是它太過注重法律，因為它忽略（或犧牲了）自駕車可以減少人為造成的駕駛意外。,"限定(Qualify)：批評部分成立，但我的核心立場不變，只是需加上特定條件或在特定情形下成立。The objection is partly valid, but my core position remains the same. It only holds under certain conditions or in certain cases.",批評部分成立，但我的立場在有清楚但不複雜的法律條件下仍然能成立，因為自駕車確實能一定程度的減少意外，但還是要有一定程度的責任規範。,有了責任的法律所帶來的限制，必然會部分的影響自駕車的科技發展。,在法律責任與科技帶來的安全效益間的拿捏較為困惑。
2026/04/28 17:50:03,"一般用路人風險保護優先 (Road User Protection First)：自駕車的研發與測試風險，不應主要由行人、騎乘者與其他一般用路人承擔。The risks of developing and testing self-driving cars should not fall mainly on pedestrians, cyclists, and other road users.","P1（事實）：與該原則相關的事實是什麼？自駕系統沒有及時辨識行人，測試過程把測試員當作最後的安全防線。最關鍵的事實是行人沒有同意參與技術測試，卻被迫在公共空間無意識地參加這場未經完全驗證的實驗
P2（規範）：你主張哪一項原則應優先？該原則的核心價值是什麼？我主張優先採取一般用路人風險保護優先原則。核心價值在於分配正義原則。開發者有義務確保產品不傷害無辜的用路人，在還沒取得社會共識前，企業不應該為了技術研發的私人利益，把風險轉嫁給對這項技術無決策權的公眾
C（結論）：根據 P1 和 P2，在這類自駕車案例中，誰應該做什麼、或不應該做什麼？研發企業與政府監管單位不應該在還沒確保這項技術安全是否會傷害路人的前提下，就允許開放道路進行測試。企業應該要想辦法證明測試方案已經把第三方風險降到最低，否則就不該部署",把一般用路人風險保護優先當成判斷自駕車能否部署的首要考量，看似合理，但它的根本問題是設定了不可能的責任標準，因為它忽略了公共空間的風險本來就是集體共同分擔的,"限定(Qualify)：批評部分成立，但我的核心立場不變，只是需加上特定條件或在特定情形下成立。The objection is partly valid, but my core position remains the same. It only holds under certain conditions or in certain cases.",批評部分成立，但我的立場在自駕車安全性還沒證明超越人類平均而且企業沒辦法承擔無過失的賠償責任條件下仍然能成立，因為在技術梅還成熟且責任歸屬不明確的情狀下，不能要求無辜的行人去為企業的研發風險買單,代價是技術開發的停滯與研發成本的增加，當企業被要求必須先證明超越人類安全性且承擔賠償時，測試門檻會變得更高，並且延後自駕車全面普及的時程。自駕車開發企業與科技投資者會承擔，因為他們必須在還收不到利潤的情況下，投入更多資金在測試上。但我認為是值得的，補償方式可以是政府跟企業一同合作建立更完整的封閉測試基地或由政府提供補助，協助企業在不傷害一般用路人的前提下完成數據收集，而不是直接讓不安全的車輛上路,現實中，人類駕駛也有像是酒駕或疲勞駕駛的問題，但我們也對他們的懲罰很輕，如果我堅持自駕車在證明超越人類前必須被嚴格限制，這會不會反而讓那些原本可以被 AI 避免的人為車禍發生？在保護路人不被 AI 傷害與保護路人不被人類傷害之間，我認為標準很難衡量
2026/04/28 17:50:05,"一般用路人風險保護優先 (Road User Protection First)：自駕車的研發與測試風險，不應主要由行人、騎乘者與其他一般用路人承擔。The risks of developing and testing self-driving cars should not fall mainly on pedestrians, cyclists, and other road users.","事實為目前自動駕駛車仍有部分功能尚未穩定

一般用路人風險保護優先

目前政府尚不應開放完全駕駛讓車輛完全自動駕駛，而是應該讓駕駛隨時能夠注意路況切換主控權，駕駛亦不應該完全信任自動駕駛的安全程度，除了保護他人也是保護自己安全",一般用路人風險保護優先當成首要考量 看似合理 但他忽略了駕駛花高價購買自動駕駛的初衷 犧牲了駕駛的利益,"堅持(Defend)：批評不成立，我的立場完全不變，我能說明為什麼。The objection fails. My position does not change, and I can explain why.",批評不成立 因為駕駛購買之前已經知道自動駕駛尚未完善功能 所以路人安全應該由駕駛本人負責 不該讓用路人承擔風險,雖然是為了整體安全考量但確實忽略了駕駛購買自駕車的初衷 讓駕駛在行車過程尚需注意路況無法休息,
2026/04/28 17:50:06,"一般用路人風險保護優先 (Road User Protection First)：自駕車的研發與測試風險，不應主要由行人、騎乘者與其他一般用路人承擔。The risks of developing and testing self-driving cars should not fall mainly on pedestrians, cyclists, and other road users.",是人，人是最重要的，一切以人為基本，製造自駕車就是為了使「人」更方便，而不是其他，人是基本，也是最重要的。,把人的安全當成判斷自駕車能否部署的首要考量，看似合理，但它的根本問題是不可能達到這種雙重標準，因為它忽略（或犧牲了）沒辦法達成兩者的根本其實就是因為人就是最大的變數。,"堅持(Defend)：批評不成立，我的立場完全不變，我能說明為什麼。The objection fails. My position does not change, and I can explain why.",堅持不變，因為是技術上的問題，我真的覺得人可以突破。,時間，需要足夠的時間讓技術更成熟。,我不知道你在上什麼，向鴻全老師說他想要開一堂這樣的實體課，我希望他可以有趣一點。
2026/04/28 17:50:09,"效益優先 (Benefit First)：只要長期能顯著降低整體交通死傷，自駕車部署就可被接受。If self-driving cars can significantly reduce overall traffic injuries and deaths in the long run, their deployment can be justified.",模型訓練需要很大量的資料，所以讓自駕車在安全的環境下，盡可能的在路上跑蒐集數據是對模型最好的。所以我主張效益優先，因為只要長期能顯著降低整體交通死傷，自駕車部署就可被接受。最後讓自駕車在安全有限度的環境下在路上行駛，長期來看是對自駕車本身和交通安全都是有顯著的提升。,把訓練模型的數據量當成判斷自駕車能否部署的首要考量，看似合理，但它根本的問題是出事了之後誰要負責，因為它忽略了人類的權利。,"修正(Revise)：批評很可能成立，我的核心立場會有很大調整，即使整體方向不變。The objection is likely valid, so my core position needs major revision, even if its overall direction remains the same.",批評很可能，因為長期來看對世界是好的，所有事情轉變都會有一點陣痛期，但如果可以把這個改變的陣痛期變得更加圓滿一點，會是不錯的。,代價就是人類會需要花費大量的時間去研討責任的歸屬與上路的條件。,
2026/04/28 17:50:13,"一般用路人風險保護優先 (Road User Protection First)：自駕車的研發與測試風險，不應主要由行人、騎乘者與其他一般用路人承擔。The risks of developing and testing self-driving cars should not fall mainly on pedestrians, cyclists, and other road users.","自駕車並非成熟之科技產品，其尚須經過多樣訓練與指令輸入，才能降低其在道路上的風險，諸如突發情況應變、其他車輛之移動路線、加強偵測其他駕駛或行人及煞車系統與煞車距離之計算。在其尚未顯著降低交通事故發生風險前，不應使其上路，講風險交由一般用路人承擔，且在上路前，更應該由多樣測試其上路安全性與可能性。
所以我覺得一般用路人風險保護優先較為可採，蓋自駕車之企業若不完善其自駕車產品，未經多樣測試與控管道路交通風險，將自駕車發售於市面上，一方面享有自駕車之獲利，另一方面將自駕車上路之風險轉嫁給一般用路人承擔，難認符合公平正義之理。
根據上述見解，自駕車企業應該設想更多道路上所遇到之情況，並進而測試，藉由反覆測試與訓練，讓自駕車變為更成熟之產品，不應該在設計或測試不完全前，就使自駕車上路。",把一般用路人風險保護優先，當成判斷自駕車是否部署的首要考量，看似合理，但它的根本問題是自駕車未必比人駕車更危險，因為他忽略了諸多情況中，人駕或許才是交通事故發生中，佔比較高之因素之一，諸如台灣駕車快速步調中，時常引發諸多不必要之交通事故發生。,"堅持(Defend)：批評不成立，我的立場完全不變，我能說明為什麼。The objection fails. My position does not change, and I can explain why.",批評不成立，不得僅因為自駕車可能比部分人駕車更安全，就部署其於道路上，如此將導致用路環境處於更不利之中，且人駕車之後續責任歸屬，亦比自駕車更容易釐清。所以自駕車企業仍然不得將該風險，交由全體社會共同承擔。,雖然對自駕車企業造成更多成本支出，為了使自駕車趨於完善，必定造成研發成本的增加，且之後成本亦反應於消費者身上，不過只有這種方法，才能使用路人生命身體安全受到保障。,
2026/04/28 17:50:34,"一般用路人風險保護優先 (Road User Protection First)：自駕車的研發與測試風險，不應主要由行人、騎乘者與其他一般用路人承擔。The risks of developing and testing self-driving cars should not fall mainly on pedestrians, cyclists, and other road users.","P1（事實）： 在 Uber 自駕車事故案例中，受害者 Elaine Herzberg 是一名推著自行車橫越馬路的一般用路人。當時自駕系統未能正確識別其為行人，且測試人員因分心未能及時介入。在此類開放道路測試中，一般用路人並未簽署實驗同意書，卻被迫暴露在未成熟技術帶來的風險中。

P2（規範）： 我主張「一般用路人風險保護優先」。核心價值在於負面義務與同意權。我們不應在未經他人同意的情況下，將他人當作達成「技術進步」或「未來安全」目標的手段。保護無辜第三方免於因企業研發而受損。

C（結論）： 科技公司不應在未確保能達到與人類駕駛同等的能力前，於公共道路進行大規模測試；且政府監管單位必須要強制要求這類測試在安全情況下進行。",把一般用路人風險保護優先當成判斷自駕車能否部署的首要考量，看似合理，但它的根本問題是過於保守的道德標準會導致技術研發的停滯，因為它忽略未來更多生命被拯救的可能性。,"限定(Qualify)：批評部分成立，但我的核心立場不變，只是需加上特定條件或在特定情形下成立。The objection is partly valid, but my core position remains the same. It only holds under certain conditions or in certain cases.",批評部分成立，但我的立場在確保技術演進與社會契約達成平衡的條件下仍然能成立。因為雖然完全禁止測試會延緩技術紅利，但我們不能因此給予開發者「隨意在公共道路實驗」的特權。我認為部署的正當性需建立在「透明的風險評估」之上。,"代價: 技術發展的進程可能會變慢，且企業的開發成本會大幅增加
承擔:科技開發商、自動駕駛輔助的身障人士，以及潛在的未來交通使用者。
我認為值得，因為這是保證安全。",我們究竟要證明自駕車比人類安全「多少倍」，社會才願意接受這種由「演算法」造成的意外而非由「人」造成的意外？
2026/04/28 17:51:05,"責任追溯與課責優先 (Accountability First)：若事故發生後無法清楚追溯責任、說明決策依據並進行有效課責，則不應部署。If, after an accident, responsibility cannot be clearly traced, the basis of the decision cannot be explained, and effective accountability cannot be imposed, then deployment should not be allowed.","P1(事實)：
在Uber自駕車事故中，由於系統決策邏輯的黑箱性，事故發生後出現了技術、測試員與程式開發者之間責任歸屬不明的困境，這直接導致了公眾對技術安全信心喪失的制度性危機。

P2(規範)：
我主張應優先採取責任追溯與課責優先。其核心價值在於透明與信任，即任何可能影響公共安全的科技應用，必須確保其決策過程具備可解釋性，且事故後能對應明確的課責主體，以確保科技發展不凌駕於基本的法治原則之上。

C(結論)：
因此，自駕車營運商在部署前，必須建立完整的決策記錄與責任歸屬機制；若無法對系統行為進行有效課責與解釋，則該系統即不應具備上路測試的社會正當性，監管單位應強制要求其在技術透明度達標前，不得進行公開道路部署。",把責任追溯與課責優先當成判斷自駕車能否部署的首要考量，看似合理，但它的根本問題是過度僵化且可能阻礙創新，因為它忽略了人類駕駛本身同樣存在不可完全預測的責任判定問題，若對自駕車採行過高或不對稱的嚴格課責，將導致社會錯失藉由技術迭代大幅降低整體交通事故死亡率的效益。,"限定(Qualify)：批評部分成立，但我的核心立場不變，只是需加上特定條件或在特定情形下成立。The objection is partly valid, but my core position remains the same. It only holds under certain conditions or in certain cases.",批評部分成立，但我的立場在建立適當風險分級監管制度的條件下仍然能成立，因為課責並非要阻礙創新，而是為了確保科技在可解釋和可信任的前提下發展，唯有建立明確的責任歸屬，才能在技術失敗時保障大眾權益，進而讓社會更願意接納並加速自駕車技術的長遠普及。,付出的代價是科技研發成本增加與市場推廣速度減緩，主要由營運商承擔，但這值得付出，因為社會信任的建立優於短期商業利益，此代價可透過產官學共同建立標準化的監管框架來減緩。雖強調課責，但我仍對過於嚴苛的法規可能導致產業空洞化或技術流失感到隱憂，這部分需透過靈活的沙盒測試機制來補償。,關於此議題，最讓我感到困惑的是如何定義有效的課責，即在AI複雜的深度學習邏輯中，究竟要到何種程度的透明度才能被稱為可解釋，且在技術持續迭代的過程中，如何訂定一個既不阻礙進步又能保障民眾的動態責任標準，這始終難以找到絕對的平衡點。
2026/04/28 17:51:05,"一般用路人風險保護優先 (Road User Protection First)：自駕車的研發與測試風險，不應主要由行人、騎乘者與其他一般用路人承擔。The risks of developing and testing self-driving cars should not fall mainly on pedestrians, cyclists, and other road users.",在自駕車的測試中，一般用路人並未能從自駕車的測試中穫得任何利益，卻要承擔可能受傷的風險，所以我主張的核心價值為「一般用路人風險保護優先」，技術的進步和改進不應建立在路人身上。因此，總結來說，我們不應將自駕車的研究測試應用在一般的道路上，而應在封必道路測試後，在遞交結果，應用在日常生活。,把一般用路人風險保護優先當成判斷自駕車能否部署的首要考量，看似合理，但它的根本問題是如果所有事物都要如此這般的考慮，那所有科技都無法使用運行了，因為它忽略很多時候，我們不能完全把出事的可能性降到0，但還是得做出嘗試和應用，如：飛機,"限定(Qualify)：批評部分成立，但我的核心立場不變，只是需加上特定條件或在特定情形下成立。The objection is partly valid, but my core position remains the same. It only holds under certain conditions or in certain cases.",批評部分成立，但我的立場在未告知路人或設置提醒的條件下仍然能成立，因為路人不應成為科技進步下的犧牲品。,在我選擇的立場下，雖然保障了路人的安全，但同時這也很大的侷限住了科技的進步，難以取得科技所需的實際數據。,這是一個catch 22，一方面要科技進步，另一方面又要人權……
2026/04/28 17:51:10,"責任追溯與課責優先 (Accountability First)：若事故發生後無法清楚追溯責任、說明決策依據並進行有效課責，則不應部署。If, after an accident, responsibility cannot be clearly traced, the basis of the decision cannot be explained, and effective accountability cannot be imposed, then deployment should not be allowed.",有人因此受傷後，不可能是自認倒霉，責任的歸屬應該分明，確保每個用路人的權益。因此，在自駕車事故責任歸屬未明前，不該上路。,把責任歸屬當成判斷標準，看似合理，但他的問題是誰應該要負擔責任，那可能會使不該負擔的人負擔了責任，或是沒人願意負擔而不會使用自駕車上路,"堅持(Defend)：批評不成立，我的立場完全不變，我能說明為什麼。The objection fails. My position does not change, and I can explain why.",批評不成立，因為不論如何都會有意外發生，比起意外後受傷的人權益受損，我更支持阻絕有人權益受損的可能。,自駕車公司或自駕車擁有者不可控制自駕車出意外的機率，但卻要負擔此責任，會使他們的權益些微受損,
2026/04/28 17:51:17,"責任追溯與課責優先 (Accountability First)：若事故發生後無法清楚追溯責任、說明決策依據並進行有效課責，則不應部署。If, after an accident, responsibility cannot be clearly traced, the basis of the decision cannot be explained, and effective accountability cannot be imposed, then deployment should not be allowed.","P1（事實）：
在 Uber 自駕車事故中，系統於碰撞前約 1.3 秒偵測到行人，但因設計上的決策邏輯將她分類為「難以預測的物體」而延遲煞車，與此同時，安全駕駛員因分心未能即時接管。事後調查顯示，Uber 在測試期間曾停用車輛原廠的自動緊急煞車系統，且未建立有效的監督機制確保安全員維持專注。然而在法律責任的追究上，包括軟體設計團隊、安全員、Uber 公司管理層與監管機關之間的責任歸屬至今仍高度模糊。受害者家屬面對的是一個沒有單一主體能完整說明「誰做了什麼決定、基於什麼理由」的技術系統。
P2（規範）：
我主張「責任追溯與課責優先」應作為自駕車部署的首要原則。其核心價值不只是「出事要有人負責」，而是：在一個系統被允許代替人類做出攸關生死的決策之前，社會必須先確立誰有能力說明那個決策的依據、誰有義務承擔那個決策的後果。課責性是自主系統取得公共正當性的前提條件，它保護的不只是受害者事後的救濟權，更是每一個在路上行走的人不被「責任真空」所吞噬的基本保障。當一個技術系統能夠在沒有人類即時判斷的情況下採取行動，而這個行動又可能對完全無辜的第三方造成不可逆的後果，那麼「我們能追問它為何這樣做、並讓人為它負責」就不是事後的附加要求，而是讓這個系統進入公共空間的門檻條件。
C（結論）：
Uber不應在未建立完整決策記錄機制、明確法律責任鏈與有效受害者救濟管道的前提下，將自駕車系統部署於公共道路進行測試。監管機關在審核上路申請時，應強制要求開發者事前提交：系統行為日誌的設計規格、異常狀況的責任歸屬協議，以及安全員職責的具體操作規範。課責機制必須先於部署存在，而非等到事故發生後才被動建構。","把「責任追溯與課責」當成判斷自駕車能否部署的首要考量，看似合理，但它的根本問題是將一個制度設計上的完美主義標準設定為技術進入公共空間的前提條件，因為它忽略了一個殘酷的現實：人類駕駛員每天也在製造無數個「責任模糊」的事故，例如：超速、分心、判斷失誤，但我們從未因為「人類駕駛的決策過程無法被完整追溯與課責」就禁止人開車上路。
這個反論更深的刺在於：課責優先實際上是用一套針對新技術才嚴格執行的雙重標準，來阻礙一個可能拯救更多生命的技術的發展。若自駕車在統計上能顯著降低整體交通死亡率，那麼以「課責機制尚未完善」為由延緩部署，等於是讓真實存在的死傷繼續發生，去換取一個制度上的潔淨感，犧牲的是那些本可被自駕車保護、卻因監管過嚴而未能受益的潛在受害者。在這個意義上，課責優先不只忽略了效益，更可能在道德上對那些「因為我們等待課責機制完善而死去的人」負有責任。","限定(Qualify)：批評部分成立，但我的核心立場不變，只是需加上特定條件或在特定情形下成立。The objection is partly valid, but my core position remains the same. It only holds under certain conditions or in certain cases.","批評部分成立，但我的立場在課責的要求是針對「部署前必須確立責任鏈的制度設計」而非「要求每一個 AI 決策都能被完整解釋」的條件下仍然能成立，因為反論所指出的雙重標準，打到的是「課責優先等於對新技術設下人類駕駛從未被要求達到的透明標準」這個詮釋，但這個詮釋誤解了課責的真正要求是什麼。
人類駕駛出事，責任主體在結構上是清楚的：坐在方向盤後面的那個人。即使他的決策過程無法被完整還原，社會仍然知道要追誰、要問誰、要誰賠。自駕車的根本問題不是「AI 決策不夠透明」，而是責任主體在制度上是分散且模糊的，像是設計團隊、訓練資料提供者、安全員、公司管理層、監管機關，每一方都可以指向其他人，最終沒有任何一方被要求完整承擔。Uber 案件中受害者家屬面對的正是這個困境：不是技術太複雜，而是沒有人被設計來為這個系統的行為負責。
因此課責優先的門檻不是完美主義，而是一個現實可行的制度要求：在部署前，必須先確立誰設計、誰核准、誰監督、誰賠償的責任鏈。只要這個責任鏈存在，自駕車就可以在課責條件下部署；缺少這個責任鏈，效益再高都不足以正當化讓無辜第三方承擔一個連追責對象都找不到的系統風險。","選擇課責優先的代價是技術部署速度被壓縮，最直接承擔這個代價的是開發者（成本上升、週期拉長）以及那些「本可被更安全的自駕車保護」的潛在交通事故受害者。
我認為這個代價值得付出，因為被犧牲的是效率，被保護的是每個在路上行走的人不被一個責任真空系統傷害的基本保障。
但效益論的重量仍讓我不安：如果等待的代價由那些本可倖存的人承擔，這個制度上的潔淨感是否公平，我沒有完全確定的答案。代價可以部分減緩，例如：允許在封閉場域或低風險路段先行測試，並行建立責任鏈制度，而非全面叫停。",責任鏈是否可能在技術還未經過真實路況測試之前就被完整設計出來？
2026/04/28 17:51:33,"一般用路人風險保護優先 (Road User Protection First)：自駕車的研發與測試風險，不應主要由行人、騎乘者與其他一般用路人承擔。The risks of developing and testing self-driving cars should not fall mainly on pedestrians, cyclists, and other road users.","P1: 用路人在自駕技術尚未成熟時，承受極大的風險
P2:一般用路人風險保護優先，其核心價值為新技術應該做好評估
C：發明技術的公司應該負起把產品評估好的責任，不該讓用無辜用路人承受風險。",把無辜用路人的權利當成判斷自駕車能否部署的首要考量，看似合理，但它的根本問題是技術的發展緩慢，因為它忽略（或犧牲了）技術開發者或是自駕車使用者的權利。,"放棄(Concede)：批評成立，我改變立場了。The objection is valid, and I change my position.",批評成立，因為一但技術發展成熟，事故發生率必然降低，只要做好責任評估，就可以避免問題，簡直是一箭雙雕，所以我改變立場了,雖然為了自駕車技術的未來，可能犧牲了用路人的權益，但只要有明確的準則可以區分責任歸屬，那就不會有所謂「無辜」的情況。,
2026/04/28 17:51:53,"責任追溯與課責優先 (Accountability First)：若事故發生後無法清楚追溯責任、說明決策依據並進行有效課責，則不應部署。If, after an accident, responsibility cannot be clearly traced, the basis of the decision cannot be explained, and effective accountability cannot be imposed, then deployment should not be allowed.",責任追溯與課責優先可保障第三人權利受損有可苛責及負責對象。正義原則，自駕車便利及第三人安全權利應被公平看待。因AI自駕車系統有多手問題，其涉及的關係人有駕駛、公司、工程師、政府及AI系統，對於法律道德及職責四種責任，應事先規範各關係相關人該負担的責任，才能明確針對每個決策程序進行有效苛責保障第三人權利。,把責任追溯與課責優先當成判斷自駕車能否部署的首要考量，看似合理，但它的根本問題是涉及多關係人，其任務環境有太多變數，設計部署價值排序要依據什麼標準。因為它忽略自駕車AI模組複雜性有太多不可預測可能，很難做到完全協作式行動。,"堅持(Defend)：批評不成立，我的立場完全不變，我能說明為什麼。The objection fails. My position does not change, and I can explain why.",批評不公立，是因為如果不把責任追溯與課責優先當成判斷自駕車能否部署的首要考量，會犠牲第三人的權利。就是因為關係人多，出事互踢皮球增加第三人求償困難，更何況自駕車使用者大多是社會經濟地位高，更容易造成小金魚對抗大鯨魚現象。,相對製造商需要付出代價，他們必須做更多測試及搭載更多模組來預防不可測的事件。雖然成本增加但安全性高後使用者願意付出更多代價來補償公司的成本。,自駕車是AI自駕還是人與AI協作？AI便利性悄悄剥奪人類許多本能，正如醫生失去判讀X光片能力。反思人類最後剩下什麼能力？當没有電力没有網路時。
2026/04/28 17:51:56,"一般用路人風險保護優先 (Road User Protection First)：自駕車的研發與測試風險，不應主要由行人、騎乘者與其他一般用路人承擔。The risks of developing and testing self-driving cars should not fall mainly on pedestrians, cyclists, and other road users.",在這個案例中，我們可以看見當設計師預測可能發生的問題不夠全面時，就會增加一般用路人的安全問題。因此，我們應該在完善整個演算法後，再實施自駕車。這樣才能真正落實一般用路人風險保護優先。結合以上兩者，各公司應在部分區域小規模測試，並且車上要有能應對緊急情況的專業人員。測試完後才能正式上路。,把完美預測用路情況才能上路當成判斷自駕車能否部署的首要考量，看似合理，但它的根本問題是現實不可能完全被預測。駕駛人的疲勞程度，是否酗酒，精神狀況都會影響每台車的駕駛情況。它忽略了現實的不完美，因此要完全預測才上路根本不可能做到。,"限定(Qualify)：批評部分成立，但我的核心立場不變，只是需加上特定條件或在特定情形下成立。The objection is partly valid, but my core position remains the same. It only holds under certain conditions or in certain cases.",確實，要完美預測現實是不可能的。所以我覺得我的主張可以改成在能預測大部分的正常情況與至少超過四分之一的緊急情況後，在正式上路。,假設現在自駕車已經比人類少30%，如果要等到完全預測的話。這發展的5到10年內的犧牲者可能就白死了,我們對人類犯錯與對機器犯錯的標準是不是不太一樣呢
2026/04/28 17:52:03,"一般用路人風險保護優先 (Road User Protection First)：自駕車的研發與測試風險，不應主要由行人、騎乘者與其他一般用路人承擔。The risks of developing and testing self-driving cars should not fall mainly on pedestrians, cyclists, and other road users.",在自駕車的技術完備之前，一般用路人還是會承受過大的風險；新技術在用在實際生活前，應該要確保完整地評估風險；另外，這種新技術的研發公司，他們應該要確保他們的產品不會給用路人或是其他使用者帶來危險。,把用路人的權益當成判斷自駕車能否部署的首要考量，看似合理，但他的根本問題是要讓意外的發生率完全為0不太可能，因為他忽略了自駕車公司或是想要使用自駕車的人的權益。,"堅持(Defend)：批評不成立，我的立場完全不變，我能說明為什麼。The objection fails. My position does not change, and I can explain why.",批評不成立，因為我認為用路人的權益還是更重要，即使讓意外發生的機率趨近於0太難了，但我認為研發公司要提出自駕車上路能降低意外發生機率的證明或是報告。,這樣堅持我的立場的話，會讓自駕車收集數據的效率以及研發進度變慢，讓這方面科技的發展延宕。,沒有
2026/04/28 17:52:17,"一般用路人風險保護優先 (Road User Protection First)：自駕車的研發與測試風險，不應主要由行人、騎乘者與其他一般用路人承擔。The risks of developing and testing self-driving cars should not fall mainly on pedestrians, cyclists, and other road users.","P1：在 Uber 自駕車事故中，受害者是行人，而非測試人員。這顯示目前技術仍有風險，而且這些風險是由毫不知情的用路人承擔。
P2：我主張應優先考慮一般用路人風險保護優先。核心價值是公平與不傷害無辜者，不應讓沒有選擇權的人承擔科技發展的風險。
C：因此，在這類案例中，企業與政府應確保自駕車技術足夠安全，並限制測試環境，而不應將風險給一般用路人。",把一般用路人保護當作自駕車是否能部署的首要考量，看似合理的，但它的根本問題是這樣做可能會減緩科技發展的速度，因為它會限制真實環境中的測試，並延後未來可能帶來的長期安全效益。,"限定(Qualify)：批評部分成立，但我的核心立場不變，只是需加上特定條件或在特定情形下成立。The objection is partly valid, but my core position remains the same. It only holds under certain conditions or in certain cases.",批評部分成立，但我的立場在已達基本安全標準條件下仍然能成立，因為保護無辜用路人的安全應優先於科技發展速度。,優先考慮一般用路人的安全，意味著科技發展的速度可能會變慢，而且企業可能需要承擔更高的成本。這些成本主要由企業與整個社會承擔。然而，我認為這樣的代價是值得的，因為人的生命與安全比創新速度更重要。,要判斷足夠安全的程度好像有點困難。
2026/04/28 17:52:28,"一般用路人風險保護優先 (Road User Protection First)：自駕車的研發與測試風險，不應主要由行人、騎乘者與其他一般用路人承擔。The risks of developing and testing self-driving cars should not fall mainly on pedestrians, cyclists, and other road users.","2018年Uber自駕車撞死行人Elaine Herzberg的事故我印象很深。那台車其實有偵測到人，可是軟體判斷不用急煞，結果還是撞死了。當時的安全駕駛員在看手機，也沒來得及反應。這件事讓我想到一個問題：自駕技術的測試風險，幾乎都是由路上的行人、騎車的人這些「局外人」在承擔，研發公司跟車內的人反而不用面對這些風險。而且這些路人根本沒有同意要被當成測試對象，他們連選擇都沒有。

我覺得在這種情況下，應該要把一般用路人的風險保護放在第一位。簡單來說，就是沒有人應該在不知情、沒同意的情況下，被迫承擔別人研發新技術的生命風險。自駕車也許未來會更安全，但這不應該成為現在就拿無辜路人當實驗品的理由。技術要能被社會接受，開發的過程本身就要是公正的，不能只說「以後會更好」就合理化現在的問題。

所以我認為，在類似Uber這種案例裡面，研發公司不應該在還沒證明技術夠安全之前，就把自駕車直接開到公共道路上測試。至少應該先在封閉環境或嚴格監控的情況下做足驗證。路人的生命安全應該比技術發展的進度跟商業利益更重要。",把「一般用路人風險保護」當成判斷自駕車能否部署的首要考量，看似合理，但它的根本問題是，它可能讓一項本來可以拯救很多人的技術一直被擋在外面，因為它忽略（或犧牲了）「整體交通死傷減少的效益」。說真的，人類自己開車每年在全球造成那麼多人死亡，如果自駕車真的能大幅降低事故率，那因為太謹慎而一直不讓它上路，本身其實也是在讓更多人死於本來可以避免的交通事故。換個角度想，為了保護少數測試階段的用路人，而推遲一個能保護更多人的技術，這樣好像反而不太公平。,"堅持(Defend)：批評不成立，我的立場完全不變，我能說明為什麼。The objection fails. My position does not change, and I can explain why.","批評不成立，因為效益主義的論證聽起來很有道理，但我覺得它有一個盲點。它假設自駕車已經比人類駕駛安全了，但實際上從Uber那個案子就可以看出來，現在的技術還沒有那麼成熟，感知跟決策都還是有問題。在這種情況下，說「為了未來的安全效益所以現在就可以讓路人承擔風險」，感覺有點本末倒置，因為那個未來的效益根本就還沒有被證實。

還有一個問題，效益主義好像把「延宕部署」跟「讓人繼續死」畫上等號，但這兩件事不一定非要這樣。我們可以要求研發公司先在封閉環境或模擬系統裡面做更充分的測試，等技術真的夠成熟了再上路，而不是直接把公共道路當成實驗場。所以我的立場沒有變，還是認為路人的安全保護應該優先。","選擇「一般用路人風險保護優先」的代價，主要是可能會讓自駕技術進入市場的時間被推遲，社會也要晚一點才能享受到它可能帶來的好處。這個代價主要是由研發公司、投資人、還有那些期待自駕車的消費者來承擔，他們要花更多時間跟資源在安全驗證上，產品也會比較晚上線。

還有一個問題，如果測試要求變嚴格，一些資源比較少的新創公司可能就進不來了，市場可能會被大公司壟斷，技術路線也會變少。

不過我覺得這個代價還是值得的，畢竟生命安全比什麼都重要。而且這個代價也不是完全沒辦法減緩，像是政府可以出錢蓋公共測試場地、或是推動模擬測試的標準化，這樣既能保障安全，也能讓研發公司不用負擔太高的成本。",比較困惑的地方是，實務上到底要怎麼定義什麼叫做「夠安全」。自駕技術本來就不可能做到完全零風險，那要達到什麼程度才算是可以上路的標準？這個標準應該由誰來定？是技術專家嗎？還是政府機關？還是說應該要參考社會大眾的想法？如果不同國家有不同的標準，那又會造成什麼問題？還有，如果自駕技術在大部分情況下比人類開車安全，但偶爾還是會出包，這種「整體比較安全但還是有風險」的情況要怎麼看待，我目前也還不太確定。
2026/04/28 17:52:36,"責任追溯與課責優先 (Accountability First)：若事故發生後無法清楚追溯責任、說明決策依據並進行有效課責，則不應部署。If, after an accident, responsibility cannot be clearly traced, the basis of the decision cannot be explained, and effective accountability cannot be imposed, then deployment should not be allowed.","P1:在 Uber 事件中，AI 系統因未能正確分類行人與變更分類邏輯導致沒煞車，而法律上對於軟體錯誤、工程師疏失與測試駕駛的責任界線在當時極為模糊。
​P2： 我主張責任追溯優先。核心價值是社會信任與法治完整性。我認為一個缺乏課責機制的技術部署，本質上是對公共安全的豪賭，會瓦解大眾對自動化系統的信任。
​C： 除非自駕系統具備高度的“可解釋性‘’，且國家已建立明確的意外賠償與刑事責任法案，例如強制的自駕車黑盒子記錄，否則不應在公共道路上進行大規模部署。","​把""責任追溯與課責機制‘’當成判斷自駕車能否部署的首要考量，看似合理，但它的根本問題是在追求完美法律框架的過程中，將導致無數原本可避免的交通傷亡繼續發生，因為它犧牲了自駕技術能立即帶來的整體社會安全性提升效益","限定(Qualify)：批評部分成立，但我的核心立場不變，只是需加上特定條件或在特定情形下成立。The objection is partly valid, but my core position remains the same. It only holds under certain conditions or in certain cases.","批評部分成立，但我的立場在‘’建立階層式風險部署與強制性黑盒子透明化‘’的條件下仍然能成立，雖然追求完美課責會延緩部署速度，但我們不能接受一個‘’無人負責的黑箱‘’在公共道路上運行的風險。我主張的課責優先，並非要求法律一步到位，而是要求‘’技術必須具備可追溯性‘’
​在自動駕駛技術尚未完全成熟前，我們應透過強制性的資料紀錄（如航空業黑盒子）與明確的保險救濟制度，確保發生的每一件事故都能被釐清原因。這種‘’以透明度換取部署空間‘’的做法，能同時兼顧生命安全的提升與程序正義，防止社會因未知的黑箱恐懼而全面抵制 AI 進步","​第一個是潛在的交通事故受害者，那些原本可以透過成熟的自駕技術（即便尚不完美，但比人類安全）而倖存的人，成了法治程序正義下的犧牲者，相比可能某些地區常常發生人為酒駕或事故的情形下；而第二個是科技研發者與企業， 他們必須承擔極高的法律遵從成本與研發時程壓力。

我認為這個代價在短期內是痛苦的，但長期而言是值得的。因為沒有課責機制的進步只是‘沙上築塔，一旦發生大規模事故引發社會集體恐慌，產業將面臨毀滅性的退步。
但我覺得有兩個方法可以減緩代價，第一個是階梯式測試環境： 在受控且責任容易釐清的封閉區域先行部署，邊跑邊修法，而不是在法規完美前全面禁止。
​再來則是責任社會化（保險制度）： 仿效航空業，建立由企業、政府與保險公司共同承擔的受害者補償基金。在技術細節（因果責任）尚未完全釐清前，優先確保受害者能得到即時的補償，讓法律追訴不至於拖慢人道救助。",
2026/04/28 17:52:36,"一般用路人風險保護優先 (Road User Protection First)：自駕車的研發與測試風險，不應主要由行人、騎乘者與其他一般用路人承擔。The risks of developing and testing self-driving cars should not fall mainly on pedestrians, cyclists, and other road users.","P1(事實): 在 Uber 案例中,受害者 Elaine Herzberg 是在推車過馬路時被撞。自駕系統雖 感測到目標,卻因分類錯誤且缺乏緊急煞車機制 而導致悲劇。

P2(規範): 我主張一般用路人風險保護優 先。其核心價值是脆弱性保護與非自 願風險拒絕。行人並未從自駕車技術中直接 獲益,也未同意承擔測試風險,因此不應成為技 術開發過程中的犧牲品。

C(結論): 在此類案例中,開發者必須在確 保車輛具備對弱勢用路人絕對避障的能力後,才 具備公共道路部署的正當性","把一般用路人保護當成判斷自駕車能 否部署的首要考量,看似合理,但它的根本問題 是過於保守的演算法可能導致技術停滯,因為它忽略了延遲部署自駕車所造成的群體生命損失。","限定(Qualify)：批評部分成立，但我的核心立場不變，只是需加上特定條件或在特定情形下成立。The objection is partly valid, but my core position remains the same. It only holds under certain conditions or in certain cases.","批評部分成立,但我的立場在「開發者需負擔透明化 的風險告知與社會補償機制」條件下仍然能成立,因 為群體利益的量化提升不能直接抹滅個體基本的生 存權,社會正當性必須建立在對弱勢者最起碼的保護之上","代價: 發展速度的延緩.

誰承擔: 科技公司(研發成本增加)以及潛在 受益的駕駛者(需更久才能使用自駕技術)。

是否值得: 我認為值得。因為社會對 AI的信任 非常脆弱,一次無辜行人的死亡對科技推廣造成 的社會負面衝擊,遠大於延後一年上市的損失。

緩解方式: 透過「封閉測試場域」的大量模 擬,或在特定低風險路段(如專用道)先試行, 來彌補在一般道路部署前的數據缺口。",
2026/04/28 17:52:37,"一般用路人風險保護優先 (Road User Protection First)：自駕車的研發與測試風險，不應主要由行人、騎乘者與其他一般用路人承擔。The risks of developing and testing self-driving cars should not fall mainly on pedestrians, cyclists, and other road users.","P1. Uber的自駕車在系統還沒完善的情況下於公共道路進行測試，導致無辜行人死亡，這些風險完全由不知情的第三方承擔。
P2. 一般用路人未同意參與任何實驗，企業追求商業利益不能以他人的人身安全作為代價。
C. 因此，自駕車在風險尚未有效控制前，不應被允許在開放道路上測試。​​​​​​​​​​​​​​​​",把一般用路人風險保護當成判斷自駕車能否部署的首要考量，看似合理，但它的根本問題是可能導致自駕車技術永遠無法進步，因為它忽略了任何新技術在發展初期都必然有風險。​​​​​​​​​​​​​​​​,"限定(Qualify)：批評部分成立，但我的核心立場不變，只是需加上特定條件或在特定情形下成立。The objection is partly valid, but my core position remains the same. It only holds under certain conditions or in certain cases.",批評部分成立，但我的立場在企業先於封閉環境完成充分測試，因為技術進步的必要性不能成為將未知風險強加於不知情第三方的理由，用路人的人身安全不應在缺乏保障的情況下成為商業實驗的代價。​​​​​​​​​​​​​​​​,優先保護用路人安全的代價是自駕車技術的發展速度會被拖慢，承擔這個代價的是技術開發者與未來可能受益的社會大眾。我認為這個代價值得付出，因為讓無辜第三方承擔不確定風險在道德上。不過我仍對技術停滯可能造成的損失，我認為應建立完善的封閉測試場域來減緩這個代價，而非直接禁止所有測試。​​​​​​​​​​​​​​​​,無
2026/04/28 17:52:46,"一般用路人風險保護優先 (Road User Protection First)：自駕車的研發與測試風險，不應主要由行人、騎乘者與其他一般用路人承擔。The risks of developing and testing self-driving cars should not fall mainly on pedestrians, cyclists, and other road users.","在 Uber 自駕車事故案例中，技術目前還處於發展與測試階段，系統在辨識行人與即時反應上存在不確定性，實際風險也可能轉嫁給未參與決策、無法事前同意的一般用路人。
因此，應該優先考量「一般用路人風險保護優先」原則，核心價值在於風險分配的正當性與公共安全保障。自駕車的長期效益固然重要，但不能以未來可能降低整體交通死傷為理由，合理化當下讓行人、騎士等第三方承擔技術不成熟的風險。
因此，基於這個部分，在安全性、監管機制與責任歸屬尚未充分確認前，這類自駕車不應直接在開放道路中部署，企業應先透過更嚴格的測試與審查證明其風險可被有效控制。",把一般用路人風險保護優先當成判斷自駕車能否部署的首要考量，看似合理，但它的根本問題是容易把避免風險推向近乎零風險的門檻，導致決策過度保守，因為它忽略了整體風險最小化、長期公共利益、實地資料累積，以及透過分級控管與責任配置來降低風險的可能性。,"堅持(Defend)：批評不成立，我的立場完全不變，我能說明為什麼。The objection fails. My position does not change, and I can explain why.","批評不成立，因為一般用路人風險保護優先並非要求零風險，而是要求風險必須可控、責任必須明確。
在達成足夠安全與監管條件後，自駕車依然可逐步部署。但在此之前，不應該讓未同意的第三方承擔主要風險。","選擇「一般用路人風險保護優先」的代價，是自駕車部署與技術創新速度會放慢，降低整體交通事故的效益也可能延後。這些成本主要是由科技企業、投資者，以及未來可能受益的用路人共同承擔。
這個代價在現階段值得付出，因為未同意的一般用路人不應承擔技術不成熟的主要風險。但仍可透過封閉場域測試、低風險區域試點、安全審查與責任保險制度，減緩發展受限的代價。
即使支持安全優先，仍應承認「技術創新」與「整體交通安全改善」是被延後的價值，因此制度上應提供安全且可監督的測試管道，避免技術完全停滯。","目前最讓我不確定的是，自駕車的風險要降低到什麼程度，才算「足夠安全」而可以進入開放道路。因為現實中不存在零風險，所以關鍵在於是否只要優於人類駕駛即可，或仍須考量一般用路人是否被迫承擔風險。
延後部署可以保護當下的用路人，但也可能延後降低整體交通事故的機會。提前部署則可能會讓未同意的第三方承擔不對等風險。"
2026/04/28 17:52:47,"一般用路人風險保護優先 (Road User Protection First)：自駕車的研發與測試風險，不應主要由行人、騎乘者與其他一般用路人承擔。The risks of developing and testing self-driving cars should not fall mainly on pedestrians, cyclists, and other road users.","P1：Uber的自駕測試車撞死了正在過馬路的行人，當時車上的安全駕駛員正在看手機。
自駕車研發與測試的風險，並不是由開發企業自己扛，而是直接轉嫁到了完全不知情的一般用路人身上。行人只是正常走在路上，她從來沒有同意過要參與任何自駕車實驗。
P2：我主張一般用路人風險保護應該優先。技術發展不能把無辜的第三方當成試驗品。企業為了商業利益去測試還沒成熟的技術，不能讓完全沒有選擇權的路人拿命去承受風險。
C：所以在自駕車部署之前，開發企業應該先確保技術安全性已經達到不會讓一般用路人承受額外風險的標準。政府也必須建立嚴格的測試規範，確保測試區域內的路人得到充分告知與保護，而不是放任企業直接在公共道路上拿大家的安全做實驗。",把一般用路人風險保護當成判斷自駕車能否部署的首要考量，看似合理，但它的根本問題是可能過度延遲甚至擋住了一項能大幅降低交通傷亡的技術，因為它忽略了整體社會的長期安全利益。全球每年有超過一百萬人死於人為駕駛造成的交通事故，如果自駕車雖然不完美、但已經比人類駕駛來得安全，卻因為我們堅持要零風險才准上路，結果反而讓更多人繼續死在人為駕駛的方向盤下。,"限定(Qualify)：批評部分成立，但我的核心立場不變，只是需加上特定條件或在特定情形下成立。The objection is partly valid, but my core position remains the same. It only holds under certain conditions or in certain cases.",批評部分成立，但我的立場在一個關鍵條件下仍然能成立，因為保護一般用路人不等於要求零風險。但如果把保護的標準拉到極端，完全不容許任何風險就禁止自駕車上路，確實會拖慢技術進步，讓更多人繼續困在人為駕駛的危險中。「保護用路人優先」真正的意思不是要求零事故才能部署，而是要求在測試和部署的每個階段，都必須有足夠的安全措施來保護那些不知情的第三方。當自駕車的安全性經過充分驗證，也有了完善的法規跟保護機制，它當然可以上路。我反對的不是自駕車本身，而是在保護措施根本不夠的情況下就把風險丟給路人扛。,選這個立場的代價是技術推進的速度會慢下來。更嚴格的安全要求代表更長的測試週期和更高的研發成本，這些成本主要落在自駕車開發企業身上，但最終也可能轉嫁到消費者或整個社會。而且在等待技術更成熟的這段時間裡，那些原本可能靠自駕車避免的交通事故還是會持續發生，這些受害者其實也在間接承擔代價。我認為這個代價值得付，但可以透過漸進式的做法來減輕，比如先在特定區域、特定條件下開放自駕車，邊跑邊修正，逐步擴大範圍。,"到底多少風險才算可接受
如果自駕車的整體事故率已經比人類駕駛低了，但偶爾還是會撞到行人，這時候到底該不該讓它上路？"
2026/04/28 17:52:51,"一般用路人風險保護優先 (Road User Protection First)：自駕車的研發與測試風險，不應主要由行人、騎乘者與其他一般用路人承擔。The risks of developing and testing self-driving cars should not fall mainly on pedestrians, cyclists, and other road users.",在 Uber 自駕車事故中，受害者只是單純使用道路的行人，並未參與技術研發也不是受益者，卻因系統失誤承擔了致命風險。我主張一般用路人風險保護優先，其核心在於技術開發的風險不應轉嫁給未同意參與試驗的第三方。即便自駕車未來能減少事故，也不能在技術未成熟前，讓一般用路人承擔額外的風險。因此，除非能證明系統對路人的風險低於人類駕駛，否則不應在公共道路部署。,過度保護路人會導致技術研發停滯。如果為了追求零風險而延緩部署，實際上是讓社會繼續承受人類駕駛的高事故率，進而犧牲了未來透過自駕技術每年能挽救的成千上萬條生命，這在倫理上反而是另一種「不作為的傷害」。,"限定(Qualify)：批評部分成立，但我的核心立場不變，只是需加上特定條件或在特定情形下成立。The objection is partly valid, but my core position remains the same. It only holds under certain conditions or in certain cases.",雖然反對意見提到的技術進步很重要，但我堅持研發的代價應由受益者承擔。只要確保有完善的補償機制與更嚴格的封閉測試，我的立場依然成立。,自駕技術普及化與商業化的速度會變慢，會導致需要這項技術的身障者、老年人，以及未來可能因人類駕駛疏失而受害的人，他們的潛在利益受損。但我認為是值得的。不應為了部分集體的利益而隨意犧牲非自願參與的個體。,
2026/04/28 17:53:10,"一般用路人風險保護優先 (Road User Protection First)：自駕車的研發與測試風險，不應主要由行人、騎乘者與其他一般用路人承擔。The risks of developing and testing self-driving cars should not fall mainly on pedestrians, cyclists, and other road users.","一般用路人風險保護優先 
研發不能拿路人命當實驗代價，開發商得優先確保行人安全，自駕測試才有正當性",把一般用路人風險保護優先當成判斷自駕車能否部署的首要考量，看似合理，但它的根本問題是開發成本，因為它忽略（或犧牲了）安全定義，要做到什麼標準以及標準要怎麼定義。,"堅持(Defend)：批評不成立，我的立場完全不變，我能說明為什麼。The objection fails. My position does not change, and I can explain why.","批評不成立，我的立場完全不變，我能說明為什麼

因為 我覺得只是先後順序的問題 遲早都要面對而已",開發部門測試可能會無限延後成本也會無限增加,科技改變生活之外 還要考慮到經濟成本問題 如何取得平衡
2026/04/28 17:53:31,"一般用路人風險保護優先 (Road User Protection First)：自駕車的研發與測試風險，不應主要由行人、騎乘者與其他一般用路人承擔。The risks of developing and testing self-driving cars should not fall mainly on pedestrians, cyclists, and other road users.",在案例中，受害者並非技術測試的參與者，不像測試駕駛人經過訓練，這些一般用路人在不知情的情況下被納入了實驗場域。從歷史上看，許多科學或醫學進步確實是建立在生命代價之上（例如早期的疫苗實驗、甚至戰時的非人道醫學研究），但我們身為現代文明的一員，「知情同意」與「實驗倫理」這些認知應該是理所當然的，也應該了解進步不應建立在對無辜第三方的傷害之上。所以我主張一般用路人風險優先保護，如上所述，核心觀點為進步不應建立在對無辜第三方的傷害之上，例如不應該將生命視為一種資源或是實驗耗材等等，公司不應該為了快速訓練，將公共道路視為實驗場域，政府也不應該允許未成熟的自駕車技術直接投放至路上，將風險嫁接給一般用路人乃至駕駛者，這是對於生命的尊重。,把一般用路人風險保護當成判斷自駕車能否部署的首要考量，看似合理，但它的根本問題是陷入了預防原則的過度解讀與技術停滯，因為它忽略了現有交通系統中每天因人為失誤而喪失的數千乃至萬條人命，這看似「尊重生命」的倫理道德外表，實際上卻是在犧牲未來的總體安全性來追求當下的象牙塔式倫理。,"修正(Revise)：批評很可能成立，我的核心立場會有很大調整，即使整體方向不變。The objection is likely valid, so my core position needs major revision, even if its overall direction remains the same.",批評很可能成立，我需要調整對於「絕對零風險」的堅持，改成追求「風險分配的公平性」，但整體方向仍是一般用路人風險保護優先，因為進步的代價不應由未獲益且未同意的第三方孤獨承擔，企業須有證據證明其技術風險已實質低於人類駕駛，才能取得公共空間的准入權。,我的選擇造成的代價有：技術成熟的延遲、現有風險持續還有對於這些企業的競爭力下降等問題，這些代價由那些原本可以因為自駕技術成熟而避免車禍的人，比如在人類駕駛失誤中喪生的人，他們承擔了技術延遲帶來的死亡風險。而投資者也因為需要更多的測試而需要更高的資金成本。我認為這個代價值得付出，人類駕駛的風險是既有的社會常態，雖然悲劇，但它是分散且隨機的；而自駕車測試的風險是「人為刻意引入」的實驗風險。我們不能為了未來的集體利益，就強迫現在的個體在不知情下承擔被「實驗」的風險。正如上面寫的，現代文明的標誌就是拒絕將生命視為資源或耗材。對於這些承擔代價的群體，還是有許多方法可以去取代執行，比如效法藥物實驗，將分階段准入制用在自駕車上，在特定區域（低速、車流單純、人跡罕至）、特定時間進行測試。但是必須先制定好，若發生事故，企業須負擔極高的賠償責任與法律懲罰。,對於這事件
2026/04/28 17:53:36,"一般用路人風險保護優先 (Road User Protection First)：自駕車的研發與測試風險，不應主要由行人、騎乘者與其他一般用路人承擔。The risks of developing and testing self-driving cars should not fall mainly on pedestrians, cyclists, and other road users.","p1:系統雖然偵測到了行人，但是因為他推著腳踏車從沒有斑馬線的馬路上穿過去導致他的偵測出現誤判不知道這到底是人騎著腳踏車移動還是人推著腳踏車
p2:我主張的是一般用路人風險保護優先 ，它的核心價值在於保持行車流暢度和路人生命安全的選擇中應以生命為重點優先考量
c:uber不應該為了實驗數據而降低煞車感應的靈敏度",把一般用路人風險保護優先 當成判斷自駕車能否部署的首要考量，看似合理，但它的根本問題是，因為它忽略誤判的後果如果今天在高速公路或國道上面偵測到了塑膠袋、蝴蝶、鳥這種非人的物品或東西而緊急煞車的話後面這時候來一台水泥車就完蛋了。,"限定(Qualify)：批評部分成立，但我的核心立場不變，只是需加上特定條件或在特定情形下成立。The objection is partly valid, but my core position remains the same. It only holds under certain conditions or in certain cases.",批評部分成立，但我的立場在系統無法明確辨識物體類別條件下仍然能成立，因為將保護路人設為首要考量，能強制系統在遇上未知情況時採取最安全的減速行為避免uber的慘劇再度發生,代價為市場的銷售會降低畢竟沒人想選一台會犧牲自己或家人安全的車子而將會由開發升級公司來承擔這個代價但我認為是值得得畢竟西軮受便利性的是你憑甚麼要未知的陌生人來承擔後果,那如果我要買自駕車我會不會因為我是消費者立場又有所轉變
2026/04/28 17:53:40,"一般用路人風險保護優先 (Road User Protection First)：自駕車的研發與測試風險，不應主要由行人、騎乘者與其他一般用路人承擔。The risks of developing and testing self-driving cars should not fall mainly on pedestrians, cyclists, and other road users.","P1: In the Uber self-driving car accident case, the technology was still in the testing stage, and the system could fail to recognize unexpected situations. Normal road users such as pedestrians, cyclists, and other drivers did not agree to join the experiment, yet they could still suffer the risks of accidents.


P2: I believe Road User Protection First should be prioritized. Because its core value is fairness and non-harm: the costs and dangers of developing new technology should not be shifted onto people who did not choose to take part and cannot control the risk. Protecting innocent people’s safety should come before technological progress or business profit.

Conclusion: Therefore, companies and governments should only deploy self-driving cars after proving they meet strong safety standards and after creating strict testing and monitoring rules. If the safety of ordinary road users cannot be ensured, self-driving cars should not be allowed on public roads.","Treating Road User Protection First as the primary consideration in deciding whether self-driving cars may be deployed may seem reasonable, but its fundamental problem is that it sets the safety standard too strictly, because it ignores the long-term benefits of innovation and sacrifices the chance to reduce overall traffic deaths and injuries in the future.","限定(Qualify)：批評部分成立，但我的核心立場不變，只是需加上特定條件或在特定情形下成立。The objection is partly valid, but my core position remains the same. It only holds under certain conditions or in certain cases.","The criticism is partly valid, but my position still holds under the condition that self-driving cars are only deployed through strict regulation, transparent testing, and clear proof that risks to ordinary road users are minimized, because innovation is important, but it should not come at the unfair expense of people who did not choose to bear those risks.","The cost of prioritizing Road User Protection First is slower innovation, higher development costs, and delayed public access to the potential benefits of self-driving cars, such as fewer traffic accidents and better transportation efficiency. These costs are mainly borne by companies, investors, and future users who must wait longer for the technology. But I think this cost is worth paying because protecting innocent people from unfair risk should come first. However, the cost can be reduced through controlled pilot programs, strict safety standards, transparent reporting, and compensation systems. Although I prioritize safety, I still think the value of innovation should be recognized and supported when it can be pursued responsibly.",-
2026/04/28 17:53:48,"一般用路人風險保護優先 (Road User Protection First)：自駕車的研發與測試風險，不應主要由行人、騎乘者與其他一般用路人承擔。The risks of developing and testing self-driving cars should not fall mainly on pedestrians, cyclists, and other road users.",這個事故裏測試車輛其實就是直接在一般道路上跑，但路上的行人或其他用路人根本不知道，也沒有選擇要不要承擔這種風險，根本等於是在不知情的情況下被捲進測試裡，所以我選一般用路人風險保護優先，重重點在於風險不應該隨便丟給沒有同意的人，不能建立在讓無辜的人去承擔代價上。我最後的結論就是企業或者政府在安全還沒確定之前，就不應該直接把自駕車放到開放道路上測試，要先把風險降到很低很低，別且要在可控的環境下進行。,把一般用路人風險保護當成判斷自駕車能不能上路的第一標準，看起來很合理，但問題是這樣其實有點太理想化，現實中只要在道路上測試，就不可能完全不影響到其他人，等於變成幾乎不能測試，這樣的話會拖慢自駕車的發展，最後的話大家還是要一直承擔現在人類駕駛造成的車禍風險。意思就是有人可能會覺得把眼前這些風險看得很重，造成忽略未來可能帶來更安全的好處。,"限定(Qualify)：批評部分成立，但我的核心立場不變，只是需加上特定條件或在特定情形下成立。The objection is partly valid, but my core position remains the same. It only holds under certain conditions or in certain cases.",雖然批評的有道理，可是我的想法在有一些安全條件的前提下還是可以成立，現實確實不太可能做到完全零風險，也不可能因為怕影響別人就完全不測試，照我這樣技術也發展不太起來，反對講的確實是有道理的。我覺得可以改的地方是不要把標準設得太死變成幾乎不能上路，可以把風險控制好再去做測試，但整體還是覺得一般用路人的安全要先被顧到，不然就會一直有不知情的人承擔代價。,這個選擇的代價是自駕車測試會變慢，進步速度會被拉長，承擔的話車廠跟科技公司會比較辛苦，花更多時間跟成本做安全測試。我覺得還是值得，這麼做是不想要無辜的人有危險，我會建議用封閉場地或者有技術的話用模擬測試去解決，這樣發展不會卡住，安全也比較難保證。,安全要到什麼程度才算可以上路，怎麼界定叫做安全
2026/04/28 17:53:49,"一般用路人風險保護優先 (Road User Protection First)：自駕車的研發與測試風險，不應主要由行人、騎乘者與其他一般用路人承擔。The risks of developing and testing self-driving cars should not fall mainly on pedestrians, cyclists, and other road users.",行人對於開發並不知情，卻要承擔失誤風險。我主張一般用路人風險保護優先，核心價值是自駕車的研發與測試風險，不應主要由行人、騎乘者與其他一般用路人承擔。開發機構不應輕易的在開放道路使用這種實驗系統。,把一般用路人風險保護優先當成判斷自駕車能否部署的首要考量，看似合理，但它的根本問題是導致開發停滯，因為它忽略了開發機構會為了預防變得小心翼翼，所以讓開發變慢。,"限定(Qualify)：批評部分成立，但我的核心立場不變，只是需加上特定條件或在特定情形下成立。The objection is partly valid, but my core position remains the same. It only holds under certain conditions or in certain cases.",批評部分成立，但我的立場在能區分研發階段跟技術成熟階段條件下仍然能成立，因為如果是在研發階段，行人的承擔風險很大，但如果是技術成熟階段，並有其他的應對措施的話，這樣上路實驗就是可以的，可以在行人風險降到最低的同時，開發機構同時保持開發效率。,該選擇所需付出的代價是延緩技術達到成熟期的時間。開發機構會因此承擔。我認為這個代價值得付出。,
2026/04/28 17:53:53,"一般用路人風險保護優先 (Road User Protection First)：自駕車的研發與測試風險，不應主要由行人、騎乘者與其他一般用路人承擔。The risks of developing and testing self-driving cars should not fall mainly on pedestrians, cyclists, and other road users.",關於這點，我想從幾個層面來看。P1 的事實是，當初 Uber 在亞利桑那州進行道路測試時，周遭的行人、騎士或一般駕駛，其實都沒有簽字同意要參加這場高風險的技術實驗。P2 的規範主張則是，任何技術研發都不應該把「未同意參與的人」的人身安全當成實驗代價，核心價值在於保護無辜第三方的身體自主與安全權利。所以結論就是，自駕車公司在還沒辦法百分之百證明系統不會對路人造成額外風險之前，不應該在開放的公共道路上隨便部署測試，研發的風險成本不能轉嫁給不知情的社會大眾。,把保護路人當成判斷自駕車能否部署的首要考量，看似合理，但它的根本問題是會導致整體社會安全進步的停滯，因為它忽略了人類駕駛其實更不可控且更危險。如果因為害怕測試期間的意外而設定極高的門檻，結果導致這項技術延後十年才成熟，那這十年內死於人類酒駕、分心或過勞的人命，其實就是這種「保護優先」立場下被犧牲的代價。這種堅持可能會讓社會錯失了更早達成「零事故」目標的機會，反而造成更多可以避免的傷亡。,"限定(Qualify)：批評部分成立，但我的核心立場不變，只是需加上特定條件或在特定情形下成立。The objection is partly valid, but my core position remains the same. It only holds under certain conditions or in certain cases.",批評部分成立，但我的立場在系統安全性已經能證明大幅優於人類駕駛基準，且有透明的補償機制的條件下仍然能成立。因為我發現如果完全卡死研發確實有問題，但整體的進步不該建立在對個體權利的完全漠視上。所以我覺得應該加上特定條件，例如必須在特定低風險路段測試，或是公司必須為所有潛在受害者提供高額的先行保障，而不是直接讓路人去扛那個風險。,這個選擇的代價很明顯就是技術成熟的速度會變慢。這個研發延遲的成本，最後會由那些本來可以透過自駕技術提早獲救的人來承擔。我覺得這個代價雖然沉重，但比起讓無辜的人在不知情的情況下被當成實驗品，這種速度上的犧牲是值得的。或者我們應該透過增加封閉測試場域的補助，來減緩這種為了保護路人而產生的研發斷層。,我目前最猶豫的是，到底「多安全」才叫真的安全？如果統計數據顯示 AI 已經比人好一點點了，但它出錯的方式卻是人類絕對不會犯的錯（比如完全沒看到過馬路的人），那我們該怎麼在心理上接受這種交換？這種對機器出錯的零容忍，到底是真的出於倫理，還是只是我們對失去控制權的一種集體焦慮，這點我到現在還是想不透。
2026/04/28 17:53:53,"一般用路人風險保護優先 (Road User Protection First)：自駕車的研發與測試風險，不應主要由行人、騎乘者與其他一般用路人承擔。The risks of developing and testing self-driving cars should not fall mainly on pedestrians, cyclists, and other road users.","P1: 在自駕車的技術還沒完備前，一般用路人可能承受被傷害的風險
P2: 主張一般用路人風險保護優先，新技術要上路之前應該要確保技術完備且風險低
C: 所以自駕車公司應該保證技術無虞，不會讓用路人承擔風險，才能讓技術上路",把 無辜用路人 當成判斷自駕車能否部署的首要考量，看似合理，但它的根本問題是 技術發展緩慢，因為它忽略（或犧牲了） 自駕車技術或自駕車使用者的權利。,"堅持(Defend)：批評不成立，我的立場完全不變，我能說明為什麼。The objection fails. My position does not change, and I can explain why.",批評不成立，因為一般用路人的的總數更高，不應該讓他們承擔風險，且事故發生後難以究責，導致無可挽回的後果，而受害者也無法獲得補償。,這樣對自駕車的高標準，遠高於人駕車對考照的標準，人駕車的事故率更高，這樣是一種雙重標準，如何安全與技術發展並重會是最大難題。,
2026/04/28 17:53:56,"效益優先 (Benefit First)：只要長期能顯著降低整體交通死傷，自駕車部署就可被接受。If self-driving cars can significantly reduce overall traffic injuries and deaths in the long run, their deployment can be justified.","P1：大部分自駕比人駕發生事故的機率更低。
P2:我主張效益優先原則，該原則的核心價值是可以有效降低整體事故的比例。
C：自駕車的公司要提出嚴謹的測試證明，其自駕車事故發生率比人駕車還要低，並且政府必需嚴格監督這些企業，若條件達成，政府就不該對於自駕車有過多限制，其路權、使用情境應該比照一般人駕車。",把效益優先原則當成判斷自駕車能否部署的首要考量，看似合理，但它的根本問題是指考慮整體利益、只關注能不能降低總體事故發生率，因為它忽略了若發生事故，責任該如何追究的問題，很可能導致事故發生當事人無法得到合理的賠償。,"限定(Qualify)：批評部分成立，但我的核心立場不變，只是需加上特定條件或在特定情形下成立。The objection is partly valid, but my core position remains the same. It only holds under certain conditions or in certain cases.",批評部分成立，但我的立場在自駕車公司能建立明確的責任歸屬制度的條件下仍然能成立，因為這樣既保證了總體利益，也保證個體事故發生者的利益。,任何政策都沒辦法一次做到最完整，即使自駕車公司有建立責任歸屬制度，但總是會有一些例外情況發生，這部分的風險很可能會由事故發生者承擔，但這畢竟是少數情況，我還是認為這代價值得付出，若政府能夠建立法律規範若責任歸屬制度沒有規範到的地方，一律由誰負責，可以大大的減緩代價。,要做到完美的規範是不可能的，就算有政府的法規在最後補齊漏網的部分，很有可能最終判決結果還是會與一半大眾的道德標準不合的地方，但若禁止自駕車有優點矯枉過正，讓整體事故率增加，這是我猶豫的地方。
2026/04/28 17:53:58,"一般用路人風險保護優先 (Road User Protection First)：自駕車的研發與測試風險，不應主要由行人、騎乘者與其他一般用路人承擔。The risks of developing and testing self-driving cars should not fall mainly on pedestrians, cyclists, and other road users.",我認為這個案例最核心的價值應該是社會分配的正義以及對未參與利益分配者的風險龜避。從事實來看，Uber 當初在國外測試時，行人並沒有同意參與這項實驗，他只是正常在路上行走 。但 Uber 為了研發效率，卻單方面停用了緊急煞車系統，甚至在收到員工警示車輛有問題後仍繼續測試 。  我的主張是自駕車的研發風險絕對不應由那些完全無法從中獲利的無辜用路人來承擔。這涉及了一種權力與風險的不對稱分配，科技公司不能為了追求未來的技術紅利，就讓現在的行人被迫成為實驗品。結論就是像 Uber 這樣的開發商在系統尚未達到極高安全性前，不應該在公共道路上進行無差別測試，除非政府能確保有極其嚴格的隔離措施或保險機制，否則這種把風險轉嫁給社會大眾的行為在倫理上是不合理的。,把一般用路人風險保護當成判斷自駕車能否部署的首要考量，看似合理，但它的根本問題是這種對於人機雙重標準的要求，可能會在無形中拖慢了拯救更多生命的進度。因為它忽略了人類駕駛其實更不穩定，更常出錯，如果我們因為過度保護當下的用路人而讓自駕車技術沒有進步，就是犧牲了未來成千上萬可能因自動駕駛而得救的人。,"限定(Qualify)：批評部分成立，但我的核心立場不變，只是需加上特定條件或在特定情形下成立。The objection is partly valid, but my core position remains the same. It only holds under certain conditions or in certain cases.",我的理由是批評部分成立，但我認為我的立場在區分研發階段與成熟部署階段的條件下仍然能成立。我承認長期來看 AI 駕駛可能比人類安全，但這不能成為研發初期隨便在公路上拿活人當測試數據的藉口。技術開發可能多少會有點犧牲，但這個代價應該由開發公司或主動參與的測試者承擔，而不是讓隨便一個人承擔。所以只要能把測試限制在安全環境或是特定的實驗區域，我的保護優先原則與技術進步就不會產生矛盾,這個選擇最直接的代價就是發展技術時所用道的時間和金錢。因為不能直接在公共道路上大量收集數據，AI 學習的速度一定會變慢。這個代價主要是由科技研發團隊跟追求高科技便利的投資人承擔。但我認為這絕對值得，因為一旦社會大眾對技術失去信任，這種負面情緒對科技發展的長期阻礙。,最讓我猶豫的點在於所謂的安全到底要怎麼定義？如果要等 AI 完全不會撞到行人才能上路，那可能永遠都沒有那一天，因為還是會有意外。當我們在談論責任歸屬時，如果真的是技術上的極端巧合像這次案例中行人推著自行車橫越，難道要因為這 1% 的不可控因素，就全面否定那 99% 已經比人類更安全的表現嗎？這種「萬分之一的出錯」到底該由誰來扛責任，這點讓我很難斷言。
2026/04/28 17:54:21,"一般用路人風險保護優先 (Road User Protection First)：自駕車的研發與測試風險，不應主要由行人、騎乘者與其他一般用路人承擔。The risks of developing and testing self-driving cars should not fall mainly on pedestrians, cyclists, and other road users.",以一般用路人風險保護為優先，自駕車失控的最大風險承擔者並非實際使用者，而是將風險轉移給外部，生成不可逆轉的外部成本。一個合格的、能夠普及的系統不應將風險承擔施於非使用者。能夠完整部署且普及的系統風險應能有效地控制風險承擔者於使用者與製造者。,以一般用路人風險為優先時，會忽略了實施時會帶來的效益，若是能夠將整體的事故率與傷亡比例有效地降低，那相關的風險對社會而言是能夠接受的。,"限定(Qualify)：批評部分成立，但我的核心立場不變，只是需加上特定條件或在特定情形下成立。The objection is partly valid, but my core position remains the same. It only holds under certain conditions or in certain cases.",批評部分成立，但我仍然堅持我的立場，整體效益要能夠產生有先決條件：普及率要有一定的規模。若是在使用率與普及規模沒有達到能顯著降低風險的情況，且並沒有配套的完善措施（例如法律、教育等等），使用者會將風險轉嫁到一般用路人，壓縮一般用路人的使用權益。,效率是最主要犧牲的，便是成本與時間。想要以更小的風險去達到一樣的成果會需要大量的成本與時間，且能否在相應的時間去產出配套的法律依然是未知數。根據我們國家目前的效率，沒有出現事故之前應該是不會有完善的法律。,最好的交通是沒有人類的交通，目前所有的交通號誌皆是為了人類而服務，事故也是人類在一定程度上違反了規定才會出現。而機器只要設定好，測試後確認不會有邏輯死角與具有相應的事故處理機制，只要沒有非專業人類去變動，大部分都能完好的運行，例如許多公司會有的自動化倉庫。而人類能否快速的接受這些事情將不需要人類的交通工具普及，並且調節中間會出現的經濟陣痛期，也是值得討論。
2026/04/28 17:54:30,"一般用路人風險保護優先 (Road User Protection First)：自駕車的研發與測試風險，不應主要由行人、騎乘者與其他一般用路人承擔。The risks of developing and testing self-driving cars should not fall mainly on pedestrians, cyclists, and other road users.",在 Uber 事故中，行人作為未參與測試且未給予知情同意的第三方，卻被迫承擔了企業為了商業利益而轉嫁的技術風險；「不傷害他人」的負面義務優先於追求集體利益的效益主義，行人的生命安全權權利不應被視為科技進步的必要成本，這是分配正義的核心要求；所以在研發企業無法證明其系統對外部用路人的保護能力優於人類駕駛前，不應在公共道路進行測試，政府亦須強制要求企業將測試風險內部化，以確保部署的倫理正當性。,把一般用路人風險保護優先當成判斷自駕車能否部署的首要考量，看似合理，但它的根本問題是陷入了「現狀偏誤」並設立了過於理想化且不對稱的道德門檻，因為它忽略了延後技術部署所造成的「不作為傷害」以及人類駕駛本身極高的風險代價。,"堅持(Defend)：批評不成立，我的立場完全不變，我能說明為什麼。The objection fails. My position does not change, and I can explain why.",批評不成立，因為該批評混淆了統計上的獲益與道德上的正當性。,因為必須在極高標準的安全性與封閉場域內反覆驗證，自駕車技術的大規模部署將會變慢。,"目前科技界主流的辯護理由是：只要自駕車的事故率低於人類駕駛，它就是道德上可接受的。
但我感到猶豫的是：人類駕駛的錯誤通常是隨機且分散的（例如某個人的疲勞或分心）；而自駕車的錯誤是系統性且可複製的（例如程式碼中對特定光影的判斷失誤）讓「安全」二字變得很難用純粹的數據去定義。"
2026/04/28 17:54:44,"一般用路人風險保護優先 (Road User Protection First)：自駕車的研發與測試風險，不應主要由行人、騎乘者與其他一般用路人承擔。The risks of developing and testing self-driving cars should not fall mainly on pedestrians, cyclists, and other road users.","P1：在Uber自駕車事故案例中，因為系統未能準確辨識過馬路的行人，並且人類監督員分心，進而導致無辜用路人喪生。
P2：「一般用路人風險保護優先」，此原則的核心價值為：人類的生命權、身體完整性、性命公平性，特別是被動參與技術測試的第三方用路人。但公正、公平的社會不應該為了科技進步，將不參予利益分配的第三方族群捲入未經其同意的致命風險中。
C：自駕車的佈署正當性理應建立在：對外部用路人造成的風險必須明顯低於人類駕駛，若無法保證這一點，產品不應被允許在公共道路上行駛。",把一般用路人風險保護優先當成判斷自駕車能否佈署的首要考量，看似合理，但它的根本問題是：它忽略了延遲佈署於實際社會道路建設，所產生的機會成本。如果過度追求零風險而限制字駕車的開發及實際應用，雖然保護了可能因為系統故障而受傷的人，但那畢竟是少數，此舉犧牲未來的方便性及可能性。,"限定(Qualify)：批評部分成立，但我的核心立場不變，只是需加上特定條件或在特定情形下成立。The objection is partly valid, but my core position remains the same. It only holds under certain conditions or in certain cases.",批評部分成立，但我的立場在：以社會全體人類福祉、效益至上的角度做分析，仍能成立。因為安全性是社會信任的基礎，如果在自駕車的發展初期就因為忽略一般用路人的安全，進而引發社會恐慌，那反而有可能對這項科技的未來造成負面影響及侷限。,"代價：研發成本大幅提升、測試時間跟週期因此拉長、產品上市時間延後
承擔者：自駕車廠商，他們得投入更多成本在感測、高精度地圖描繪技術等建置成本裡；社會大眾則需要較晚才能享受到全自動駕駛的便利性。
我認為這個代價值得，因為自駕車技術屬於影響相對大的科技躍進，因此我認為應該要採取相對保守的態度做審視。",無，此周為使用google meet參與討論
2026/04/28 17:55:20,"一般用路人風險保護優先 (Road User Protection First)：自駕車的研發與測試風險，不應主要由行人、騎乘者與其他一般用路人承擔。The risks of developing and testing self-driving cars should not fall mainly on pedestrians, cyclists, and other road users.",在 Uber 自駕車事故中因軟體設定錯誤與停用緊急煞車而未能避讓。顯示出測試階段的風險被轉嫁給了並未參與實驗、也非直接受益者的一般用路人，讓用路人承擔了技術不成熟的致命風險。應優先採納「一般用路人風險保護優先」原則，原因在於「分配正義」，且研發收益不應建立在他人非自願承擔的風險上。在道德位階上，保護無辜個體的生命安全應優於追求長遠技術進步的集體效益。開發商不應將缺乏完善安全備援的自駕車投入公共道路測試，嚴禁將行人安全視為研發成本。監管機構則應建立嚴格准入標準，要求開發商必須在風險受控的條件下進行測試，確保技術演進不侵害用路人的基本安全權利。,把一般用路人風險保護優先當成判斷自駕車能否部署的首要考量，雖然合理但它的根本問題是過度保守的風險規避會無限期推遲技術的成熟，因為它忽略且犧牲未來透過自駕車普及所能挽救的成千上萬條生命。,"限定(Qualify)：批評部分成立，但我的核心立場不變，只是需加上特定條件或在特定情形下成立。The objection is partly valid, but my core position remains the same. It only holds under certain conditions or in certain cases.",批評部分成立，但我的立場在確保開發商盡到最大審慎義務並提供完整的風險評估的條件下仍然能成立，因為我們不能因追求未來的集體利益而無止盡地讓當下的個體承擔非自願的生命風險，但可以在風險被嚴格控管且透明化的前提下，接受合理的技術開發進程。,"這個代價主要由那些在等待期間因人類失誤而發生車禍的人以及整體社會的交通效率來承擔。
我認為這個代價是值得的，因為基本人權不應為了追求不確定的未來利益而被犧牲。但我們可以透過其他方式減緩。例如：政府應鼓勵開發商在封閉場地加強模擬，或提供研發補助以抵銷因嚴格法規增加的成本，從而在不犧牲路人安全的前提下，盡可能加速技術演進。",我覺得最猶豫的地方是機器與人類錯誤的道德天平如何衡量，在倫理上我們難以接受讓路人承擔這萬分之一的非自願風險但與此同時，我們卻對每天因人類酒駕造成的傷亡感到習以為常。這種對機器錯誤的零容忍偏誤，是否會反而阻礙了真正能拯救更多生命的新科技？
2026/04/28 17:55:21,"責任追溯與課責優先 (Accountability First)：若事故發生後無法清楚追溯責任、說明決策依據並進行有效課責，則不應部署。If, after an accident, responsibility cannot be clearly traced, the basis of the decision cannot be explained, and effective accountability cannot be imposed, then deployment should not be allowed.","P1：在 Uber 案例中，系統經過多層決策像是演算法設計、判斷感測、測試流程和人為監控，讓事故發生後不好去界定是哪邊造成錯誤，也不容易去解釋當下的決策依據
P2：我主張責任追溯與課責優先，他的核心價值是可歸責性。當系統的決策過程可以被解釋或追責並且可以對應到一個具體主體的時候，相關風險的承擔才具有倫理性
C：在這類案例中，如果開發者和部署者沒辦法建立解釋性決策、可追溯責任和可實際歸責機制，就不應該將系統上路測試或部署，他們有義務先讓這些條件成立，才能將系統導入道路",把責任追溯與課責當成判斷自駕車能否部署的首要考量，看似合理，但它的根本問題是，它寧願接受由人類分心與反覆失誤造成的可預期傷亡，因為它犧牲了來自比較安全但難以完全歸責系統的風險,"限定(Qualify)：批評部分成立，但我的核心立場不變，只是需加上特定條件或在特定情形下成立。The objection is partly valid, but my core position remains the same. It only holds under certain conditions or in certain cases.",批評部分成立，但我的立場在責任可追溯達到合理門檻，並且系統確實能降低人為分心、疲勞與酒駕風險的條件下仍然能成立，因為可歸責性不是要求完美歸責，而是確保風險不會沒原因的轉嫁給用路人,"1.這個選擇的代價是可能暫緩自駕車部署，從而放棄部分本來可減少的人為失誤造成的傷亡，同時也增加企業的開發成本
2.這些成本主要由開發者、企業，以及暴露在人為駕駛風險的用路人承擔
3.我認為在高風險情境下這個代價是值得的，因為它確保事故發生時責任可以被追究，但可以透過設定合理可追溯門檻、分階段部署來補償",我目前最猶豫的是應該如何界定足夠的可追溯性門檻
2026/04/28 17:55:37,"效益優先 (Benefit First)：只要長期能顯著降低整體交通死傷，自駕車部署就可被接受。If self-driving cars can significantly reduce overall traffic injuries and deaths in the long run, their deployment can be justified.",根據Tesla的統計數據與研究自駕車發生collision 的機率比一般的人類平均低七倍。我主張效率優先，因此自駕車不應該被限制推廣,把最終結果能降低死傷當成判斷自駕車能否部署的首要考量，看似合理，但它的根本問題是沒有考慮到已經是測試完了才有這個數據，因為它忽略（或犧牲了）人民在不知情同意的情況下已經參與實驗並承擔了風險。,"限定(Qualify)：批評部分成立，但我的核心立場不變，只是需加上特定條件或在特定情形下成立。The objection is partly valid, but my core position remains the same. It only holds under certain conditions or in certain cases.",批評部分成立，但我的立場在效率優先條件下仍然能成立，因為這屬於一種破壞式創新且公共利益遠大於風險,測試期的死傷風險,破壞式創新是不是必要的
2026/04/28 17:55:42,"責任追溯與課責優先 (Accountability First)：若事故發生後無法清楚追溯責任、說明決策依據並進行有效課責，則不應部署。If, after an accident, responsibility cannot be clearly traced, the basis of the decision cannot be explained, and effective accountability cannot be imposed, then deployment should not be allowed.",自駕車在實際道路上運行時，一旦發生事故，很難釐清是誰的錯誤，所以我認為究責應該是最優先考慮的原則。當有人的生命財產受到侵害時，必須要有明確的主體來承擔後果並給予受害者交代，這關乎社會正義與一般大眾對科技的信任。基於以上，如果在自駕車正式上路前，無法建立一套明確釐清肇事責任的機制，出事後找不到真正該負責的對象，那就不應該允許它輕易實行。,把責任釐清當成判斷自駕車能否部署的首要考量，看似合理，但它的根本問題是在真正實行之前，沒辦法完善規定。,"限定(Qualify)：批評部分成立，但我的核心立場不變，只是需加上特定條件或在特定情形下成立。The objection is partly valid, but my core position remains the same. It only holds under certain conditions or in certain cases.",批評部分成立，但我認為規定本來就無法真正的完善，隨著實施的案例增加，規定應該趨於完善。但在一開始實行前，還是需要思考過各種可能性，制定出相對完善的責任歸屬。,代價是會拖慢自駕車普及的速度，由一般大眾與車廠來承擔。值得，但我認為可以先小範圍的試行，減緩代價。,
2026/04/28 17:55:49,"效益優先 (Benefit First)：只要長期能顯著降低整體交通死傷，自駕車部署就可被接受。If self-driving cars can significantly reduce overall traffic injuries and deaths in the long run, their deployment can be justified.",我選擇效益優先，因為會發展自駕車本來就是為了效益，如果為了考慮風險而犧牲自駕車的效益，那發展自駕車的意義也不大,把效益優先當成首要考量看似合理，但它的根本問題是自駕車的風險到底多大，因為它忽略了自駕車在發展效益時會不會風險也隨著增高，最後的風險是不是社會大眾能夠接受的,"限定(Qualify)：批評部分成立，但我的核心立場不變，只是需加上特定條件或在特定情形下成立。The objection is partly valid, but my core position remains the same. It only holds under certain conditions or in certain cases.",批評部分成立，但我的立場在民眾對自駕車風險有一定程度了解的條件下仍成立，因為民眾可以在了解可能後果的情況下自己去選擇要不要去使用自駕車,雖然民眾可以自行選擇要不要使用自駕車，但對路上的行人來說就算他們不認同自駕車，還是有可能因為其他駕駛使用自駕車而被波及，但我認為自駕車已經經過嚴格的測試才能上市，在廠商認為自駕車的事故率低到足以上市的條件下，行人被波及到的風險應該是非常低的,
2026/04/28 17:55:55,"一般用路人風險保護優先 (Road User Protection First)：自駕車的研發與測試風險，不應主要由行人、騎乘者與其他一般用路人承擔。The risks of developing and testing self-driving cars should not fall mainly on pedestrians, cyclists, and other road users.","P1: 如 2018 年亞利桑那州事故中，企業在公開道路進行自動駕駛技術測試時，行人、騎乘者等一般用路人往往是未經知情同意的情況，莫名被迫暴露在或承擔技術未成熟的致命風險。
P2: 主張一般用路人風險保護優先，核心價值是開發新技術必須要付一定責任，不應該為了技術進步直接將風險在未經任何同意下，無意或有意的轉嫁到路人身上。
C: 研發企業與測試方不應在缺乏完善安全預防措施的情況下，將一般路人視為實驗對象。","把路人風險保護優先當成判斷自駕車能否部署的首要考量，看似合理，但根本問題是過度保守的風險規避會導致技術研發陷入癱瘓，因為它犧牲了研發方透過實測進行技術迭代的可能性，以及社會早日實現如""零事故願景""的機會","堅持(Defend)：批評不成立，我的立場完全不變，我能說明為什麼。The objection fails. My position does not change, and I can explain why.","批評不成立，因為像是犧牲未來能夠實現""零事故願景""的機會，和必須要犧牲路人的安全並沒有直接關係，我不認為可以為了未來可能帶來的巨大好處，就強迫當下的個體(路人)在未經同意的情況下承擔致命風險。","這代表""零事故願景""肯定的推遲，如果堅持要等到絕對安全才部署，在等待的這幾年間，原本可能可以有的""不完美但至少比人類更好""的自駕車所挽救的生命的機會(可能例如人類酒駕或疲勞駕駛等導致的事故），的機會會不斷延後。
因此承擔該代價的除了研發部門，還有現在交通體制下的受害者(酒駕受害者等)
我依然認為值得付出，雖然""延後拯救生命""聽起來不好，但若為了追求效率而犧牲非自願用路人的基本安全權利，本質上是將人類視為達成科技目標的工具，為了實驗引發嚴重的倫理災難對產業也會造成長期損害，對於誰都不利好。",
2026/04/28 17:56:02,"效益優先 (Benefit First)：只要長期能顯著降低整體交通死傷，自駕車部署就可被接受。If self-driving cars can significantly reduce overall traffic injuries and deaths in the long run, their deployment can be justified.",人會有判斷失誤和受情緒、環境等因素影響，行車安全不如經妥善訓練的ai。我主張效益優先，只要這個行為在整體考慮現在和未來是利大於弊的就有實施的理由。在現今，自駕車應持續實驗收集數據，唯有足夠的訓練ai才能更精準判斷和行動，但在訓練完善前應有人監督以免突發狀況。,把效益優先當成判斷自駕車能否部署的首要考量，看似合理，但它的根本問題是還沒訓練好，因為訓練不足所發生的事故導致財產的損失。,"限定(Qualify)：批評部分成立，但我的核心立場不變，只是需加上特定條件或在特定情形下成立。The objection is partly valid, but my core position remains the same. It only holds under certain conditions or in certain cases.",批評成立。正因如此，我們更應讓自駕車上路來獲取更真實的數據並更快速的訓練，於此同時也應有監督者於車上監督並於發生意外時接過主控權，也能同時向系統演示遇到此種狀況的應對方式。,在訓練完成前可能會有更多事故發生，應究責於車內監督者。使用自駕車的民眾的位置會時時被系統監控。,
2026/04/28 17:56:12,"一般用路人風險保護優先 (Road User Protection First)：自駕車的研發與測試風險，不應主要由行人、騎乘者與其他一般用路人承擔。The risks of developing and testing self-driving cars should not fall mainly on pedestrians, cyclists, and other road users.",我認為是一般用路人風險保護優先，自駕車團隊了美化測試數據或優化乘坐體驗，不應該私自調降或關閉關鍵的安全防護機制,把一般用路人風險保護優先當成判斷自駕車能否部署的首要考量，看似合理，但它的根本問題是過度的安全性，因為它忽略（或犧牲了）科技進步的空間,"限定(Qualify)：批評部分成立，但我的核心立場不變，只是需加上特定條件或在特定情形下成立。The objection is partly valid, but my core position remains the same. It only holds under certain conditions or in certain cases.",批評部分成立，但我的立場在適度的安全性條件下仍然能成立，因為我認為人才是最重要的，不能因為進步或好看的數據犧牲其他人的權益,主要的代價是為了安全帶來的技術研發效率延遲以及長期生命救助的機會成本，,自駕車越來越成熟，但安全性還是一大隱憂
2026/04/28 17:56:25,"效益優先 (Benefit First)：只要長期能顯著降低整體交通死傷，自駕車部署就可被接受。If self-driving cars can significantly reduce overall traffic injuries and deaths in the long run, their deployment can be justified.",現今高齡化社會中，老年人口駕駛造成的車禍已成為一項社會議題，若讓老年人改為乘坐自駕車，能夠降低人為操作導致的車禍，因此，我選擇效益優先的方案。在乘坐自駕車時，老年人仍需隨時注意當前路況。,把減少部分人口的交通問題作為效益優先方案的考量，並沒有考慮到老年人是否能夠了解新上路的自駕車，是否能夠判斷自駕車行駛狀況。或許由仍在持續吸收新知的青壯年人口來乘坐會比較適合。,"修正(Revise)：批評很可能成立，我的核心立場會有很大調整，即使整體方向不變。The objection is likely valid, so my core position needs major revision, even if its overall direction remains the same.",批評部分成立，我確實沒有考慮到發生緊急狀況時，乘坐自駕車的老年人能否應對。若是設立一個駕照制度，要乘坐自駕車的人需要通過筆試及路考，或許能夠提升對自駕車的熟悉度，實際上路時再減少意外發生機率。,即使選擇了目前立場，但人一旦年紀大了，各種器官感知會不可避免地退化，讓這樣的人類獨自乘坐車輛上路，我仍然對是否能夠真正降低車禍率感到存疑。,
2026/04/28 17:56:46,"責任追溯與課責優先 (Accountability First)：若事故發生後無法清楚追溯責任、說明決策依據並進行有效課責，則不應部署。If, after an accident, responsibility cannot be clearly traced, the basis of the decision cannot be explained, and effective accountability cannot be imposed, then deployment should not be allowed.","P1事實：Uber在行人推車上辨識失敗、緊急煞車被停用，駕駛員沒有做好監管車子的責任所以導致有人傷亡。
P2規範：責任追溯與課責優先 ，因為導致車禍的背後責任探討會牽涉到高層是否故意忽視、團隊工程師是否有沒有考量到，但是應該考量到的判斷資料未給系統、在車上監控車子的駕駛員是否應注意而未注意、一般行人、一般駕駛員是否有違規，這件事情如果沒有辦法有好的責任追溯與課責優先，會使得發生事情之後會有機會出現應該需要負責卻沒有負責的人。
C結論：公司必須承擔該自駕車發生事情的責任，不應該明知道有問題卻選擇忽視。",把責任追溯與課責優先當成判斷自駕車能否部署的首要考量，看似合理，但它的根本問題是實際上的情況是很多的規範都是發生問題之後，才開始詳細規範、邊實行邊調整規範，所以責任追朔與課責為優先，他會忽略掉很多實際的規範需要更多實際的執行後出現的問題去規範才能夠規範出更合適的內容。,"限定(Qualify)：批評部分成立，但我的核心立場不變，只是需加上特定條件或在特定情形下成立。The objection is partly valid, but my core position remains the same. It only holds under certain conditions or in certain cases.",批評部分成立，我認同有許多的問題需要實際執行之後才會知道真正的系統問題是什麼，且現在有很多高危險的科技都是邊執行邊規範，但是我的立場在於在於在測試之前必須要假設出現問題之後如何去做責任界定規範，如果都沒有一個責任的界定規範，那有路人就有可能承擔其不該承擔之風險，而這不應該，因為這台車是否出現在這裡運行是公司決定的，所以責任應該歸公司所有，所以就算很多的科技產品都是邊執行邊規範，但我們依舊要先有一個明確的基本的規範之前提下去做測試，去降低更多的執行之後如果發生問題的突發狀況。,"我想我的立場雖然是執行前需要有責任追朔與課責規範，有可能產品永遠都不能現世，因為沒有實際執行所以沒有實際的數據去進行更合適的規範。
我認為代價不值得付出這麼多，因為科技還是很方便，所以我覺得可以在執行之前，至少要有基本的規範在，但當然基本規範可能不見得這麼完善，但我覺得還是該想一個基礎的版本之後再執行測試",在於做基本規範與人類傷亡之間做取捨 真的有點難
2026/04/28 17:57:06,"一般用路人風險保護優先 (Road User Protection First)：自駕車的研發與測試風險，不應主要由行人、騎乘者與其他一般用路人承擔。The risks of developing and testing self-driving cars should not fall mainly on pedestrians, cyclists, and other road users.",在Uber中，自駕車仍在測試卻上路，讓未同意的一般用路人承擔風險。應優先「一般用路人風險保護」，核心是風險分配公平與保障個人安全，不能把人當工具。結論是公司在安全未確保前不應上路測試，應先在可控環境驗證，才有倫理正當性。,把「一般用路人風險保護優先」當成判斷自駕車能否部署的首要考量，看似合理，但它的根本問題是太強調不能有風險，可能會讓技術根本沒辦法發展，因為它忽略如果自駕車成熟後，可能可以大幅降低整體交通事故、讓更多人更安全。,"限定(Qualify)：批評部分成立，但我的核心立場不變，只是需加上特定條件或在特定情形下成立。The objection is partly valid, but my core position remains the same. It only holds under certain conditions or in certain cases.",批評部分成立，但我的立場在風險已被有效控制、測試過程透明且有完善安全機制的條件下仍然能成立，因為即使允許技術發展，也不能讓未同意的一般用路人承擔不成比例的風險，基本安全應被優先保障。,代價是技術發展變慢、整體安全提升延後，由企業和大眾承擔。我能接受，可透過封閉測試與加強監管來減輕影響，同時補償整體效益的損失。,困惑的是要把風險控制到什麼程度才算可以上路，安全門檻該怎麼訂才合理。如果標準太高，技術會被卡住，但太低又可能傷害一般用路人，之間很難拿捏。
2026/04/28 17:57:32,"一般用路人風險保護優先 (Road User Protection First)：自駕車的研發與測試風險，不應主要由行人、騎乘者與其他一般用路人承擔。The risks of developing and testing self-driving cars should not fall mainly on pedestrians, cyclists, and other road users.","P1（事實）：
在 Uber 自駕車事故中，相關技術仍處於研發與道路測試階段，並非成熟且完全安全的產品。該事故的核心事實是：科技公司（Uber）在公共道路上進行實驗，而身為一般用路人的行人（Elaine Herzberg）並非該實驗的參與者，她既沒有對此項測試所帶來的潛在生命威脅表示「知情同意」，也無法在公眾空間中選擇避開這種由私人企業開發、且已關閉部分原廠安全機制（如 Volvo 自動緊急煞車系統）的實驗風險。
P2（規範）：
我主張「一般用路人風險保護優先」原則應作為首要考量。該原則的核心價值在於**「個人自主性與生命權的不可侵犯性」**（與康德的義務論精神相符，即人不應僅被當作達成目的的手段）。
為什麼這個價值應優先實現？因為若採取「效益優先」，等於是將現有路人的生命安全視為發展未來科技、降低長期傷亡的「代價」或「實驗工具」。在倫理上，社會不應強制要求無辜且不知情的第三方，為私人企業的技術開發承擔致命風險。保護最脆弱、且未參與技術開發的用路人，是維護社會基本公平與安全契約的底線。
C（結論）：
根據上述事實與規範，自駕車開發商不應該在未確保系統安全性已達到（或優於）人類駕駛標準前，將公共道路視為試驗場。在這種案例中，科技公司應該將測試侷限於封閉場域，或是在進入公共道路前，必須證明其技術不會將額外風險轉嫁給一般大眾；同時，政府與監管機構應強制要求企業對受影響區域的居民進行充分告知，並在技術尚未成熟前，嚴格禁止將一般用路人的生命安全作為優化演算法的實驗數據。",把一般用路人風險保護優先當成判斷自駕車能否部署的首要考量，看似合理，但它的根本問題是會導致自駕技術的發展停滯，變相容忍現有交通體系下每天因人類駕駛（如酒駕、疲勞駕駛）失誤而造成的龐大死傷，因為它忽略（或犧牲了）公共道路實境測試對於完善 AI 演算法的不可替代性，以及盡早部署自駕車所能拯救的無數未來生命與社會整體的長遠安全效益。,"限定(Qualify)：批評部分成立，但我的核心立場不變，只是需加上特定條件或在特定情形下成立。The objection is partly valid, but my core position remains the same. It only holds under certain conditions or in certain cases.",批評部分成立，但我的立場在「嚴格限制公共測試範圍、確保當地社區知情同意，並要求開發商配備完善的安全冗餘（如稱職的人類測試員）與承擔絕對肇事責任」的條件下仍然能成立，因為雖然長遠的交通安全與科技發展效益確實重要，但這不能成為強迫不知情、無辜的路人擔任「免費實驗白老鼠」的藉口。透過上述條件的限制，我們能在確保「不侵犯一般用路人生命權與自主權」的道德底線下，讓自駕車依然能在受控的真實道路環境中獲取演算法進步所需的數據，從而兼顧人權保護與自駕科技的長遠發展,"1. 付出的代價與承擔者
​代價： 自駕技術落地時程嚴重延遲，研發與測試成本劇增。
​承擔者： * 企業端： 必須吸收龐大的封閉場域測試與高階軟體模擬成本。
​社會大眾： 在技術推遲的「等待期」內，必須繼續承受人類駕駛（如酒駕、疲勞）所造成的龐大交通傷亡。
​2. 是否值得？如何緩解？
​值得付出： 因為這堅守了「生命權不可侵犯」的社會底線，拒絕將無辜路人視為企業演算法試錯的耗材。
​緩解方案： 政府可補助建置「大型封閉模擬城鎮」，企業則持續精進「虛擬模擬技術（數位孿生）」，在零傷亡風險的前提下加速 AI 學習。
​3. 放棄的價值與不安反思
​放棄的價值： 捨棄了「效益優先」（為了未來多數人的安全，容忍當下少數人犧牲）的功利主義。
​道德不安： 為了防止 AI 肇事而限制其發展，變相導致我們只能無奈接受「人類駕駛每年持續造成的龐大死傷」。這份不安提醒著：保護現有路人是底線，但全力催生「安全的」自駕科技，仍是我們最終的道德責任。",
2026/04/28 17:57:53,"一般用路人風險保護優先 (Road User Protection First)：自駕車的研發與測試風險，不應主要由行人、騎乘者與其他一般用路人承擔。The risks of developing and testing self-driving cars should not fall mainly on pedestrians, cyclists, and other road users.",在自駕車技術還沒完全成熟之前，用路人還是會成熟一定的風險，新技術要實際上路前，應該做好完善的風險評估，研發的公司有義務去保護用路人的安全，政府機關也應該制定完善的法律以及配套措施。,把無辜用路人的安全當作判斷自駕車能否部署的首要條件，看似合理，但它忽略了這樣會造成技術開發效率不佳，增加自駕車使用者的駕駛風險，因為它忽略了技術開發商以及自駕車使用者的權利。,"限定(Qualify)：批評部分成立，但我的核心立場不變，只是需加上特定條件或在特定情形下成立。The objection is partly valid, but my core position remains the same. It only holds under certain conditions or in certain cases.",批評部分成立，但我的立場在技術開發成熟以及經過完善風險評估的條件下仍能成立，因為一般用路人還是有基本人權，不該受到自駕車使用者的方便而有所減少。,我的選擇付出的代價是自駕車技術的發展效率會降低，自駕車使用者會因此承擔，我認為可以透過發展虛擬模擬的技術來增加開發技術的速度。,若討論非自駕車使用者及自駕車使用者的權力，可以用人口比例來比較利益大小嗎，這樣會不會有失人權平等。
2026/04/28 17:58:08,"一般用路人風險保護優先 (Road User Protection First)：自駕車的研發與測試風險，不應主要由行人、騎乘者與其他一般用路人承擔。The risks of developing and testing self-driving cars should not fall mainly on pedestrians, cyclists, and other road users.",自駕車實測會將潛在的危險，直接外溢給毫不知情的無辜路人。主張一般用路人風險保護優先，核心價值是捍衛基本人權。任何人都不該在不知錢的情況下作為別人實驗的白老鼠。若無法確保路人安全，企業就不應將不保證安全的產品放上公共道路測試。,把一般用路人風險保護優先當成判斷自駕車能否部署的首要考量，看似合理，但它的根本問題是會延緩科技發展，因為它忽略了絕對零風險在現實中不存在，保護當下的少數路人，等於間接犧牲了未來能夠被自駕車服務的廣大群眾。,"限定(Qualify)：批評部分成立，但我的核心立場不變，只是需加上特定條件或在特定情形下成立。The objection is partly valid, but my core position remains the same. It only holds under certain conditions or in certain cases.",批評部分成立，但我的立場在允許於封閉場域或專用道路測試條件下仍然能成立，因為這樣既能延續技術研發，又沒有強迫無辜大眾承擔非自願風險。,代價是研發進度緩慢與高昂的封閉測試成本，由開發商承擔。這代價值得付出，但會推遲技術普及，讓目前三寶駕駛上路的傷亡持續發生，這是難以迴避的道德代價。,最無解的是測試，為了保護路人而禁止上路測試，但AI必須在真實道路收集數據才能變安全。感覺不讓大眾承擔過渡期的風險，系統就達不到安全門檻。
2026/04/28 17:58:16,"責任追溯與課責優先 (Accountability First)：若事故發生後無法清楚追溯責任、說明決策依據並進行有效課責，則不應部署。If, after an accident, responsibility cannot be clearly traced, the basis of the decision cannot be explained, and effective accountability cannot be imposed, then deployment should not be allowed.",我認為責任追溯與課責應該優先 其核心價值是界定各方責任來避免不對等的風險發生在顧客或廠商 責任追溯與課責優先可以在商品發生事故時能夠可以有界定廠商與使用者之間所應負的責任範圍與程度 也能有效提高廠商設計產品之初時的安全或防止意外發生的意識 而因此政府與廠商（或相關人士）應互相溝通並擬定好相關法律草圖並依法進行相關法律的立法行為保障各方權利後才能使新興產品或研發上路,把責任追溯與課責當成判斷自駕車能否部署的首要考量的根本問題是對於廠商而言發明新產品的成本再加上需要法律擬定後才能開始販賣會讓廠商有著非常巨大的成本與時間壓力（也可能有政治壓力），犧牲了廠商的商品販賣與否的自由，容易使廠商因為巨大的成本考量不願創新,"限定(Qualify)：批評部分成立，但我的核心立場不變，只是需加上特定條件或在特定情形下成立。The objection is partly valid, but my core position remains the same. It only holds under certain conditions or in certain cases.",批評部分成立，但我的立場在當廠商與政府有扶持條件下仍然能成立，因為這時候新技術雖沒有法律保證 但政府可以利用短期生效的命令作為替代背書 讓廠商有測試或短期獲利的空間,可能在測試時或立法後責任的歸屬並不能界定的很完整  有可能相關成本反而會由人民或政府所承擔,新的重大技術的相關立法是否會成為官商勾結的誘因 反而對社會產生不良影響？
2026/04/28 17:58:53,"一般用路人風險保護優先 (Road User Protection First)：自駕車的研發與測試風險，不應主要由行人、騎乘者與其他一般用路人承擔。The risks of developing and testing self-driving cars should not fall mainly on pedestrians, cyclists, and other road users.","P1:在現在的科技發展中，自駕處於測試階段，因此系統技術仍不穩定，需要開發與除錯。在複雜的情況如行人在穿越、對向大燈干擾、多向匯車等狀況存在不可控的風險
P2:應優先貫徹機器人的三大原則，原則既然是誕生以來，大部分人都認同的準則，若機器今天造成人類重大傷亡，那不就違反社會的價值觀認定。
C:開發者與監管機構在未能確保路人風險降至最低前, 不能將自駕系統投入開放道路測試,以守護社會的道路安全",將一般用路人保護優先當成判斷自駕車能否部署的首要考量，看似合理，但它的根本問題是會犧牲了技術普及的速度，忽略了自駕車技術若能愈快成熟，可以減少因人類忽視、恍神、酒駕等而造成的車禍傷害，這些車禍事件發生的機率都大於自駕導致的傷亡,"堅持(Defend)：批評不成立，我的立場完全不變，我能說明為什麼。The objection fails. My position does not change, and I can explain why.","批評不成立，因為人類有些交通行為是有可預知性的，像是蛇形駕駛或其他危險行為，可以讓人類駕駛有預測其是否處在正常駕駛階段。但是自駕，通常發生故障是隨機的，企業將不具備同意權的無辜路人,當作測試軟體極限的強制性耗材,這種將個體生命工具化的做 
法,將摧毀大眾對科技治理的根本信任,反而引發更 劇烈的社會抵制而延緩技術落地。",我的立場可能延緩了自駕技術普及所能帶來的整體減災紅利，這份代價主要由未來可能因人類駕駛過失而傷亡的潛在受害者承擔。此代價可透過強化封閉場域仿真測試、精進數位孿生技術以及政府研發補貼來達成風險轉移與補償。,
2026/04/28 17:58:59,"責任追溯與課責優先 (Accountability First)：若事故發生後無法清楚追溯責任、說明決策依據並進行有效課責，則不應部署。If, after an accident, responsibility cannot be clearly traced, the basis of the decision cannot be explained, and effective accountability cannot be imposed, then deployment should not be allowed.","The principle that should be prioritized is accountability first, whose core value is responsible control over risky technology. This value matters because self-driving car testing places risks on ordinary road users who did not choose to participate in the experiment, so companies must be able to explain how decisions were made, who had the duty to prevent harm, and how failures will be corrected. If responsibility becomes unclear between the software, the driver, engineers, managers, and the company, then future safety promises are not enough to justify deployment. Based on this, companies like Uber should not deploy or test self-driving cars on public roads unless they can clearly trace responsibility, explain system decisions, and allow effective accountability after accidents.","Treating accountability as the primary consideration may seem reasonable, but its fundamental problem is that it can become too strict, because it may sacrifice innovation and potential long-term safety benefits by refusing deployment unless responsibility is perfectly clear.","堅持(Defend)：批評不成立，我的立場完全不變，我能說明為什麼。The objection fails. My position does not change, and I can explain why.","The criticism does not hold, because accountability first does not require perfect accountability before deployment; it requires enough traceability and explanation to prevent companies from shifting responsibility after harm occurs. Innovation is valuable, but it should not come at the cost of exposing ordinary road users to experimental risks without clear responsibility, safety oversight, or effective consequences when something goes wrong","Prioritizing accountability first may slow down the deployment of self-driving cars, so the main cost is that society might delay possible benefits such as technological innovation, business development, and future reductions in traffic accidents. This cost is mainly borne by self-driving car companies, investors, engineers, and also the public, who may have to wait longer for safer transportation technologies. However, I think this cost is worth paying because ordinary road users should not be used as unwilling test subjects for systems whose decisions and responsibilities cannot be clearly explained. The cost can also be mitigated by allowing limited testing under stricter rules, such as transparent safety reports, clear responsibility structures, independent audits, and compensation systems for victims when accidents occur",
2026/04/28 17:59:13,"責任追溯與課責優先 (Accountability First)：若事故發生後無法清楚追溯責任、說明決策依據並進行有效課責，則不應部署。If, after an accident, responsibility cannot be clearly traced, the basis of the decision cannot be explained, and effective accountability cannot be imposed, then deployment should not be allowed.","P1 Accident might happened even if using self drive car
P2 driver should take the same responsibility just as they drive the car theirself
C the government should set law for that",Take responsibility as the primary consideration in deciding whether self-drive cars may be deplyed may seem reasonable but its problem is it ignores risk even the responsibility are handled,"堅持(Defend)：批評不成立，我的立場完全不變，我能說明為什麼。The objection fails. My position does not change, and I can explain why.","The criticism does not hold, because human drive might has even more risk","If the producer did something bad, they migh not have to take responsibility ",
2026/04/28 17:59:23,"一般用路人風險保護優先 (Road User Protection First)：自駕車的研發與測試風險，不應主要由行人、騎乘者與其他一般用路人承擔。The risks of developing and testing self-driving cars should not fall mainly on pedestrians, cyclists, and other road users.",自駕車事故中，路人被撞死。我主張一般用路人風險保護原則應優先，自駕車的研發與測試風險，不應主要由行人、騎乘者與其他一般用路人承擔。公司應提前預想可能情境並做預防。,把一般用路人風險保護優先當成判斷自駕車能否部署的首要考量，看似合理，但它的根本問題是承擔責任比人駕車高，因為它忽略（或犧牲了）人機之間的標準。,"堅持(Defend)：批評不成立，我的立場完全不變，我能說明為什麼。The objection fails. My position does not change, and I can explain why.",批評不成立，因為在產品上市前應預想可能的狀況，而不是不作為，放任事情發生。,員工需付出更多的努力設計與預防,
2026/04/28 17:59:31,"責任追溯與課責優先 (Accountability First)：若事故發生後無法清楚追溯責任、說明決策依據並進行有效課責，則不應部署。If, after an accident, responsibility cannot be clearly traced, the basis of the decision cannot be explained, and effective accountability cannot be imposed, then deployment should not be allowed.",不論採取何種方式發展自駕車，都必定有其風險，所以我選擇責任追溯與課責優先，至少在出錯的時候，有能負責的人可以處理並擔負起責任，而不是互相推託，讓受害者叫天不靈叫地不應,這樣是有人能負責了，但是這樣的負責沒辦法處理所有情況，尤其是不可逆的錯誤，像是如果事故造成殘疾，有人負責也沒辦法讓受害者重回完全健康的狀態，必定會留下殘疾,"限定(Qualify)：批評部分成立，但我的核心立場不變，只是需加上特定條件或在特定情形下成立。The objection is partly valid, but my core position remains the same. It only holds under certain conditions or in certain cases.",我認為這時候不應該完全反對，更好的做法應該是要對事先測試與預防也納入開發方責任範圍內，也就是開發商在開發時必須確定系統在各種環境下仍能保障安全，同時保有緊急叫停的系統裝置,風險仍然有存在，而風險低不低主要看廠商，並且廠商的信譽度也是一個考量點,這樣找人「背鍋」的做法是否能真正解決問題？
2026/04/28 17:59:40,"一般用路人風險保護優先 (Road User Protection First)：自駕車的研發與測試風險，不應主要由行人、騎乘者與其他一般用路人承擔。The risks of developing and testing self-driving cars should not fall mainly on pedestrians, cyclists, and other road users.","P1事實：系統尚未達到足夠安全性時，就已經讓路人或其他駕駛暴露在風險中
P2規範：我主張「一般用路人風險保護優先」，他的核心價值是不應該讓無辜的民眾來承擔技術試錯的風險
C結論：企業不應該在安全性問題尚未被認可且解決的情況下就讓自駕車上路",把「一般用路人風險保護優先」當成判斷自駕車能否部署的重要考量看似合理，但他的根本問題是過度強調零風險，因為他忽略了整體交通安全的長期改善與技術進步所能帶來的公共利益,"放棄(Concede)：批評成立，我改變立場了。The objection is valid, and I change my position.",批評成立，因為我忽視了現在交通上已有的大量問題，例如：酒駕、疲勞駕駛等，若採用自駕車，或許能降低更多人為事故，所以我改變立場了,"需付出提高企業研發與合規的成本，並且錯失短期內降低人為事故率的機會
企業需承擔更高的成本，消費者也需承擔在尚未改變前可能會遭受人為事故",
2026/04/28 17:59:46,"一般用路人風險保護優先 (Road User Protection First)：自駕車的研發與測試風險，不應主要由行人、騎乘者與其他一般用路人承擔。The risks of developing and testing self-driving cars should not fall mainly on pedestrians, cyclists, and other road users.","P1：自駕車的研發與測試會產生風險。
P2：我主張一般用路人風險保護優先，此原則的核心價值在於將一般用路人的安全放在較重要的位置。
C：自駕車設計者和公司在設計系統以及測試系統的時候應該將一般用路人的安全放在第一位，不應該讓一般用路人承擔其研發與測試的風險。",把一般用路人風險保護優先當成首要原則，其根本問題為犧牲了自駕車本身的安全，把一般用路人置於自駕車之上。,"堅持(Defend)：批評不成立，我的立場完全不變，我能說明為什麼。The objection fails. My position does not change, and I can explain why.",我堅持我的選擇，因為我認為不能為了方便發明自駕車後，卻讓一般用路人承擔更高的發現，在研發和測試自駕車的過程中應該要以重視一般用路人的安全為優先。,此立場可能會讓自駕車的研發過程變得更漫長複雜，需投入更多時間和金錢，但我認為是值得的。,無。
2026/04/28 18:00:14,"責任追溯與課責優先 (Accountability First)：若事故發生後無法清楚追溯責任、說明決策依據並進行有效課責，則不應部署。If, after an accident, responsibility cannot be clearly traced, the basis of the decision cannot be explained, and effective accountability cannot be imposed, then deployment should not be allowed.","P1: 目前人駕車已經有明確的責任歸屬，加上所有用路人都有了法律明確的規範，自駕車必須有相關的法律和明確的責任歸屬才能上路
P2: 為了保護用路人，自駕車應有清晰的責任歸屬
C: 根據上述論點，在法律規範和責任歸屬尚未明確前，自駕車不應全面上路",把責任追溯與課責優先當成判斷自駕車能否部署的首要考量，看似合理，但它的根本問題是立法的時程過於冗長以及在法案尚未完善前若全面禁止自駕車上路，則就少了自駕車相關的上路案例和場景進而可能地影響法規的完善程度，因為它忽略（或犧牲了）科技與生活的連結是需要實際使用經驗與案例的,"限定(Qualify)：批評部分成立，但我的核心立場不變，只是需加上特定條件或在特定情形下成立。The objection is partly valid, but my core position remains the same. It only holds under certain conditions or in certain cases.",批評部分成立，但我的立場在「全面推動自駕車」的條件下仍然能成立，因為若自駕車要在所有地區、道路場景下全面使用，則立法和責任歸屬必須要嚴謹且明確,我認為會是自駕車的科技發展以及相關的公司收益，因為自駕車若短期內不能夠上路普及，則公司方會無法取得收益以及科技上也沒辦法快速迭代因為缺少上路數據,第一點，因為每個都很有道理
2026/04/28 18:00:22,"責任追溯與課責優先 (Accountability First)：若事故發生後無法清楚追溯責任、說明決策依據並進行有效課責，則不應部署。If, after an accident, responsibility cannot be clearly traced, the basis of the decision cannot be explained, and effective accountability cannot be imposed, then deployment should not be allowed.","P1: In the Uber self-driving car case, a fatal accident happened, and the system’s decisions and human responsibility were not fully clear.
P2: I think Accountability First should be prioritized because its core value is responsibility. If no one can clearly explain what happened or be held accountable, deployment is not ethically acceptable.
C: Based on P1 and P2, self-driving cars should not be deployed unless responsibility, explanation, and accountability are clear before accidents happen.","Treating accountability as the primary consideration may seem reasonable, but its fundamental problem is that it may delay a technology that could reduce overall traffic deaths in the long run.","限定(Qualify)：批評部分成立，但我的核心立場不變，只是需加上特定條件或在特定情形下成立。The objection is partly valid, but my core position remains the same. It only holds under certain conditions or in certain cases.","The criticism is partly valid, but my position still holds under the condition that possible future benefits cannot replace clear responsibility in the present, because public deployment should not happen when no one can be clearly held accountable after harm occurs.","The cost of this choice is slower innovation and stricter limits on testing and deployment. Companies and future users may bear this cost. I think it is worth paying, but it can be reduced through better safety rules, clearer records, and stronger review systems.",
2026/04/28 18:00:24,"一般用路人風險保護優先 (Road User Protection First)：自駕車的研發與測試風險，不應主要由行人、騎乘者與其他一般用路人承擔。The risks of developing and testing self-driving cars should not fall mainly on pedestrians, cyclists, and other road users.",以UBER自駕車這個案例而言，我認為如果能夠實現一般用路人風險保護優先的話，這個事故就不會發生（尤其在內部工程師也表示現在的車輛仍有一些缺陷的情況下），我認為沒有人應該為一個設計的不完美而喪失自己的生命，作為車廠也不應該在明知有風險的情況下去進行有可能傷人的測試，所以我認為，以這個case而言，我們應該在測試之前先確保如果真的發生一些超出使用者掌握的事情時，操作員可以怎麼樣去制止（雖然這個情境下有這件事大概也沒用）。,如果我們吧一般用路人風險保障優先作為首要考量的話，雖然用路人的安全性會大幅提升，但對於車廠而言，很多事情是要實際上路才會發現有問題的，也就是說，我們其實很難保證我們在設計的時候是不是真的有設計出來可以保護一般用路人的設計（要上路才會知道）,"限定(Qualify)：批評部分成立，但我的核心立場不變，只是需加上特定條件或在特定情形下成立。The objection is partly valid, but my core position remains the same. It only holds under certain conditions or in certain cases.",我認為，無論如何車廠應當在上路測試之前完善對用路人的保護設計，尤其是一定要有在意外發生時，駕駛可以強制介入並盡可能阻止意外的發生，就像我上面所說的，很多事情要實際上路才會知道，既使我們在出廠前做了再多的測試，仍有可能有不完善的地方，在這時，駕駛的強制介入便可作為最後的保險，成為保護用路人的最後一個盾牌。也就是說，車廠在測試之前應該盡可能地把安全措施做好，並給予駕駛強制介入的能力。當然，反方的論述也有其道理在，絕對的安全幾乎是無法被達成的，但我們仍可以藉由一些做法來盡可能的做到安全這件事情,首先，用路人的安全並沒有被完美的保證，如同我上面所說的，這只能盡可能做到安全但無法做到真正的安全。而且，在測試的過程中，駕駛會被迫需要花高額的注意力去維持自己和他人的安全，畢竟他是最後的保險。然而，我認為這些代價是可以值得付出和可以被補償的，首先前者的話其實對我來說已經是風險最小化的一個選擇了，而後者的話或許可以藉由增加更多測試員來緩解單一測試員的壓力以及更多人的話也可注意到更多潛在的危險並及時制止,我覺的安全這件事情應該是無法被完美達成的，所以我認為我的所有做法應該都無法達到真正的用路人風險保障
2026/04/28 18:00:25,"一般用路人風險保護優先 (Road User Protection First)：自駕車的研發與測試風險，不應主要由行人、騎乘者與其他一般用路人承擔。The risks of developing and testing self-driving cars should not fall mainly on pedestrians, cyclists, and other road users.","P1（事實）：風險的產生與承擔者之間存在嚴重的不對稱性。Uber 等科技公司是技術的研發者與潛在獲利者，而車內的測試員是受僱且知情同意承擔風險的個體。然而，一般的行人或其他用路人，並未參與技術研發的決策，亦未對成為測試環境的一部分表達過知情同意。他們是在不知情且無法選擇的情況下，被動地暴露在尚未完全成熟的算法測試風險之中。
P2（規範）：我主張一般用路人風險保護優先應作為首要考量。該原則的核心價值在於分配正義，研發帶來的利益不應建立在將風險轉嫁給無辜第三方的基礎上。
C（結論）：根據上述事實與規範，如Uber等研發單位不應將公共道路視為不受限的實驗室。在自駕車具有倫理上的部署正當性之前，開發者必須建立強大的失效保護機制，例如冗餘系統或高強度的監控機制，確保技術缺陷不會直接轉嫁為用路人的傷亡。",把一般用路人風險保護優先當成判斷自駕車能否部署的首要考量，看似合理，但它的根本問題是會陷入安全性陷阱導致技術永遠無法落地，因為它忽略了部署自駕車所能減少的現有交通傷亡。,"限定(Qualify)：批評部分成立，但我的核心立場不變，只是需加上特定條件或在特定情形下成立。The objection is partly valid, but my core position remains the same. It only holds under certain conditions or in certain cases.",批評部分成立，但我的立場在負面義務優先條件下仍然能成立，因為不傷害他人的義務在倫理位階上，通常高於為社會創造利益的義務。,研發遲滯導致的本可挽救生命喪失是我選擇此立場必須面對的最沉重的代價。未來的交通受害者這是一個隱形但真實的群體。如果自駕車本可以在 2030 年普及並減少 90% 的酒駕事故，但因為嚴格的倫理要求，技術延後到 2040 年才落地，那麼這 10 年間因人為失誤而死亡的用路人，便成了這份謹慎下的犧牲者。我認為這個代價是值得的，因為若我們允許企業在路人不知情的情況下轉嫁風險，這將開啟一個危險的先例。只要利益夠大，任何人的生命都可以成為實驗的一部分。,我不確定我們是否有權利為了維持開發程序現階段的高安全性，而使未來交通事故的受害者承受風險。困惑的是如果我堅持為了保護現在的行人而設立極高門檻，導致自駕技術延遲十年上市，而這十年內有數萬人死於本可避免的人類酒駕，我的這份道德堅持是否在統計意義上變成了另一種形式的間接謀殺？
2026/04/28 18:00:28,"責任追溯與課責優先 (Accountability First)：若事故發生後無法清楚追溯責任、說明決策依據並進行有效課責，則不應部署。If, after an accident, responsibility cannot be clearly traced, the basis of the decision cannot be explained, and effective accountability cannot be imposed, then deployment should not be allowed.","P1: it keep tracks of the accountability, maybe dash cams and other sensor to state if an accident happens.
P2: it supposed to be accountable meaning it should show who is responsible for faults. Is it the companies system or is it the passenger or is it the road users
C : we should know risks, from the company's point of view, passenger, and road user. That way everyone would know how it works and when it's ready to be released","Treating accountability as the primary consideration in deciding wether self driving cars may be deployed may seem reasonable. But it's fundamental problem is deployment time, because it ignores benefits of the product.","限定(Qualify)：批評部分成立，但我的核心立場不變，只是需加上特定條件或在特定情形下成立。The objection is partly valid, but my core position remains the same. It only holds under certain conditions or in certain cases.","The critisism is partly valid, but my position still holds under the condition that accountability, and knowing each responsibility is needed.","It costs the benefits, it will be harder for someone to develop such product that can satisfy all the needs and non error, which means we would delay the products benefits.",Nothing I guess
2026/04/28 18:00:37,"責任追溯與課責優先 (Accountability First)：若事故發生後無法清楚追溯責任、說明決策依據並進行有效課責，則不應部署。If, after an accident, responsibility cannot be clearly traced, the basis of the decision cannot be explained, and effective accountability cannot be imposed, then deployment should not be allowed.",由於無論駕駛是人或是機器都有可能發生意外，人類社會中的規範必須有人為事情負責，因此我主張責任追溯與課責優先。立法機關應該立法管制自駕車技術，確保至少發生事情時有人能為此負責，而科技廠不該急於使用上為規範完全的技術上路。,把責任追溯與課責優先當成判斷自駕車能否部署的首要考量，看似合理，但它的根本問題是會使新技術需花費很多時間才得以應用，因為它忽略（或犧牲了）立法所需的時間。,"修正(Revise)：批評很可能成立，我的核心立場會有很大調整，即使整體方向不變。The objection is likely valid, so my core position needs major revision, even if its overall direction remains the same.",批評很可能成立，我需要調整立法的完成度，但整體方向仍是需要有一定的規範，因為意外不可預期，而只要有事情發生必須要有人為此負責。,需要花費較多的時間成本完善規範，科技的便利與效率需較久的時間才得以享受，此外，法律上「完善」的程度很難界定。,規範如何才叫「完善」
2026/04/28 18:00:52,"效益優先 (Benefit First)：只要長期能顯著降低整體交通死傷，自駕車部署就可被接受。If self-driving cars can significantly reduce overall traffic injuries and deaths in the long run, their deployment can be justified.",自駕的傷亡率低於人類自駕的傷亡，可以長遠的降低人類因駕駛的傷亡率，減少傷亡，立法人員應保持更開放的態度，使得自動車早點上路。,把效益優先當成自駕車部署的首要考量，看似合理，但他犧牲了用路人的權益，因為他在初期學習的時候，要先有傷亡他才能學到那樣的行為是錯的。,"限定(Qualify)：批評部分成立，但我的核心立場不變，只是需加上特定條件或在特定情形下成立。The objection is partly valid, but my core position remains the same. It only holds under certain conditions or in certain cases.",批評部分成立，但我的立場要在機器人先學到一定的基礎才能繼續上路，不然會犧牲太多的無辜民眾。,路人的代價是有可能被自駕車隨時撞到（雖然人駕也可能發生，駕駛也可能會因此失去工作，乘客也好搭的不安心,沒有
2026/04/28 18:00:56,"一般用路人風險保護優先 (Road User Protection First)：自駕車的研發與測試風險，不應主要由行人、騎乘者與其他一般用路人承擔。The risks of developing and testing self-driving cars should not fall mainly on pedestrians, cyclists, and other road users.","P1:  在 Uber 自駕車事故中，受害者 Elaine Herzberg 是一名牽著腳踏車橫穿馬路的行人。當時 Uber 的系統雖然偵測到物體，但因演算法分類錯誤（猶豫是車輛、腳踏車還是未知物體）而延遲了煞車。此外，Uber 為了減少測試中的「過度煞車」以提升乘坐平順度，禁用了緊急煞車功能，且隨車安全員當時並未專注於路況。

P2: 我主張「一般用路人風險保護優先」。其核心價值在於「知情同意與負擔公平」。行人與其他用路人並非自駕車開發的受益者或測試參與者，他們並未同意參與這項實驗，卻在公共道路上被迫承擔 AI 決策失敗的生命風險。在道德上，不應為了社會長遠的科技進步（效益），而將無辜個體當作達成目的的手段（工具化）。
C:  研發企業與政府監管單位不應在未確保系統具備「高於人類安全標準」且具備「備援安全機制」的情況下，將公共道路作為未成熟技術的實驗場。在安全性未達標前，測試應侷限於封閉場域，或必須確保風險完全由開發者控管，而非轉嫁給一般用路人。",把一般用路人風險保護優先當成判斷自駕車能否部署的首要考量，看似合理，但它的根本問題是會陷入研發僵局，因為它忽略了延遲部署所帶來的具體生命代價。,"限定(Qualify)：批評部分成立，但我的核心立場不變，只是需加上特定條件或在特定情形下成立。The objection is partly valid, but my core position remains the same. It only holds under certain conditions or in certain cases.",批評部分成立，但我的立場在「建立嚴格的分級路測准入與補償機制」條件下仍然能成立，因為我們不能僅因長遠效益就無視當下的程序正義。,該選擇所需付出的代價是「自駕技術普及化的速度變慢」以及「研發成本的大幅提升」。研發企業需承擔更高的成本（如必須在更昂貴的封閉場域模擬數百萬次），而社會大眾則需等待更久才能享受自動駕駛帶來的便利與交通安全紅利。我認為這個代價是值得的。生命權的保障不應與商業開發速度進行簡單的權衡。我們可以透過「數位孿生（Digital Twin）模擬測試」或「設立專門的自動駕駛測試特區」來減緩代價，但在一般公共道路上，用路人的負面外部性必須被降到最低。,
2026/04/28 18:00:58,"一般用路人風險保護優先 (Road User Protection First)：自駕車的研發與測試風險，不應主要由行人、騎乘者與其他一般用路人承擔。The risks of developing and testing self-driving cars should not fall mainly on pedestrians, cyclists, and other road users.","自駕車的發展及盛行，並基於自駕車必然不會有完美的設計研發，用路可能發生的事故亦難以預測，自會導致一定事故的發生，使一般的用路人有傷亡的結果。自駕車雖可以降低交通死傷，然而一旦發生對一般用路人的事故，必然極為嚴重，蓋其並無任何的保護，自應優先考量。此外，可以駕駛自駕車者，通常其資力較高，而較無經濟能力者卻無法購買自駕車，使其只能承受自駕車帶來的風險，此極為不公，不得容任該情形的發生。
依此，我所主張的一般用路人風險保護優先，其核心價值可謂是保護相對弱勢者，不論是自駕車對人之物理上弱勢，抑或資力上的優勢考量，均應優先保障一般用路人，不得將自駕車的風險歸於一般用路人承擔。
綜上，自駕車的設計與研發，應該優先考量一般用路人，不得僅以購買自駕車而知悉風險之購買者利益為考量，而犧牲其他用路人的權益。",把一般用路人風險保護優先當成判斷自駕車能否部署的首要考量，看似合理，但它的根本問題是較歸責於自駕車者，因為它忽略了自駕車者乃自駕車購買者，通常研發自駕車者應以自己的顧客為優先考量，卻以其他不相干的其他用路人為優先保護，不符合現實，亦對於自駕車的銷售產生較為負面的影響。,"堅持(Defend)：批評不成立，我的立場完全不變，我能說明為什麼。The objection fails. My position does not change, and I can explain why.",批評不成立，因為得以購買自駕車者，本身即為知悉自駕車之風險，亦有一定的資力，得以透過保險等制度分散風險，故一旦事故發生，應對其苛責較高的義務，而對於其他一般且無辜的用路人，應優先保護。,此將導致自駕車駕駛者承受較高的風險及代價，而該代價可以透過與出賣人簽訂契約、保險等方式，將風險轉嫁於其他更具有優勢地位者，以得補償。,
2026/04/28 18:01:06,"一般用路人風險保護優先 (Road User Protection First)：自駕車的研發與測試風險，不應主要由行人、騎乘者與其他一般用路人承擔。The risks of developing and testing self-driving cars should not fall mainly on pedestrians, cyclists, and other road users.","事實：
在 Uber 自駕車案例中，技術還在研發與測試階段，系統對複雜環境（如行人牽車橫穿馬路）的辨識與反應存在不確定性。一般用路人或駕駛人並非自動駕駛技術的測試參與者，也沒有對相關風險進行知情或同意，但他們卻被迫承擔了技術開發過程中的安全代價與生命風險。

規範
我主張「一般用路人風險保護優先」。其核心價值在於 「負責任的創新」與「脆弱性保護」。技術進步不應該建立在對無辜對象的傷害之上；企業為了未來利益而啟用具備風險的實驗性技術時，保護最脆弱、且未從中得到利益或同意權的用路人，是法律與倫理上不可逾越的底線。

結論：
企業與開發者: 應該在公開道路測試前，必須證明系統對非預期障礙物的辨識能力已達極高標準，且應採取最保守的防撞策略。

政府: 需設立適當的法律規範，訂定更嚴格的審核機制，要求測試車輛必須具備極高的安全性，抑或是輔助剎車系統與監控機制等。

開發者及科技公司不應該為了加速開發速度或節省成本，而降低對周遭用路人的安全防護等級。更不應該將尚未成熟、仍有重大辨識瑕疵的系統直接部署在公共道路上測試。",把一般用路人風險保護當成判斷自駕車能否部署的首要考量，看似合理，但它的根本問題是陷入了『預防原則』的框架，而阻礙長遠的安全演進，因為它忽略(或犧牲了)自駕車在長期運行下能顯著降低人為失誤導致的整體交通死亡率，若因極度保守的安全標準而使技術發展延宕，本質上造就了更多原本可透過科技避免的人為交通事故發生。,"限定(Qualify)：批評部分成立，但我的核心立場不變，只是需加上特定條件或在特定情形下成立。The objection is partly valid, but my core position remains the same. It only holds under certain conditions or in certain cases.",批評部分成立，但我的立場在自駕技術尚未達到穩定超越人類駕駛水準的開發階段條件下，仍然能成立，因為我們不能以預期中的未來效益為理由，在當下強制無辜且未獲益的用路人承擔實驗性的生命風險。直到技術成熟度及可靠性通過嚴格驗證前，保護脆弱第三方是需要守護的準則。,此選擇的代價是 「研發進程的推遲」與「企業開發成本的增加」，由 自駕車廠商及潛在受益者 共同承擔。我認為此代價值得付出。生命權優於商業利益，開發者不應將實驗風險轉嫁給未獲益的用路人。此代價可透過 「封閉場域高擬真模擬」或其他輔助開發方式來補償數據缺口。,如何客觀定義自駕技術能夠安全上路的臨界點或標準?
2026/04/28 18:01:10,"一般用路人風險保護優先 (Road User Protection First)：自駕車的研發與測試風險，不應主要由行人、騎乘者與其他一般用路人承擔。The risks of developing and testing self-driving cars should not fall mainly on pedestrians, cyclists, and other road users.","P1（事實）：未參與 Uber 的開發計畫的人，未簽署任何風險知情同意書，卻被迫暴露在未成熟技術的測試風險中。
P2（規範）：我主張「一般用路人風險保護優先」應作為首要考量。獲取利益者應承擔相應的風險成本。如果風險由一般大眾承擔，而利潤由企業回收，這將導致極大的社會不正義。
C（結論）：當技術能夠保證不將研發成本「外部化」給不相干的用路人時，自駕車的部署才具備倫理上的接受度。",把一般用路人風險保護優先當成判斷自駕車能否部署的首要考量，看似合理，但它的根本問題是陷入了研發癱瘓的困境，因為它忽略了現有交通系統中每天由人類駕駛所造成的巨大傷亡。,"限定(Qualify)：批評部分成立，但我的核心立場不變，只是需加上特定條件或在特定情形下成立。The objection is partly valid, but my core position remains the same. It only holds under certain conditions or in certain cases.",批評部分成立，但我的立場在「風險必須低於人類駕駛基準且具備外部補償」的條件下仍然能成立，因為「一般用路人」與「企業」之間的權力與知情權不對等，仍是倫理正當性的核心問題。,為了確保技術在公測階段就達到對弱勢用路人的極高保護標準，企業必須投入更長的時間進行模擬、封閉測試與安全驗證。這將導致自駕技術的普及速度放緩。,無
2026/04/28 18:01:10,"一般用路人風險保護優先 (Road User Protection First)：自駕車的研發與測試風險，不應主要由行人、騎乘者與其他一般用路人承擔。The risks of developing and testing self-driving cars should not fall mainly on pedestrians, cyclists, and other road users.","P1: 在此uber自駕車事件中，行人並非自動駕駛的使用者，由於系統在設計端並未導入此情景，並且延遲偵測到後，鎖死了煞車以致操作員無法接管，因此自動駕駛技術仍然具不確定性，更將此風險去投射到了無辜的，沒有任何掌控權的人身上。
P2: 不應讓無關的人去承擔生命風險，因為一般用路人基本上是在未知情的情況下被迫參與這場實驗，他們對自駕車的故障無控制能力，因此我們不能以自動車的效率或者高科技去強加風險在無關人士上。
C:應該在設計端導入各種情境，並且以人為最優先。",把一般用路人風險保護優先當成判斷自駕車能否部署的首要考量，看似合理，但它的根本問題是要求的不對等以及駕駛的考量問題，因為沒有任何車輛能夠做到無風險，不管自動或者不自動，而且過度強調路人為重其實忽略了駕駛的考量問題，由於車禍的造成可能為酒駕或者是各類因素，而這樣歸咎在一點上反而會引發更多問題。,"限定(Qualify)：批評部分成立，但我的核心立場不變，只是需加上特定條件或在特定情形下成立。The objection is partly valid, but my core position remains the same. It only holds under certain conditions or in certain cases.",批評部分成立，但我的立場在適當測試的條件下仍然能成立，因為當導入足夠多情境模型並且將路人擺為最優先，所造成的疏失便會越趨近於非自動車輛，且並不會過度傾向單一點。,由於模型的導入過於多，開發成本會因此增加，並且若系統過於雕磚可能導致乘客或駕駛員安全感喪失。,如何拿捏系統考量的多樣化和乘客安全感的平衡
2026/04/28 18:01:32,"一般用路人風險保護優先 (Road User Protection First)：自駕車的研發與測試風險，不應主要由行人、騎乘者與其他一般用路人承擔。The risks of developing and testing self-driving cars should not fall mainly on pedestrians, cyclists, and other road users.",P1因為技術上不完善和安全p2核心價值是意外風險不應該由路人的生命作成擔C公司應該在檢驗技術時把每一個情況都檢驗清楚,把不應該以實際路面情況當成自駕車能否部署的首要考量，看似合理，但它的根本問題是他沒辦法以實際在路面情況會遇到的情況當作檢驗，因為牠忽略了意外的多樣性,"限定(Qualify)：批評部分成立，但我的核心立場不變，只是需加上特定條件或在特定情形下成立。The objection is partly valid, but my core position remains the same. It only holds under certain conditions or in certain cases.",批評部分成，但我的立場在公共交通條件仍然能成立，因為當可以量產成本也會降低，把路線固定起來的時候法律的模糊地方也會因此而消失,代價是一些公共的交通公具的職業會面臨失業等風險，和政府需要投入在交通的錢就會上升，減緩可以透過引進外商一些成熟的無人駕產業，一來可以刺激技術的發展還有政府投入的成本降低,
2026/04/28 18:01:44,"效益優先 (Benefit First)：只要長期能顯著降低整體交通死傷，自駕車部署就可被接受。If self-driving cars can significantly reduce overall traffic injuries and deaths in the long run, their deployment can be justified.",人類駕駛和自動駕駛都有造成傷亡的風險，且機器也不一定造成比較多危險，人類可能還比較危險，因此我採用效益優先，長期來看可以減少死傷又降低人力的使用。為早日減少交通死傷，政府應該早日通過自駕上路的法案。,把效益優先當成判斷自駕車能否部署的首要考量，看似合理，但它的根本問題是一開始還沒有收集太多數據的時候，在路上跑造成的傷亡率最高，因為它忽略（或犧牲了）不知情用路人的安全。,"限定(Qualify)：批評部分成立，但我的核心立場不變，只是需加上特定條件或在特定情形下成立。The objection is partly valid, but my core position remains the same. It only holds under certain conditions or in certain cases.",批評部分成立，但我的立場在經過長期訓練、科技進步條件下仍然能成立，因為長期數據的訓練基本上是可以大幅減少傷亡的。,一開始訓練的時候被載的人和被撞的人都有危險，計程車司機也會因此喪失工作機會,思考事實和結論的時候突然當機，不知道有誰該做些什麼行動
2026/04/28 18:01:44,"責任追溯與課責優先 (Accountability First)：若事故發生後無法清楚追溯責任、說明決策依據並進行有效課責，則不應部署。If, after an accident, responsibility cannot be clearly traced, the basis of the decision cannot be explained, and effective accountability cannot be imposed, then deployment should not be allowed.","P1（事實）：Uber系統偵測不穩且私自關閉緊急煞車，加上駕駛分心，導致事故後難以釐清是工程設計、管理疏失或個人的責任，產生明顯的責任稀釋。
P2（規範）：任何涉及人命的行為都必須有明確的負責的人。科技不該擁有免責權力，必須確保受害者能找到對應的道歉與賠償對象。
C（結論）：政府應該立法監督企業應該繳交每一個設計自駕車的節點有誰負責，寫上名字等等，絕不能在出事後互推責任。",把責任追溯與課責優先當成判斷自駕車能否部署的首要考量，看似合理，但它的根本問題是過於理想化地假設了單一責任歸屬的可能性，因為它忽略了現代工程會有許多下一起合作。,"限定(Qualify)：批評部分成立，但我的核心立場不變，只是需加上特定條件或在特定情形下成立。The objection is partly valid, but my core position remains the same. It only holds under certain conditions or in certain cases.",批評部分成立，但我的立場在大部分條件下仍然能成立，因為可以把合作方的名字都寫下來，看做了多少分比例分配。我們不追求找到一個單一的戰犯，但必須確保每一個決策節點都有其對應的負責主體。,"代價是自駕車上路會變得比較晚，以及如果自駕車已經比人類駕駛安全 10%，但因為責任歸屬還沒吵出結果而延後五年上路，這樣讓那 10%犧牲了。承擔者：用路人他們必須在更長的時間內，繼續忍受由人類分心、疲勞或酒駕所導致的高事故率。
而代價我認為值得的，如果趕著上路，一旦發生重大事故卻沒人負責，社會對技術的信任會瞬間歸零。可能使大家都不使用了。減緩代價或補償，在特定區域放寬課責標準，讓技術能先在低風險環境累積數據，等技術與責任分配模型成熟後再推向一般道路",
2026/04/28 18:01:54,"一般用路人風險保護優先 (Road User Protection First)：自駕車的研發與測試風險，不應主要由行人、騎乘者與其他一般用路人承擔。The risks of developing and testing self-driving cars should not fall mainly on pedestrians, cyclists, and other road users.",自駕車測試有風險，一般用路人沒辦法選擇和避免突如其然的危險，基於安全還有非自願風險不可強加的原則，應該優先保護用路人，未達安全標準不應該上路，企業要先承擔及控制風險。,把一般用路人風險保護優先當成判斷自駕車能否部署的首要考量，看起來很合理但它的根本問題是陷入了研發癱瘓的困境，因為它忽略了現有交通系統中每天由人類駕駛所造成的巨大傷亡。,"限定(Qualify)：批評部分成立，但我的核心立場不變，只是需加上特定條件或在特定情形下成立。The objection is partly valid, but my core position remains the same. It only holds under certain conditions or in certain cases.",批評部分成立，但我的立場在「風險必須低於人類駕駛基準且具備外部補償」的條件下仍然能成立，因為「一般用路人」與「企業」之間的權力與知情權不對等，仍是倫理正當性的核心問題。,為了確保技術在公測階段就達到對弱勢用路人的極高保護標準，企業必須投入更長的時間進行模擬、封閉測試與安全驗證，這可能導致自駕技術的普及速度放緩。,無
2026/04/28 18:02:22,"一般用路人風險保護優先 (Road User Protection First)：自駕車的研發與測試風險，不應主要由行人、騎乘者與其他一般用路人承擔。The risks of developing and testing self-driving cars should not fall mainly on pedestrians, cyclists, and other road users.",在自駕車的使用上面會有很多的風險存在因為不是有真人在裡面去做操作因此可能會發生很多不是人為的危險我主張的是一般用路人風險保護優先核心價值是行人的安全問題很重要有自駕車就有可能會有自駕車莫名去造成行人的傷害的可能性存在所以我認為自駕車的研發與測試風險，不應主要由行人、騎乘者與其他一般用路人承擔,把一般用路人風險保護優先當成判斷自駕車能否部署的首要考量，看似合理，但它的根本問題是自駕車是未來的趨勢，因為它忽略了如果自駕車需要普及不太可能只在測試場地測試因為測試場地畢竟無法模擬出所有有可能發生的狀況因此真實的道路還是會是最好的一個測試地方因為最終自駕車還是要在道路上行駛,"堅持(Defend)：批評不成立，我的立場完全不變，我能說明為什麼。The objection fails. My position does not change, and I can explain why.",批評不成立，因為測試的最終目的都是為了不要有危險發生那就不應該在做測試的時候就做出有會有危險發生可能性的決定,這選擇會付出的代價是自駕車的普及會需要透過很多的測試普及的時間會拉的更長這個時間成本會是開發商以及未來會使用的人承擔但我覺得這個代價值得付出因為生命安全還是最爲重要,如果是本身就沒辦法開車的人是有這個自駕車的強烈需求的人那麼就會影響到他們可以使用到這個科技的福利時間
2026/04/28 18:02:28,"責任追溯與課責優先 (Accountability First)：若事故發生後無法清楚追溯責任、說明決策依據並進行有效課責，則不應部署。If, after an accident, responsibility cannot be clearly traced, the basis of the decision cannot be explained, and effective accountability cannot be imposed, then deployment should not be allowed.","P1（事實）： 自駕系統責任比較雜亂，假如發生事故時易產生責任歸屬模糊。
P2（規範）： 追溯能維護社會公正，以此讓案件透明度成為技術發展的安全前提。
C（結論）： 業者應公開自駕車數據，不能以技術黑箱規避賠償與法律責任。",把「責任追溯」設為前提看似合理，但問題在於歸責成本過高，因為它犧牲了緊急情況下自駕車程式快速運算，導致系統因防禦性設計而無法最佳化避險。,"限定(Qualify)：批評部分成立，但我的核心立場不變，只是需加上特定條件或在特定情形下成立。The objection is partly valid, but my core position remains the same. It only holds under certain conditions or in certain cases.",批評部分成立，但我的立場在自駕車以確保程式的運作準則已完善的條件下仍然能成立，因為事故發生後可被接受的車禍結果能被程式逐步的篩選後得出最佳的處理方式，以此結果來判定咎責比例是可以被接受的,代價我覺得是發生問題的因素有太多了，咎責的那一方會是承受代價的那一方，有可能因為我們這樣的決定導致事情導向錯誤的方向,到底怎麼讓自駕車系統正確的判斷事發當下該怎麼做出最好的決定
2026/04/28 18:02:30,"效益優先 (Benefit First)：只要長期能顯著降低整體交通死傷，自駕車部署就可被接受。If self-driving cars can significantly reduce overall traffic injuries and deaths in the long run, their deployment can be justified.","P1: Uber 自駕車事故可以知道說目前技術還不夠成熟，所以確實會發生事故。但同時，人類駕駛從過去到現在本來就持續的在造成大量交通事故與死亡。如果自駕車技術成熟，長期有機會大幅降低整體交通死傷。

P2 : 我認為應該優先考慮效益優先。這個原則的核心價值是讓整體的傷害降到最低。如果自駕車在長期可以減少更多事故與死亡，那即使短期內有風險，仍然有部署的正當性。

C: 因此，即使目前還有事故風險，自駕車仍然可以逐步部署，但應該持續改進技術，確保長期能明顯降低整體交通傷亡。",把效益優先當作首要考量看似很合理，但它的根本問題是會犧牲現在的無辜個體，因為它忽略了那些在測試或早期部署中受害的人其實沒有同意去承擔這些風險。,"限定(Qualify)：批評部分成立，但我的核心立場不變，只是需加上特定條件或在特定情形下成立。The objection is partly valid, but my core position remains the same. It only holds under certain conditions or in certain cases.",這個批評部分成立，但我的立場在風險被合理控制的條件下仍然成立，因為雖然夠不能忽視掉個體的傷害，但如果能大幅減少整體的死亡，那它就仍然有正當性在。,批評部分成立，但我的立場在自駕車風險低於人類駕駛時的條件下仍然成立，因為只有在整體更安全的時候，效益優先才會合理。,
2026/04/28 18:02:32,"一般用路人風險保護優先 (Road User Protection First)：自駕車的研發與測試風險，不應主要由行人、騎乘者與其他一般用路人承擔。The risks of developing and testing self-driving cars should not fall mainly on pedestrians, cyclists, and other road users.","在 Uber 事故中，受害者並非該技術的自願使用者、受益者或開發參與者，且行人相對於具備鋼鐵外殼保護的車輛而言，在碰撞發生時極度脆弱，缺乏逃避風險的能力。
在規範的部分我主張應優先採取「一般用路人風險保護優先」原則。其核心價值在於「分配正義」與「不傷害原則」。研發與測試階段的風險不應由未獲取直接利益、且未表達同意的第三方被迫承擔，保護生命免受非自願風險侵害應優於技術進步的速率。
因此，自動駕駛開發商與政府監管機構在部署測試時，不應在未確保最高等級感測冗餘與安全防護的情形下讓車輛上路。若測試環境無法排除對非自願用路人的安全威脅，開發商就應限制測試路段或改在模擬環境進行。",把一般用路人風險保護優先當成判斷自駕車能否部署的首要考量，看似合理，但它的根本問題是過於保守的風險規避會阻礙技術的成熟與普及，因為它忽略未來透過自駕車普及所能挽救的大量性命。如果因為避免測試階段的零星事故而讓技術延遲十年上市，這十年間因傳統人為失誤而導致的交通傷亡將遠超測試階段所能保護的人數。,"限定(Qualify)：批評部分成立，但我的核心立場不變，只是需加上特定條件或在特定情形下成立。The objection is partly valid, but my core position remains the same. It only holds under certain conditions or in certain cases.",批評部分成立，但我的立場在確保技術開發具備社會透明度與必要安全門檻條件下仍然能成立。因為雖然為了減少整體車禍需要進行實體上路測試，但這種進步不能建立在對現有弱勢用路人權利的剝削上。,這個立場的主要代價是時間成本與研發成本的增加。為了保護用路人，開發商必須投入更多資金在昂貴的感測器與更嚴格的模擬測試中，這會拖慢自駕技術普及的速度。政府應提供更多封閉式的測試場域，讓開發商能在不影響一般用路人的前提下，依然能高速累積極端路況的數據，以兼顧安全與進步。,
2026/04/28 18:02:35,"一般用路人風險保護優先 (Road User Protection First)：自駕車的研發與測試風險，不應主要由行人、騎乘者與其他一般用路人承擔。The risks of developing and testing self-driving cars should not fall mainly on pedestrians, cyclists, and other road users.",我選擇「一般路人風險保護優先」，因為 Uber 當時在自駕技術還不成熟時就在公共道路測試，讓無辜行人承擔風險。我認為企業應先確保安全，而不是把測試代價轉嫁給一般路人,把「一般路人風險保護優先」當成判斷自駕車能否部署的首要考量，看似合理，但它的根本問題是可能過度限制自駕技術發展，因為任何道路測試都不可能完全沒有風險，這樣反而可能延後能降低整體交通事故的技術進步,"堅持(Defend)：批評不成立，我的立場完全不變，我能說明為什麼。The objection fails. My position does not change, and I can explain why.",我選擇「批評不成立」，因為即使自駕技術需要道路測試，也不代表可以讓一般路人承擔主要風險。企業仍應先確保基本安全與完善監管後，才能進行公共道路測試,選擇「一般路人風險保護優先」的代價，是可能讓自駕技術發展變慢、測試成本提高，也可能延後未來降低整體交通事故的效果。這些代價主要由企業與技術開發者承擔。我認為這個代價是值得的，因為不應讓無辜路人成為高風險測試的代價，同時也可以透過更嚴格的模擬測試與封閉場域測試來降低影響,我最困惑的是，自駕車如果真的能在未來大幅降低交通事故，那現在是否應該接受一定程度的測試風險。我不確定的是，要怎麼判斷「可接受的風險」界線，以及技術發展和保護一般路人之間應該如何平衡
2026/04/28 18:02:45,"一般用路人風險保護優先 (Road User Protection First)：自駕車的研發與測試風險，不應主要由行人、騎乘者與其他一般用路人承擔。The risks of developing and testing self-driving cars should not fall mainly on pedestrians, cyclists, and other road users.","p1:
因為這個實驗還沒做好，風險不應該是其他不相干的人去承擔，應該要是參與實驗的人自己去測試。

p2:
我這主張的核心價值是不要讓不相干的人去承擔風險，不要讓風險外部化。

c:
在技術還沒有完成之前，安全性足夠之前，不應該把這個技術放到一般的路上，或是要用某些機制保護其他人的權益。

",「把『一般用路人風險保護優先』當成判斷自駕車能否部署的首要考量，看似合理，但它的根本問題是太保守了，會讓技術進步與整體安全的進步速度變慢，因為它忽略（或犧牲了）長期累積下來，可以降低交通事故的整體的效益。」,"限定(Qualify)：批評部分成立，但我的核心立場不變，只是需加上特定條件或在特定情形下成立。The objection is partly valid, but my core position remains the same. It only holds under certain conditions or in certain cases.",「批評部分成立，但我的立場在考慮了風險，制定規定之後的條件下仍然能成立，因為即使考量整體效益，也不能害到其他路人。」,科技的進步速度有可能會被犧牲，但是只要好好弄好規則保護好其他人，再進行實驗，就可以了。,要怎麼好好設定規則就是最大的問題。
2026/04/28 18:02:53,"一般用路人風險保護優先 (Road User Protection First)：自駕車的研發與測試風險，不應主要由行人、騎乘者與其他一般用路人承擔。The risks of developing and testing self-driving cars should not fall mainly on pedestrians, cyclists, and other road users.",與該原則相關的事實是路人被撞死，我主張一般用路人風險保護優先，核心價值是科技是為人類創造更美好便利的生活，而不是解決人類。自駕車研發應該更加僅是並提前做過安全測試才能夠正常上路測試，雖然行人不該在未標示班馬路上行走，但不代表車可以直接撞過去，並且未減速撞死人。,把一般用路人風險保護優先當成判斷自駕車能否部署的首要考量，看似合理，但它的根本問題是自駕車推出本身就應該考量到這些問題，因為它忽略自駕車若不能保障安全又何必推出,"堅持(Defend)：批評不成立，我的立場完全不變，我能說明為什麼。The objection fails. My position does not change, and I can explain why.",批評不成立，因為根本問題就是技術不夠完善，並且開發者沒有考慮過相關問題,責任追溯也非常重要，因為開發公司想將法律責任丟包給測試工程師，並且也成功這麼做了，如果不制定法規就會有更多資本主義效法,雖然自動駕駛是人類科技的進步，但為了科技進步就可以藐視生命嗎
2026/04/28 18:03:01,"一般用路人風險保護優先 (Road User Protection First)：自駕車的研發與測試風險，不應主要由行人、騎乘者與其他一般用路人承擔。The risks of developing and testing self-driving cars should not fall mainly on pedestrians, cyclists, and other road users.",路人在不知情且未同意的情況下承擔了自駕系統測試失效的風險，而且開發者還為了技術優化去降低安全防範。所以我覺得應該要主張一般用路人風險保護優先原則，保障基本的生命權，我覺得技術開發的成本與風險都不應該由未授權同意的第三方來承擔。 所以我認為自駕車的部署正當性應以不侵害用路人安全為前提。,因為人類開車技術本來就有限，如果為了怕測試出意外而把門檻設得太高，反而會導致自駕技術面臨提升的困難，那未來本來能被救活的人反而會因為現在的過度謹慎而死在人類駕駛的手裡,"限定(Qualify)：批評部分成立，但我的核心立場不變，只是需加上特定條件或在特定情形下成立。The objection is partly valid, but my core position remains the same. It only holds under certain conditions or in certain cases.",科技進步不能靠路人的命來墊背，我覺得可以接受測試中的出現一些小失誤，但不是企業為了練 AI 而去降低安全門檻，讓路人承擔更大的生命風險，這不合理,代價可能是技術會卡關、研發速度變慢。再加上原本如果AI早點做出來，可能可以救回很多死在酒駕或三寶手底下的生命，現在如果我們堅持安全第一的話，這些人就得繼續等，面臨更多死亡的風險,
2026/04/28 18:03:11,"效益優先 (Benefit First)：只要長期能顯著降低整體交通死傷，自駕車部署就可被接受。If self-driving cars can significantly reduce overall traffic injuries and deaths in the long run, their deployment can be justified.","雖然 Uber 事故顯示技術仍有漏洞，但事實上多數車禍是由人為疲勞或分心引起，而自駕系統具備消除這些失誤的潛力。我主張應以效益優先為核心原則，因為與其去追求眼前的零風險，應該考慮長遠能大幅降低社會整體的交通死傷，才是最大的道德福祉
所以我認為我們不該因為測試中的意外就全面禁止，而應在持續優化系統的同時繼續推動部署，才能儘快靠技術拯救更多原本會喪失的生命",把效益優先當成判斷自駕車能否部署的首要考量，看似合理，但它的根本問題是把現階段無辜用路人的生命安全，當成了成就未來整體交通安全的實驗代價，因為它忽略（或犧牲了）一般民眾在公共道路上不想承擔非自願風險的基本權利，也忽略了每個人的生命都是無價的，不該只被當成統計數據來做取捨,"限定(Qualify)：批評部分成立，但我的核心立場不變，只是需加上特定條件或在特定情形下成立。The objection is partly valid, but my core position remains the same. It only holds under certain conditions or in certain cases.","批評部分成立，但我的立場在建立嚴格配套措施條件下仍然能成立，如果為了追求當下的零風險而全面禁止自駕車上路，我們就會失去未來能大幅減少人類酒駕、疲勞駕駛肇事的機會
只要能透過法規把民眾被迫承擔的風險降到最低，追求整體社會交通死傷最小化的大方向依然是正確且必要的","選擇效益優先，意味著我們為了成就未來的整體交通安全，必須暫時犧牲現階段用路人們免於危險的權利，而且會讓公共空間多了一份不可預測的測試風險
這個代價主要是由目前與自駕車共用道路的一般民眾，在不知情且沒有選擇的情況下被迫承擔
但我認為，為了長遠能拯救更多死於人為車禍的生命，這個陣痛期是值得付出的
不過，既然讓民眾承擔了風險，就必須給予強力的防範與補償機制來平衡。
例如：政府應嚴格限制初期的自駕車只能在低人潮路段測試，同時必須強制開發商設立風險基金，一旦發生意外，無論肇事責任有多複雜，都應優先對受害者進行快速且合理的無過失賠償，以此來彌補民眾被迫承擔風險的不安","目前最讓我困惑的是客觀數據與大眾心理的落差
即使未來證明自駕車肇事率更低，民眾對被 AI 撞的恐懼，依然會遠大於一般人為車禍，單靠數據很難安撫這種情緒，未來政策究竟該如何處理這個心理落差，讓大眾願意接納自駕車上路"
2026/04/28 18:03:28,"一般用路人風險保護優先 (Road User Protection First)：自駕車的研發與測試風險，不應主要由行人、騎乘者與其他一般用路人承擔。The risks of developing and testing self-driving cars should not fall mainly on pedestrians, cyclists, and other road users.","P1-在自駕車技術成熟前，無辜路人可能在測試階段受到傷害。
P2- 自駕車技術被實際運用前、要確保技術成熟，盡可能降低傷害發生的風險。
C-在技術成熟前，研發公司應該為自己研發技術會造成的風險負責。 ",把用路人的權利當成判斷自駕車能否部署的首要考量，看似合理，但它的根本問題是，什麼樣的技術程度才算是成熟可以上路，因為它忽略了在技術進步的過程中，自駕車也需要在真實情境中測試。,"堅持(Defend)：批評不成立，我的立場完全不變，我能說明為什麼。The objection fails. My position does not change, and I can explain why.",批評不成立，因為技術成熟前的測試可以以模擬的方式進行，而且將技術成熟門檻設為會優先保護行人權益，會讓研發公司在上路測試前，做更多調整保障行人安全。,這個代價是研發公司在實際測試前必須面對高門檻（技術完全成熟，不會傷害到行人），研發進度可能會較沒有效率。,技術要發展到什麼程度才算是成熟，不會讓行人承受風險呢？許多自駕車的倫理兩難問題，到最後還是會有會承受風險的一方
2026/04/28 18:03:39,"一般用路人風險保護優先 (Road User Protection First)：自駕車的研發與測試風險，不應主要由行人、騎乘者與其他一般用路人承擔。The risks of developing and testing self-driving cars should not fall mainly on pedestrians, cyclists, and other road users.",在這項事故中，車輛還在研發和測試階段，它因為來不及避開行人而將行人撞死。公司不應該在未經行人許可下，就被迫承擔這個風險。在自駕車測試和研發階段應該要將行人、騎乘者的安全視為最高原則。,把行人、騎乘者當成判斷自駕車能否部署的首要考量，看似合理，但它的根本問題是這可能會讓技術無法進步，因為它忽略了如果自駕車普及以後，可以減少發生大規模的交通事故。,"限定(Qualify)：批評部分成立，但我的核心立場不變，只是需加上特定條件或在特定情形下成立。The objection is partly valid, but my core position remains the same. It only holds under certain conditions or in certain cases.",批評部分成立，但我的立場在研發測試階段下仍能成立，因為公司不應該為了防止之後可能發生的大規模事故而犧牲不知情的行人、騎乘者。,技術發展無法進步，公司會因此承擔。這個代價是值得付出的，因為要尊重每個人的生命。可以用模擬環境的方式這樣就不用到馬路上。,
2026/04/28 18:03:39,"責任追溯與課責優先 (Accountability First)：若事故發生後無法清楚追溯責任、說明決策依據並進行有效課責，則不應部署。If, after an accident, responsibility cannot be clearly traced, the basis of the decision cannot be explained, and effective accountability cannot be imposed, then deployment should not be allowed.","P1： Uber 事故涉及工程師、測試員與管理層等多方參與，具責任歸屬不清，且 AI 系統技術上雖具因果責任，卻不具備承擔法律或道德責任的主體資格 。  
P2： 應優先考量「責任追溯與課責」，核心價值在於防止「責任缺口」 。若無法清楚歸因，將降低所有相關行為者避免傷害的道德動機 。  
C： 在研發單位能提供透明的決策依據，並建立可明確對應法律與道德歸因的課責架構前，不應獲准在公道部署 。  ",把 「責任追溯與課責優先」 當成判斷自駕車能否部署的首要考量，看似合理，但它的根本問題是 會導致法律與技術研發停滯，因為它忽略了法律規範與監管制度是透過實際部署後的案例與失敗，才得以逐漸演進與完備的 ，因為若堅持「先有完美課責才准部署」，將會犧牲自駕車長期能顯著降低整體交通死傷的巨大效益 。,"修正(Revise)：批評很可能成立，我的核心立場會有很大調整，即使整體方向不變。The objection is likely valid, so my core position needs major revision, even if its overall direction remains the same.",批評很可能成立，我需要調整先有完美法律規範才能部署的僵化要求，但整體方向仍是堅持「責任必須有主體承擔」，因為法律還沒跟上技術前，必須強制由人類參與決策 。這樣任何風險都能明確歸因為人類的疏忽（沒做好測試或無視警示），而不是推給技術黑箱 。,代價是技術開發變慢與行政成本增加，承擔者主要是研發企業，以及因部署延後而持續承受傳統事故風險的未來用路人 。我認為這值得付出，因為若不解決責任歸屬，社會將對 AI 產生信任崩潰 。,
2026/04/28 18:03:45,"一般用路人風險保護優先 (Road User Protection First)：自駕車的研發與測試風險，不應主要由行人、騎乘者與其他一般用路人承擔。The risks of developing and testing self-driving cars should not fall mainly on pedestrians, cyclists, and other road users.","P1（事實）： 在 Uber 自駕車事故中，受害者 是一名推著自行車橫越馬路的行人。當時 Uber 的系統雖然偵測到物體，但因軟體設定排除了非預期路徑上的目標以減少誤判，且未能在碰撞前觸發緊急煞車；同時，Uber 縮減了車內的後備駕駛人力，導致監管者注意力分散。這些技術測試是在公共道路上進行的，而受害者並未同意參與這項實驗，卻承擔了系統失效的致命代價。
P2（規範）： 我主張「一般用路人風險保護優先」。該原則的核心價值在於「負面義務的優先性」與「知情同意的公正性」。在倫理上，「不傷害他人」的義務優先於「增進社會福祉」的目標。研發單位為了追求未來的技術紅利，不應將未經充分驗證的風險，強加在沒有選擇權、未獲取利益分配的第三方用路人身上。
C（結論）： 根據上述，開發者與政府監管機構在自駕車部署前，應確保該技術在模擬或封閉場域中已達到「不增加公眾額外負擔」的基準。在安全性未達標前，不應在公共場域進行會危害無辜路人的測試。",「把 一般用路人風險保護優先 當成判斷自駕車能否部署的首要考量，看似合理，但它的根本問題是 極大地拖延了生命救助技術的成熟時程，因為它忽略了 現有交通系統中每天由人類駕駛造成的巨大傷亡。」,"限定(Qualify)：批評部分成立，但我的核心立場不變，只是需加上特定條件或在特定情形下成立。The objection is partly valid, but my core position remains the same. It only holds under certain conditions or in certain cases.",自駕車的進步確實能帶來巨大效益，但效益不能建立在「剝削弱勢者安全」的程序不義之上。我接受自駕車不需要達到「零事故」才能上路，，但我堅持：在公共場域測試時，研發者必須證明該車輛對路人的風險至少不高於最優秀的人類駕駛，且必須有透明的冗餘安全機制（如雙人監控或強制自動緊急煞車）,研發成本的大幅增加與技術落地時間的推遲。,在人機協作的過渡期，法律應更嚴格限制研發者的路測權限，還是應放寬以換取數據？
2026/04/28 18:03:56,"一般用路人風險保護優先 (Road User Protection First)：自駕車的研發與測試風險，不應主要由行人、騎乘者與其他一般用路人承擔。The risks of developing and testing self-driving cars should not fall mainly on pedestrians, cyclists, and other road users.",P1: 即使自駕車的發展，可能是人類的共同福祉也不應該由路人承擔其風險。P2: 一般用路人風險保護優先 自駕車測試風險不應由路人承擔，應由測試車駕駛人及主辦機構承擔。 C:自駕車的測試應該在空曠且封閉的場地進行。,把一般用路人風險保護優先當成判斷自駕車能否部署的首要考量，看似合理，但它的根本問題是若測試場地在無路人或毫無風險的情況下進行，其測試結果是否可信？因為它犧牲了自駕車訓練在真正道路上的狀況分析及應對能力。,"堅持(Defend)：批評不成立，我的立場完全不變，我能說明為什麼。The objection fails. My position does not change, and I can explain why.",批評不成立，因為實際道路情況可以用人為因素去模擬。,雖然為了安全必須在安全封閉的場域進行測試，但真實的道路上情況千迴百轉，甚至真人也不能及時作出反應，用路人依舊會因此承擔傷亡的風險和代價，我認為這個代價在自駕車發展是值得付出，或者說是不可避免的，因此自駕車應該強制保險且保險金額應該較高作為補償。,
2026/04/28 18:04:03,"效益優先 (Benefit First)：只要長期能顯著降低整體交通死傷，自駕車部署就可被接受。If self-driving cars can significantly reduce overall traffic injuries and deaths in the long run, their deployment can be justified.","P1:現有研究認為自動駕駛相對於人類駕駛平均而言風險更低。
P2:我主張效益優先應被優先考量，其核心價值是最大化公共安全與整體福祉。
C:只要自動駕駛在整體上能比人類駕駛降低交通風險，就應允許其實際部署",把效益優先當成判斷自駕車能否部署的首要考量，看似合理，但它的根本問題是可能將少數人的生命與權利當成追求整體利益的代價，因為它忽略個體不應在未同意下承擔技術試驗風險的權利,"限定(Qualify)：批評部分成立，但我的核心立場不變，只是需加上特定條件或在特定情形下成立。The objection is partly valid, but my core position remains the same. It only holds under certain conditions or in certain cases.",批評部分成立，但我的立場在自駕技術受嚴格安全條件限制下仍成立，因為在最大程度減少一般用路人承擔不公平風險的前提下，效益優先仍能促進整體公共安全。,此選擇的代價是，為追求整體傷亡下降，仍可能讓部分人承擔技術發展初期風險，尤其一般用路人可能負擔部分成本。,
2026/04/28 18:04:04,"一般用路人風險保護優先 (Road User Protection First)：自駕車的研發與測試風險，不應主要由行人、騎乘者與其他一般用路人承擔。The risks of developing and testing self-driving cars should not fall mainly on pedestrians, cyclists, and other road users.","P1（事實）： 在 Uber 自駕車事故中，自駕車仍處於測試與改良階段，但測試地點卻是公共道路。一般行人、騎士與其他用路人並沒有同意參與實驗，卻可能承擔系統判斷錯誤所造成的傷害風險。

P2（規範）： 我主張「一般用路人風險保護優先」。它保護的核心價值是非自願者不應承擔技術研發的不成比例風險。公共道路不是企業的實驗場，未來可能的交通效益不能直接合理化目前把風險轉嫁給無辜用路人。

C（結論）： 因此，自駕車公司與監管機關應先證明系統已達到足夠安全標準，並限制高風險道路測試；在安全性未被充分驗證前，不應讓一般用路人成為技術失敗的主要承擔者。",把一般用路人風險保護當成判斷自駕車能否部署的首要考量，看似合理，但它的根本問題是過度提高部署門檻，因為它忽略了真實道路測試對技術進步的必要性，也可能犧牲長期降低整體交通傷亡的社會利益。,"限定(Qualify)：批評部分成立，但我的核心立場不變，只是需加上特定條件或在特定情形下成立。The objection is partly valid, but my core position remains the same. It only holds under certain conditions or in certain cases.",批評部分成立，但我的立場在低風險道路、透明監管與安全表現已達標的條件下仍然能成立，因為技術發展雖重要，但不能讓未同意的一般用路人承擔過高測試風險。,優先選擇一般用路人風險保護的代價，是自駕車研發與部署速度可能放慢，企業需投入更多測試成本與合規成本，社會也可能延後享受到降低事故與交通效率提升的利益。主要承擔者是科技公司、投資者與未來潛在受益的大眾。我認為這個代價值得付出，因為公共安全與非自願者權益不應被犧牲。同時可透過封閉場域測試、分階段上路與政府監管合作來降低代價。,
2026/04/28 18:04:09,"一般用路人風險保護優先 (Road User Protection First)：自駕車的研發與測試風險，不應主要由行人、騎乘者與其他一般用路人承擔。The risks of developing and testing self-driving cars should not fall mainly on pedestrians, cyclists, and other road users.","In the Uber self-driving accident, the technology was still imperfect and being tested in real-world conditions, where pedestrians and other road users were exposed to risks without their consent or control, while the benefits remained uncertain and long-term.
The principle of Road User Protection First should be prioritized because its core value is fairness in risk distribution, people should not be subjected to harm for innovations they did not choose to participate in, especially when they cannot influence or avoid those risks; this reflects respect for individuals as ends in themselves, not as means to technological progress.
Therefore, companies and regulators should not allow deployment or testing of self-driving cars on public roads unless they ensure that risks to ordinary road users are minimized and not unfairly imposed on non-consenting individuals.
","Treating Road User Protection First as the primary consideration in deciding whether self-driving cars may be deployed may seem reasonable, but its fundamental problem is that it can overly restrict or delay innovation, because it ignores the potential for large long term reductions in overall traffic deaths and injuries, thereby sacrificing broader societal welfare for the sake of minimizing present, localized risks.","限定(Qualify)：批評部分成立，但我的核心立場不變，只是需加上特定條件或在特定情形下成立。The objection is partly valid, but my core position remains the same. It only holds under certain conditions or in certain cases.","The criticism is partly valid, but my position still holds under the condition that self driving cars are deployed only when there is clear and credible evidence that they reduce overall harm and that risks to ordinary road users are minimized and carefully controlled, because this allows society to gain long term safety benefits without unfairly exposing non consenting individuals to disproportionate risk.","Prioritizing road user protection slows down innovation and delays potential long term safety benefits, which mainly affects society and future users. I think this cost is partly worth it because it avoids unfair risk to non consenting people, but it should be reduced by allowing controlled testing and faster deployment once safety is clearly proven.",I am unsure how much evidence is enough to prove that self driving cars are truly safer than human drivers. I also find it difficult to decide how much risk is acceptable during the transition period.
2026/04/28 18:04:15,"一般用路人風險保護優先 (Road User Protection First)：自駕車的研發與測試風險，不應主要由行人、騎乘者與其他一般用路人承擔。The risks of developing and testing self-driving cars should not fall mainly on pedestrians, cyclists, and other road users.","P1（事實）：
在 Uber 自駕車事故中，測試車輛是在公共道路上以自動駕駛模式行駛，並撞上正在穿越道路、推著腳踏車的行人。NTSB 調查指出，系統在撞擊前已偵測到行人，但沒有正確分類或預測其路徑，也沒有即時降低車速；而系統設計上又排除了自動緊急煞車，轉而依賴安全駕駛介入。安全駕駛當時也曾長時間未看向道路。這表示風險不是單一人為疏失，而是系統設計、測試管理與安全文化共同造成的風險外部化。

P2（規範）：
我主張應優先考量「一般用路人風險保護優先」。它的核心價值不是單純同情行人，而是非自願承擔風險者的基本安全與公平性。一般用路人並沒有同意參與企業的技術測試，也沒有能力知道自己正在承擔多少風險，更無法直接控制自駕系統的設計、訓練與決策。因此，在技術仍處於測試或不成熟階段時，企業不能把公共道路當作主要實驗場，讓路人、騎士或其他駕駛人成為被動承擔風險的人。

C（結論）：
因此，在這類自駕車案例中，企業與監管機關不應在安全機制尚未充分驗證前允許大規模公共道路部署。Uber 這類開發者應先證明系統能在合理情境下偵測、分類、預測並避免傷害一般用路人，且不能把安全責任主要丟給注意力容易疲乏的人類監控員。監管機關也應要求更嚴格的測試許可、安全報告、第三方審查與事故通報制度。換句話說，自駕車不是不能上路，而是不能在風險主要由無辜路人承擔的狀態下上路。","把一般用路人風險保護優先當成判斷自駕車能否部署的首要考量，看似合理，但它的根本問題是可能過度保守，導致自駕技術永遠無法累積真實道路資料並成熟，因為它忽略或犧牲了自駕車長期可能帶來的整體交通安全改善。

如果每一次測試都要求幾乎不能讓一般用路人承擔風險，那自駕車公司可能只能在封閉場域中測試，但封閉場域無法完全模擬真實道路的複雜情境。結果是技術進步變慢，未來原本可能被自駕車避免的車禍、酒駕、疲勞駕駛與人為失誤，反而繼續發生。也就是說，過度保護眼前的個別風險，可能犧牲長期的公共利益。

","限定(Qualify)：批評部分成立，但我的核心立場不變，只是需加上特定條件或在特定情形下成立。The objection is partly valid, but my core position remains the same. It only holds under certain conditions or in certain cases.","批評部分成立，但我的立場在不要求零風險，而是要求風險不得不合理地轉嫁給非自願的一般用路人的條件下仍然能成立，因為公共道路測試本來就不可能完全沒有風險，但風險必須被嚴格控制、透明揭露、有效監督，並由有能力控制風險的企業與監管者負主要責任。

所以我的立場不是「只要有風險就禁止自駕車上路」，而是「在風險管理、安全驗證、緊急煞車、駕駛監控、事故通報與責任制度尚未到位前，不應允許部署」。這樣既不完全否定技術發展，也不把無辜路人變成企業研發的實驗成本。","這個選擇的代價是：自駕車部署速度會變慢，企業研發成本會增加，技術資料累積也可能變少。承擔代價的人包括自駕車公司、投資者、想早點使用新科技的消費者，以及可能從自駕車安全改善中受益的社會大眾。

但我認為這個代價值得付出，因為公共道路上的行人、騎士與其他駕駛人不是自願參與測試的人。如果企業為了加速研發，把不可控或尚未充分驗證的風險放到公共道路上，那其實是在用別人的生命替自己的技術進步買單。

不過，這個代價可以被減緩。例如可以採取分階段部署、限定測試區域、限定天候與道路條件、要求第三方安全審查、建立事故補償基金、強制揭露測試數據，並要求系統具備最低限度的自動緊急反應能力。這樣可以讓技術繼續發展，但不讓一般用路人成為主要風險承擔者。

","即使我選擇「一般用路人風險保護優先」，我仍然認為「效益優先」背後的價值需要被認真對待。因為如果自駕車長期真的能大幅降低交通死亡與傷害，那完全阻擋它發展也可能是不負責任的。

我目前最猶豫的點是：我們應該如何判斷「可接受的測試風險」？如果要求太低，路人會被迫承擔企業風險；但如果要求太高，技術可能無法成熟，長期反而少救了很多人。真正困難的地方不是要不要安全，而是要如何設計一套標準，讓技術能進步，但不能用一般用路人的生命來換取進步。"
2026/04/28 18:04:16,"一般用路人風險保護優先 (Road User Protection First)：自駕車的研發與測試風險，不應主要由行人、騎乘者與其他一般用路人承擔。The risks of developing and testing self-driving cars should not fall mainly on pedestrians, cyclists, and other road users.","P1（事實）:沒有簽署同意參與的人員卻要承擔相應的事實(例如:駕駛過程喪命)
P2（規範）:我主張一般用路人風險保護優先原則，該核心價值是自駕車的研發測試安全係數，不應由一般路人去承擔相應責任(例如:自駕車失控撞到路人波及路邊商家，損失與傷殘程度買單)
C（結論）:在這類案件中，研發人員應該要確保設備的一定安全性才能夠去做測試，最大限度保障所有人的性命安全",把一般用路人風險保護優先當成判斷自駕車能否部署的首要考量，看似合理，但它的根本問題是陷入研發癱瘓的困境，因為自駕車忽略了現有交通系統中每天由人類駕駛造成的巨大傷害(例:追撞.判斷失誤造成塞車大回堵),"限定(Qualify)：批評部分成立，但我的核心立場不變，只是需加上特定條件或在特定情形下成立。The objection is partly valid, but my core position remains the same. It only holds under certain conditions or in certain cases.",批評部分成立，但我的立場在風險必須低於人類駕駛基準且具備一定外部補償條件下仍然能成立，因為一般用路人與企業之間的權利與知情權不對等，仍是倫理正當性議題的核心關鍵。,為了技術安全性，企業在製造過程中會更需要投入大量的金錢與時間，以保障用路人的高度安全以及保護標準，為確保安全，會需要投入長期的時間去進行重複性的模擬封閉測試來驗證安全性，這將導致自駕車技術普及會相對於其他來說更耗費時間。,
2026/04/28 18:04:27,"效益優先 (Benefit First)：只要長期能顯著降低整體交通死傷，自駕車部署就可被接受。If self-driving cars can significantly reduce overall traffic injuries and deaths in the long run, their deployment can be justified.","我選擇 效益優先（Benefit First） 作為首要考量。

P1：
Uber 自駕車事故顯示，自駕系統若判斷失誤，曾經危及一般用路人的生命安全，但在真實世界上，人類駕駛本身也長期存在酒駕、疲勞駕駛與分心等問題，而且釀成的災禍其實比自駕車更加頻繁。

P2：
我主張效益優先作為首要原則，因為交通系統應當盡可能降低整體社會的交通傷亡。如果自駕車在經過充分測試、監管與風險控管後，確實能比人類駕駛更穩定、更少疲勞、更少酒駕或分心駕駛的話，減少更多交通事故，提升整體安全，那何樂而不為。

C：
因此，企業與政府不應因單一起事故就完全否定自駕車部署，但也不能只用「未來會更安全」作為上路理由。企業必須先提出足夠的安全數據、風險評估、緊急介入機制與事故責任制度；政府則應設定明確測試標準與監管門檻。只有當自駕車能合理證明其整體安全效益高於現有交通風險時，才具有倫理上可接受的部署正當性。",把效益優先當成判斷自駕車能否部署的首要考量，看似合理，但它的根本問題是它可能忽略少數人的生命風險，因為它忽略（或犧牲了）一般用路人在未充分同意下，被迫承擔技術測試風險的權利與安全。,"限定(Qualify)：批評部分成立，但我的核心立場不變，只是需加上特定條件或在特定情形下成立。The objection is partly valid, but my core position remains the same. It only holds under certain conditions or in certain cases.",批評部分成立，但我的立場在自駕車已通過足夠安全測試、具備完善監管與明確責任制度的條件下仍然能成立，因為效益優先的目的並不是忽視個人風險，而是希望透過更安全的技術長期降低整體交通傷亡。,"選擇「效益優先」的代價，是在自駕車技術尚未完全成熟前，部分用路人可能仍需承擔測試與技術失誤帶來的風險，而這些風險通常由一般駕駛、行人或事故受害者承擔。這代表社會為了追求長期更低的交通傷亡，必須接受短期內仍可能出現事故。

我認為這個代價在嚴格監管下是可以被接受的，但企業與政府必須透過提高測試標準、限制測試範圍、建立清楚的責任制度與完善補償機制，來盡量降低與補償這些風險。",
2026/04/28 18:04:47,"責任追溯與課責優先 (Accountability First)：若事故發生後無法清楚追溯責任、說明決策依據並進行有效課責，則不應部署。If, after an accident, responsibility cannot be clearly traced, the basis of the decision cannot be explained, and effective accountability cannot be imposed, then deployment should not be allowed.","P1（事實）：自動駕駛系統具備高度複雜的黑箱特性、感測器硬體供應商、企業決策層，自駕車的技術特性會將傳統駕駛人的決策，碎片化為無數程式碼與商業決策。
P2（規範）：責任追溯與課責應優先，維護社會契約中的道德主體性與系統正義。任何進入公共領域並具備致命風險的技術代理，都不應創造出責任真空
C（結論）：政府監管機構，不應該在未建立清晰的技術解釋機制與法律究責框架前，將自駕車在公共道路上進行測試。",把責任追溯與課責優先當成判斷自駕車能否部署的首要考量，看似合理，但它的根本問題是會引發技術停滯，因為它忽略了創新技術在發展初期難以達到完美的演算法與責任釐清，進而犧牲了讓自駕車提早普及減少駕駛疲勞意外。,"限定(Qualify)：批評部分成立，但我的核心立場不變，只是需加上特定條件或在特定情形下成立。The objection is partly valid, but my core position remains the same. It only holds under certain conditions or in certain cases.",批評部分成立，但我的立場在導入分級測試機制的條件下仍然能成立，因為這樣既能給予早期技術合理的容錯與發展空間以避免停滯，又能確保受害者在面對 AI 黑箱時，無須自行舉證即可獲得明確的理賠與制度保障，成功守住了不產生責任真空的道德底線。,我認為這個代價是值得付出的。技術上能做到減少整體事故，並不代表我們應該以犧牲法律究責與無辜路人的權益為代價來實現,
2026/04/28 18:04:49,"效益優先 (Benefit First)：只要長期能顯著降低整體交通死傷，自駕車部署就可被接受。If self-driving cars can significantly reduce overall traffic injuries and deaths in the long run, their deployment can be justified.",人為駕駛事故率極高的事實，我主張以「極大化公共安全」為核心的效益優先原則，因為推遲部署等同放任更多人死於已知的人為車禍，政府與企業應在修正中持續部署，才能達成救人最多的長遠目標,把整體交通死傷的降低，當成判斷自駕車能否部署的首要考量，看似合理，但它的根本問題是價值權衡的過度簡化，因為它忽略無辜個體不應被當作實驗白老鼠的權利,"限定(Qualify)：批評部分成立，但我的核心立場不變，只是需加上特定條件或在特定情形下成立。The objection is partly valid, but my core position remains the same. It only holds under certain conditions or in certain cases.",批評部分成立，但我的立場在自駕技術比人類開車更安全，出事後有完善賠償條件下仍然能成立，因為追求零意外的完美會拖慢技術，反而放任更多人死於人為車禍,我選擇的代價是少數無辜個體的被動風險，但需透過高額補償基金與企業法律責任，在追求整體安全時兼顧個體正義。,如果自駕車真的要跟人類開車作比較的話，但要比人類開車安全的話安全係數要多少
2026/04/28 18:04:50,"責任追溯與課責優先 (Accountability First)：若事故發生後無法清楚追溯責任、說明決策依據並進行有效課責，則不應部署。If, after an accident, responsibility cannot be clearly traced, the basis of the decision cannot be explained, and effective accountability cannot be imposed, then deployment should not be allowed.","P1：自駕車是由感測器、機器學習演算法與操作員共同組成的系統。當發生交通意外時，往往會面臨演算法決策過程不透明或資料龐雜，而且因為系統太複雜，一旦出事常常搞不清楚到底該怪寫軟體的、做硬體的還是車上的駕駛。
P2：我主張「責任追溯與課責優先」。核心是保護民眾，企業把有風險的實驗技術放上馬路，不能拿AI 太複雜當藉口，受害者有絕對的權利知道為何出事、找誰負責，並獲得賠償。
C：因此企業上路前必須保留完整紀錄並訂好責任歸屬，如果政府發現系統出事會找不到人負責，就不該放行測試，絕不能讓路人來承擔這種白白送命的風險。",把出事找得到人負責當成判斷自駕車能否部署的首要考量，看似合理，但它的根本問題是會拖延救命技術的上路，因為它犧牲了社會整體的安全。現在人類駕駛每天都在肇事死人，如果為了堅持出事一定要有人扛，卡著更安全的自駕車不讓它上路，根本是眼睜睜看著更多人白白送命。,"限定(Qualify)：批評部分成立，但我的核心立場不變，只是需加上特定條件或在特定情形下成立。The objection is partly valid, but my core position remains the same. It only holds under certain conditions or in certain cases.",批評部分成立，但我的立場在不強求完美究責，只要求建立最基本的追查底線（例如強制留存紀錄）的條件下仍然能成立，畢竟我們不能規定卡住能減少車禍的技術；但也不能讓民眾出事卻找不到人賠。只要有最基本的究責機制，就能兼顧安全和公道。,"代價是拖慢技術普及並增加成本，由廠商與大眾承擔。
但我認為值得若不先畫好究責底線，一旦發生不明不白的死傷，大眾的恐慌與反彈反而會讓自駕車被全面封殺。要減緩這個代價，政府可設立封閉測試區，讓廠商在不危害路人的環境中加速測試，兼顧開發進度與大眾安全。","AI 模型本質上是黑箱，與法律要求的明確釐清責任難以相容。
當模型因為機率計算偏差而出錯時，法規會要求提供人類能理解的肇事原因，但目前的技術很難做到這點，技術現實與法規期待的落差，是實務上的主要挑戰。"
2026/04/28 18:05:13,"責任追溯與課責優先 (Accountability First)：若事故發生後無法清楚追溯責任、說明決策依據並進行有效課責，則不應部署。If, after an accident, responsibility cannot be clearly traced, the basis of the decision cannot be explained, and effective accountability cannot be imposed, then deployment should not be allowed.",目前人駕車的法規相比自駕車已經相當完善，在發生事故時有辦法釐清責任。所以我主張責任追朔與課責優先，其核心價值是保障其他用路人在與自駕車發生事故時能給人駕車一樣的課責，或找到責任歸屬。在這種狀況中，立法相關機構應該參考人類駕駛相關灣法規去架設對自駕車使用者差不多的規範。,把責任追朔與課責優先當成自駕車能否的條件，看似合理，但他的根本問題是等待法規完善需要花很大一端時間，且法規推進速度與科技進展速度有一定落差，可能在根據舊科技定的法規上路時已經無法完整規範新的自駕車發生的情況。因為他忽略了法規建立與迭代的緩慢。,"限定(Qualify)：批評部分成立，但我的核心立場不變，只是需加上特定條件或在特定情形下成立。The objection is partly valid, but my core position remains the same. It only holds under certain conditions or in certain cases.",批評部分成立，但我的立場在先立草案或建立限定測試區的條件下仍能成立。因為可以同步執行法律測試與自駕車測試的狀況下，解決法規推進速度過慢以及缺乏先例的狀況下，法規不完善的問題。,可能限制或拖慢科技的發展，車商會承擔一些研究成本，而也可能犧牲未來人類有辦法使用自駕車的機會。補常方法可能可以試試看使用特殊測試區域，同時保障科技發展與法規完整性，讓法律可以與科技盡量同步進行。,我感到懷疑的地方是法規真的有辦法跟上科技發展嗎，會不會可以讓科技先行再看看如何訂法規，雖然這樣會犧牲一段時間的事故率，但可以讓法規最後比較完善。
2026/04/28 18:05:24,"一般用路人風險保護優先 (Road User Protection First)：自駕車的研發與測試風險，不應主要由行人、騎乘者與其他一般用路人承擔。The risks of developing and testing self-driving cars should not fall mainly on pedestrians, cyclists, and other road users.","P1:如果不以用路人為優先 會出人命
P2:應該以用路人生命為優先 不侵害他人生命
C:如果無法保證用路人安全 就不該上路",把用路人優先為首要考量 但如果要100%做到這個規定 這個ai技術永遠無法承受 而且現今車禍撞到行人 都是人為疏失 ai可以避免,"限定(Qualify)：批評部分成立，但我的核心立場不變，只是需加上特定條件或在特定情形下成立。The objection is partly valid, but my core position remains the same. It only holds under certain conditions or in certain cases.",批評部分成立 但我的立場在行人的生命權應該被維護之下仍然成立 因為應該以用路人的生命為重,技術會進步比較慢 但用路人的生命還是要擺前面,
2026/04/28 18:05:29,"一般用路人風險保護優先 (Road User Protection First)：自駕車的研發與測試風險，不應主要由行人、騎乘者與其他一般用路人承擔。The risks of developing and testing self-driving cars should not fall mainly on pedestrians, cyclists, and other road users.",不應該因為企業的利益或是科技發展而忽略了用路人的安全，用路人有安全使用道路的權益。,把用路人當成判斷自駕車能否部署的首要考量，看似合理，但它的根本問題是實際上路後可執行性，因為它忽略（或犧牲了）真正判斷自駕車的是否能上路的測試，如果僅透過模擬，那上路後會不會造成的事故更多，因為有許多問題是要在上路後才能發覺的,"限定(Qualify)：批評部分成立，但我的核心立場不變，只是需加上特定條件或在特定情形下成立。The objection is partly valid, but my core position remains the same. It only holds under certain conditions or in certain cases.",批評部分成立，確實需要模擬，但我認為實際上路的模擬應設立公告，有完善的告知，讓用路人也知道這個時間這個路段可能是自駕車的測試路段。,政府會因此承擔負責告知的責任，需要花時間設立公告提前告知,如果真的設立公告了，那很多人避開這個路段，是不是無法模擬自駕車臨時遇見路人時的情況，有可能無法達成測試效果
2026/04/28 18:05:50,"效益優先 (Benefit First)：只要長期能顯著降低整體交通死傷，自駕車部署就可被接受。If self-driving cars can significantly reduce overall traffic injuries and deaths in the long run, their deployment can be justified.",技術進步下事故率能客觀下降、自駕車普及率會提高、自駕車較不易違反交通規則。我們選擇效益優先 (Benefit First)：只要長期能顯著降低整體交通死傷，自駕車部署就可被接受。長期下來，自駕車應能保護更多人，政府應開放使用自駕車。,把效益優先當成判斷自駕車能否部署的首要考量，看似合理，但它的根本問題是在目前不使用自駕車的人會面臨更多事故風險，因為它忽略了公平性問題，其他用路人承受不對等風險。,"放棄(Concede)：批評成立，我改變立場了。The objection is valid, and I change my position.",生命大於一切，這無可反駁，所以我認為批評成立，我改變立場了，我放棄原先立場,自駕車會發展更緩慢，經濟成長受阻，產業會有點落後於國外，不過我們可透過國外實行狀況來借鑒，進一步討論我們未來的實行模式,自駕車有沒有可能在科技進步下變成一種保證完美的工具？
2026/04/28 18:05:52,"一般用路人風險保護優先 (Road User Protection First)：自駕車的研發與測試風險，不應主要由行人、騎乘者與其他一般用路人承擔。The risks of developing and testing self-driving cars should not fall mainly on pedestrians, cyclists, and other road users.","P1：自駕車測試的商業利益歸於企業，但系統失誤的風險卻由未經同意的路人承擔。
P2：基於分配正義與知情同意的核心價值，企業無權將研發成本與風險外化。
C：企業不應將公共道路當作實驗室。在證明絕對安全前，應限於封閉或虛擬環境測試，並由企業與監管方承擔完全的風險控管責任。",把一般用路人的安全優先當成判斷自駕車能否部署的首要考量，看似合理，但它的根本問題是不切實際的絕對零風險標準，因為它忽略了維持現狀的機會成本，犧牲了透過技術真實上路迭代，最終能大幅降低整體交通事故率的長期最大社會效益。,"修正(Revise)：批評很可能成立，我的核心立場會有很大調整，即使整體方向不變。The objection is likely valid, so my core position needs major revision, even if its overall direction remains the same.",批評很可能成立，我需要調整拒絕風險外部化堅持絕對零風險的嚴苛標準，轉而接受有限度的真實道路測試，走向責任追溯與課責，但整體方向仍是一般用路人風險保護優先。雖然為了減少人類駕駛失誤造成的龐大死傷而允許測試有其必要性，但無辜用路人被迫承擔系統演進風險的事實並未改變；這份風險的代價必須透過縝密的責任歸屬機制，從法律與經濟層面確保企業負起完全的風險控管與補償責任，目標還是不要讓大眾無償承擔技術迭代的成本。,"代價：技術延遲與成本劇增，社會需延長承受現有的交通傷亡；主要由企業、消費者與整體社會承擔。
評估：我覺得是蠻值得的。
減緩：可能可以透過政府投資測試場、監管及強制企業間共享安全數據，以及訂立相應明確的責任歸屬。",我身為公民當然希望開發商無條件承擔最終的無過失責任，但假設這些開發商就財大氣粗，把賠償的責任純粹視為做生意的成本或收集真實路測數據的過路費，這樣是不是反而讓這些有錢有權的開發商變相的擁有花錢買命的特權？
2026/04/28 18:06:06,"責任追溯與課責優先 (Accountability First)：若事故發生後無法清楚追溯責任、說明決策依據並進行有效課責，則不應部署。If, after an accident, responsibility cannot be clearly traced, the basis of the decision cannot be explained, and effective accountability cannot be imposed, then deployment should not be allowed.",P1我選擇責任追溯與課責優先、不管自駕車的科技多麼成熟、意外還是會產生、所以在自駕車的情況、誰該負責會產生糾紛、所以開發者應該先等法案確立好、才讓自駕車上路,這會導致自駕車的購買者害怕責任歸屬的問題中、使不該背負責任的人背負責任、所以我們不應該把責任歸屬作為自駕車部署的首要考量,"堅持(Defend)：批評不成立，我的立場完全不變，我能說明為什麼。The objection fails. My position does not change, and I can explain why.",批評不成立、因為所有科技物在開始實行時、就應該要有完整責任歸屬機制、所以我們不該以潛在消費者減少、影響開發者的利益,雖然延緩自家車上路能防止責任歸屬問題、但可能使某些人為產生的交通意外原本可避免,應該沒有
2026/04/28 18:06:12,"責任追溯與課責優先 (Accountability First)：若事故發生後無法清楚追溯責任、說明決策依據並進行有效課責，則不應部署。If, after an accident, responsibility cannot be clearly traced, the basis of the decision cannot be explained, and effective accountability cannot be imposed, then deployment should not be allowed.",Uber 的自駕車事故顯示，當車輛發生意外時，技術的複雜度常被企業當作逃避責任的藉口，導致最終沒人能對受害者負責。我認為課責優先，因為任何科技創新都不該凌駕於對生命的負責之上。若企業無法清楚說明車輛為何做出錯誤判斷，就代表他們並未真正掌握這項技術的安全性，這種盲目的部署，等於是將路人的生命安全當作測試樣本。因此，我們不應接受任何無法解釋原因、無法歸咎責任的系統在公共道路運作。科技的進步必須建立在透明與負責的前提下，若無法對後果負責，企業就不應享有部署的權利，否則再先進的技術都只是不負責任的賭博。,把課責優先作為判斷自駕車能否部署的首要考量，看似合理，但其根本問題在於將事後的究責置於整體的生命安全之上，因為它犧牲了技術演進所能帶來的統計性減災效益。更關鍵的是，即便我們建立了完美的課責制度，能清楚釐清所有事故的責任歸屬，這依然無法改變事故發生。,"限定(Qualify)：批評部分成立，但我的核心立場不變，只是需加上特定條件或在特定情形下成立。The objection is partly valid, but my core position remains the same. It only holds under certain conditions or in certain cases.",批評部分成立，但是為了安全性著想，咎責的對象還是能夠規範自駕車發展要是合理的。雖然說可能會像在強調法律上的合理性，但這樣的規範才能讓肇事責任有負責的對象。,雖然統計數據確實能反映整體安全趨勢，但如果系統在發生致命事故時，連工程師都無法解釋原因，那麼這份安全性就只是建立在機率上的僥倖。這樣一定要要求究責，可能會干擾科技發展，但為了確保自駕車的進步是踏實的，我覺得這還是一個必要的要求。,如果一套 AI 系統在真實道路上的整體表現確實優於人類，在統計數據上能顯著減少死傷，也有咎責的對象，這樣就是完美的設計並且能普及嗎？要是一百萬台自駕車裡面有一個瑕疵，那使用者是不是得自認倒霉了，這樣應該適用哪種原則來反駁呢？
2026/04/28 18:06:13,"效益優先 (Benefit First)：只要長期能顯著降低整體交通死傷，自駕車部署就可被接受。If self-driving cars can significantly reduce overall traffic injuries and deaths in the long run, their deployment can be justified.","1（事實）：
在現實的交通環境中，「零事故」是不存在的烏托邦。根據數據，人類駕駛會因為酒駕、疲勞、情緒失控或視線死角等生物性限制，每天造成大量的交通事故與傷亡。而在 Uber 自駕車事故中，雖然系統發生了辨識錯誤（未能及時將牽著腳踏車的行人正確歸類並煞車），但自駕車的感測器與演算法並不會疲勞、不會分心、也不會受情緒干擾。客觀的事實是：評估一項交通工具是否安全，並不是比較「自駕車」與「完美的零事故」，而是比較「自駕車的系統錯誤率」與「人類駕駛的平均錯誤率」。
P2（規範）：
這裡「效益優先」的核心價值在於「理性的風險權衡」與「客觀的總體傷害最小化」。在道德決策上，我們不能因為對「新科技引發的未知事故」感到心理上的恐懼，就縱容「人類駕駛造成的常態性傷亡」繼續發生。效益主義要求我們必須打破「機器必須完美無缺才能上路」的道德潔癖。如果統計數據顯示，即便自駕車仍會發生像 Uber 這樣的罕見事故，但其整體的肇事率與致死率已經低於人類駕駛的平均值，那麼在倫理上，讓自駕車上路就是具有正當性的，因為它實質上減少了社會整體的悲劇總量。
C（結論）：
基於客觀降低總體肇事率的效益考量，立法者與監管機構不應該以「零事故」作為核准自駕車上路的絕對標準，而應該建立一套「相對安全門檻」（例如：證明自駕系統的事故率比人類平均低 20% 即可獲准部署）。
同時，自駕車企業（如 Uber）不應該將測試數據視為商業機密而隱瞞，反而應該被強制要求完全公開其事故與安全數據。因為唯有透過透明的數據庫，社會大眾與監管機構才能精準計算出「自駕車 vs. 人類駕駛」的真實效益差額，進而在發生如 Uber 這樣的事故時，理性判斷這是一個需要修正的系統 bug，還是整體安全效益提升過程中無可避免的統計代價。","看得見的受害者 vs. 看不見的受益者：
這個原則犧牲了那些「看不見的未來受益者」。在 Uber 事故中，受害者是有名有姓的具體個人；但如果自駕車技術因為這項原則而被延宕了十年，這十年間原本可以因為自駕技術普及而活下來的幾十萬人，雖然沒有具體名字，但他們失去生命的重量在道德上是等價的。「一般用路人風險保護優先」本質上是為了安撫當下的恐懼，而殘酷地犧牲了未來的多數人。","堅持(Defend)：批評不成立，我的立場完全不變，我能說明為什麼。The objection fails. My position does not change, and I can explain why.","• P1 ＆ P2：比較性風險與整體傷害最小化
不追求虛幻的「零事故」，而是將「自駕系統錯誤率」與「人類駕駛失誤率」進行客觀比較。當技術預期能大幅降低總體死傷時，追求長期總體效益最大化即為首要道德義務。
• C：容許過渡風險與嚴格把關
不應因單一局部事故而全面停止測試，這會扼殺長期的救命效益；但同時，人類（企業與政府）有義務將當下的測試風險降至最低（如強化安全員機制）。
• Defend：反擊「零風險迷思」
指出對立觀點的盲點：「為了保護眼前少數人而禁止技術發展」是一種道德不作為，其結果是縱容充滿人為肇事的高風險現狀繼續存在，變相犧牲了未來無數潛在的受益者。","• 事前減緩（風險控管極大化）：
• 漸進式路權開放： 依據系統成熟度實施空間與時間的隔離。初期僅允許在低密度人口區、專屬測試園區或深夜時段進行無人測試，逐步擴展至複雜市區。
• 人機雙重防線： 在過渡期嚴格規範「隨車安全員」的審查與注意力監控機制，避免 Uber 案中安全員看手機的疏失重演，確保人類隨時能接管機器的失誤。
• 事後補償（救濟與究責迅速化）：
• 設立「無過失補償基金」與強制險： 要求所有進行道路測試的自駕車企業繳納高額保證金或專屬保險。一旦發生事故，無論系統邏輯為何，先由基金對受害者進行快速且優渥的賠償，避免無辜用路人陷入對抗大企業的冗長法律訴訟。
• 無條件的數據透明義務： 企業必須交出完整的肇事數據供第三方獨立調查，作為換取上路測試權的代價，確保每一次的流血都能實質轉化為全體社會的除錯經驗。",
2026/04/28 18:06:14,"一般用路人風險保護優先 (Road User Protection First)：自駕車的研發與測試風險，不應主要由行人、騎乘者與其他一般用路人承擔。The risks of developing and testing self-driving cars should not fall mainly on pedestrians, cyclists, and other road users.","• P1（事實）： 在 Uber 的案例中，受害者伊蓮·赫茨伯格（Elaine Herzberg）是一名牽著腳踏車過馬路的行人。當時自駕系統雖然偵測到物體，但未能正確識別其為行人，且 Uber 為了避免頻繁誤判煞車而調低了系統靈敏度，同時車內的安全監測員也分心了。受害者作為一般用路人，並未同意參與這項技術測試，卻在公共道路上承受了系統缺陷帶來的致命風險。
• P2（規範）： 我主張「一般用路人風險保護優先」。該原則的核心價值在於**「分配正義」與「不傷害原則」**。公共道路是基本公共設施，行人和非自動駕駛車輛使用者擁有使用該空間的安全權利。技術開發者與測試者（如 Uber）為了獲取商業利益或技術進步，將未成熟的技術置於公眾環境中，這種風險分佈是不對稱的。不應讓未參與利益分配、未給予知情同意的第三方（一般用路人）成為技術試驗的非自願犧牲者。
• C（結論）： 根據上述分析，開發自駕車的企業（如 Uber）在確保系統能達到「優於人類駕駛的避障能力」並通過封閉測試前，不應在開放公共道路上進行測試。政府監管機構必須強制要求企業提供冗餘的安全機制，確保一般用路人的風險不因技術測試而高於常態交通風險。",把一般用路人風險保護優先當成判斷自駕車能否部署的首要考量，看似合理，但它的根本問題是可能導致技術開發停滯與社會福利損失的長期化，因為它忽略了延遲部署自駕技術所造成的隱形傷亡。,"限定(Qualify)：批評部分成立，但我的核心立場不變，只是需加上特定條件或在特定情形下成立。The objection is partly valid, but my core position remains the same. It only holds under certain conditions or in certain cases.","批評部分成立，但我的立場在「區分研發測試期與正式商用期」的條件下仍然能成立。因為雖然長遠的安全性很重要，但我們不能以此為藉口，在研發階段將無辜大眾視為「必然的耗材」。
具體而言，我修正後的立場是：在技術成熟前的「部署正當性」應以用路人保護為先；一旦技術在受控環境證明其安全性顯著優於人類，屆時才能轉向效益優先的邏輯。但在 Uber 這種技術尚不穩定的案例中，無視用路人保護的部署是不具正當性的。","• 代價： 研發速度的減緩、測試成本的大幅提升。
• 承擔者： 科技公司（利潤下降）、投資者（回收期延長）、以及潛在的未來獲益者（原本可以更早享受安全交通的人）。
• 評估： 我認為這個代價是值得付出的。因為一個缺乏正義基礎的技術進步會摧毀公眾對 AI 的信任（如 Uber 事故後引發的巨大反彈），這種社會信任的崩塌對技術發展的打擊更長遠。我們可以透過「高品質模擬測試」和「建立數位孿生場景」來減緩進度延遲，而非用活人試車。",我最困惑的是**「安全標準的量化界線」**。雖然我主張保護用路人，但究竟要安全到什麼程度才叫「可接受」？是比最優秀的人類駕駛更安全，還是只要比平均水平好一點點？
2026/04/28 18:06:23,"責任追溯與課責優先 (Accountability First)：若事故發生後無法清楚追溯責任、說明決策依據並進行有效課責，則不應部署。If, after an accident, responsibility cannot be clearly traced, the basis of the decision cannot be explained, and effective accountability cannot be imposed, then deployment should not be allowed."," P1:
當自駕車發生事故時，其責任難以歸屬，是軟體工程師的錯或者是偵測器失靈導致亦或者是駕駛誤觸、未監督等等。
P2:
我主張［責任追溯及課責優先］，畢竟車子事故是會致死的，必須有可追究的法律去釐清責任，若缺乏有效的究責機制，單純追求技術進步與便利性，不應成為合理化大眾生命風險的藉口。
結論：
只要有關自駕車的規範，法律等等尚未成立，就不能有任何自駕車出現於馬路上","把責任追溯與完美課責當成判斷自駕車能否部署的首要考量，看似合理，但它的根本問題是，將法律追訴的程序正義，置於實質拯救生命之上。
搞不好自駕車事故率會遠低於人為事故率，但卻因法律的成立及規範而拖好幾年才上路，導致那幾年事故率依舊。","限定(Qualify)：批評部分成立，但我的核心立場不變，只是需加上特定條件或在特定情形下成立。The objection is partly valid, but my core position remains the same. It only holds under certain conditions or in certain cases."," 我認為
1.用最保守的最安全的判斷方式如：遇到沒遇過的路況，強制人類接手。
2.當自駕車出事，只要是自駕中出事故，則該車廠負全責任。
3.採用慢慢開放，由路況比較簡單，路線規劃比較好的城市開始開放自駕車","我認為消費者會因此付出代價，原因是花錢買了其自駕功能，但卻不能隨心所欲使用。
我認為代價是值得的，因為只要全面開放時出事，絕對會被全面禁止，而人民也會因此對其感到反感。
補償的方面應由政府來協助車廠，包括道路的規劃，降低車廠成本，來讓自駕車趕快上路",沒有
2026/04/28 18:06:23,"效益優先 (Benefit First)：只要長期能顯著降低整體交通死傷，自駕車部署就可被接受。If self-driving cars can significantly reduce overall traffic injuries and deaths in the long run, their deployment can be justified.",部署自駕車，可能可以降低交通死傷風險；考慮到自駕車可以透過長期的資料訓練與系統維護，自駕車的部署的效益大於風險；所以民眾應該接受自駕車的推廣與部署。,把效益判斷自駕車能否部署的首要考量，看似合理，但它的根本問題是我們無法承諾未來這個目標—降低交通死傷風險是否一定會實現，因為它忽略了可行性,"修正(Revise)：批評很可能成立，我的核心立場會有很大調整，即使整體方向不變。The objection is likely valid, so my core position needs major revision, even if its overall direction remains the same.",批評很可能成立，我的論述需要調整如何為讓民眾接受自駕車長期而言真的會降低交通風險，但整體方向仍是效益優先，因為人民必須信任這個事實，自駕車才能有進一步的部署。,雖然為了效益讓自駕車上路，但我仍然對現行自駕車的安全性感到不安，因為它損害了用路人的交通安全。這個代價只有在民眾可以接受自駕車長期而言真的能降低交通安全的前提下，才能夠被接受。,無
2026/04/28 18:06:28,"一般用路人風險保護優先 (Road User Protection First)：自駕車的研發與測試風險，不應主要由行人、騎乘者與其他一般用路人承擔。The risks of developing and testing self-driving cars should not fall mainly on pedestrians, cyclists, and other road users.",從Uber自駕車事故中可以知道系統並未能好好保護道路上的路人，因此我選一般用路人風險保護優先的原則，自駕車在測試時不該以路人的風險當作研發時的代價。,把路人風險保護優先的原則當成判斷自駕車能否部署的首要考量，看似合理，但它的根本問題是研發進度會因此變得緩慢，使得自駕車的推出要延後幾年，若要求對於路人零風險，則可能使原先更安全交通系統遲遲無法進行。,"限定(Qualify)：批評部分成立，但我的核心立場不變，只是需加上特定條件或在特定情形下成立。The objection is partly valid, but my core position remains the same. It only holds under certain conditions or in certain cases.",批評部分成立，在強調對於路人零風險的確會使得自駕車的推行有困難，但我還是認為路人風險必須得要優先考量，也許可以先設個對路人的安全標準。,在選擇這個立場時效益優先被我擺在了後頭，如前述所說，以路人為優先的情況下的確會使自駕車推行速度變慢，而若是能早一點真正讓自駕車正式在道路上運作，搞不好能儘早降低人為道路事故的問題,
2026/04/28 18:06:36,"責任追溯與課責優先 (Accountability First)：若事故發生後無法清楚追溯責任、說明決策依據並進行有效課責，則不應部署。If, after an accident, responsibility cannot be clearly traced, the basis of the decision cannot be explained, and effective accountability cannot be imposed, then deployment should not be allowed.",需要負責的人太多，會讓受害者需要花費額外的心力去處理，且不一定能獲得補償，「責任追溯與課責優先」能夠知道誰要負責，該原則的核心價值是希望有明確的究責方向。自駕車公司應該在研發階段確保自駕功能不會有疑慮再售賣。,把「責任追溯與課責」當成判斷自駕車能否部署的首要考量，看似合理，但它的根本問題是根本無法確定誰要負責任，因為它忽略了自駕車測試成功後，賣給消費者後，仍然不知道是公司還是消費者要負責。,"堅持(Defend)：批評不成立，我的立場完全不變，我能說明為什麼。The objection fails. My position does not change, and I can explain why.",批評不成立，因為若測試無法達到100%安全，則不能售賣，自然就不會發生自駕車本身原因造成意外，而是消費者所造成的意外。,自駕車研發階段無法知道什麼時候才能達到100%安全，可能阻礙科技發展,
2026/04/28 18:06:55,"效益優先 (Benefit First)：只要長期能顯著降低整體交通死傷，自駕車部署就可被接受。If self-driving cars can significantly reduce overall traffic injuries and deaths in the long run, their deployment can be justified.",自駕車隨著科技進步，會有越來越多。我主張的效益優先，核心價值是以長遠的目光看待，自駕車會降低交通意外風險。在此自駕車案例中，政府應該制度法規、開放自駕車可以上路。,把效應優先當成判斷自駕車能否部署的首要考量，看似合理，但它的根本問題是忽略短期的傷亡率，因為它犧牲了一般用路人的安全，缺乏公平性。,"放棄(Concede)：批評成立，我改變立場了。The objection is valid, and I change my position.",批評成立，因為人命無價，所以我改變立場了。就算長遠的目光來看，但短期造成的死亡也不能忽視。,我的選擇犧牲了因為自駕車傷亡的受害者，我認為需要多制度相關法規，並完善事後的補償方案。,應該要堅持還是放棄原本立場
2026/04/28 18:07:03,"一般用路人風險保護優先 (Road User Protection First)：自駕車的研發與測試風險，不應主要由行人、騎乘者與其他一般用路人承擔。The risks of developing and testing self-driving cars should not fall mainly on pedestrians, cyclists, and other road users.",自駕車的設計是為了駕駛的效率與安全性提高，但同時也可能因為AI的不完善導致一般用路人受到危害，因此在該項有關自駕車的設計正式套用到路上來時，必須確保無關的第三方如用路人，不會讓這項技術影響到他們安全使用道路的權利，這是最基本、最保守的做法。,我原本支持應優先保護用路人安全的規範，但這樣的優先設計可能會使自駕車的使用者其使用的效率與安全性反而受到影響。,"堅持(Defend)：批評不成立，我的立場完全不變，我能說明為什麼。The objection fails. My position does not change, and I can explain why.",批評不成立，因為用路人原先擁有的安全不應該被後來的發明給割捨掉，在明知自駕車的使用會有風險時，就不應該輕易的讓這項技術套用到道路上。,為了用路人的安全，現階段自駕車公司的利益與使用者自由使用的權利都受到侵害，因此自駕車公司在設計階段就要將用路人的安全與自駕車的效率都考慮進去，提出一個雙贏的方案。,
2026/04/28 18:07:05,"一般用路人風險保護優先 (Road User Protection First)：自駕車的研發與測試風險，不應主要由行人、騎乘者與其他一般用路人承擔。The risks of developing and testing self-driving cars should not fall mainly on pedestrians, cyclists, and other road users.",TESLA在美國是有FSD的功能可以去全自動駕駛，而我主張一般用路人風險保護優先，因為你使用這項科技去便利自己，但不應該任別人去和你承擔這個發生事故的風險，駕駛不應該把駕駛權全部交給AI。,把肇事率降低駛當成判斷自駕車能否部署的首要考量，看似合理，但它的根本問題是不可能去達到這樣子的結果，因為它忽略要如何去達成完美的駕駛，需要無數的資料去協助她成為更好的演算法,"修正(Revise)：批評很可能成立，我的核心立場會有很大調整，即使整體方向不變。The objection is likely valid, so my core position needs major revision, even if its overall direction remains the same.",批評很可能成立，我需要調整反對將駕駛權交給AI，但整體方向仍是用路人優先，因為你盡然享受了便利的科技，必須要承擔其可能帶來的後果，不該是無辜的用路人去承擔,可能會減少購買自動駕駛人得意願，是自動駕駛公司要去承擔的，可以幫助自動駕駛的公司去研發更加好的演算法去減少事故的發生,自動駕駛一年發生事故的次數是多少?
2026/04/28 18:07:08,"一般用路人風險保護優先 (Road User Protection First)：自駕車的研發與測試風險，不應主要由行人、騎乘者與其他一般用路人承擔。The risks of developing and testing self-driving cars should not fall mainly on pedestrians, cyclists, and other road users.","p1: 在 Uber 自駕車事故中，技術仍未成熟，卻在開放道路測試，導致一般用路人在未同意的情況下承擔風險，且無法選擇避免
p2: 我主張應優先採取「一般用路人風險保護優先」原則。其核心價值是公平的風險分配與基本安全保障，也就是不能把風險加諸在沒有同意、也無法選擇退出的人身上。這個價值應優先，因為它是公共安全的基本底線。
p3: 因此，在自駕車尚未足夠安全前，企業與政府不應在開放道路進行高風險測試，而應先在可控環境驗證安全性，避免讓一般用路人成為主要風險承擔者。",把「一般用路人風險保護優先」當成判斷自駕車能否部署的首要考量，看似合理，但它的根本問題是過度強調事前風險避免，可能阻礙技術發展與整體安全提升，因為它忽略了透過完善責任追溯與課責機制，同樣可以在事故發生後保障正義並促進系統改進。,"限定(Qualify)：批評部分成立，但我的核心立場不變，只是需加上特定條件或在特定情形下成立。The objection is partly valid, but my core position remains the same. It only holds under certain conditions or in certain cases.",我覺得批評部分成立，但我的立場在風險已被嚴格控制且不由一般用路人主要承擔的條件下仍然能成立，因為對於不可回復的生命與安全損害，事前預防應優先於事後課責。,選擇「一般用路人風險保護優先」的代價是，自駕車技術的發展可能被延緩，譬如台灣的某些街道很難在實驗階段模擬出來，進而延後整體交通安全提升的潛在效益。這個代價主要由企業以及整個社會所承擔。我認為這個代價是可以接受的，因為它避免了將風險不公平地加諸於無辜用路人。不過，這個代價可以透過強化模擬測試、封閉場域實驗，以及逐步開放的監管機制來減緩，在兼顧安全與創新的前提下推動技術發展。,目前最讓我感到困惑的是，應該在什麼程度的風險下，才可以允許自駕車進入開放道路測試。如果標準設得太高，可能會嚴重延緩技術發展；但若標準過低，又可能讓一般用路人承擔不合理的風險。我不確定在「促進整體安全進步」與「保障個體不被當作風險承擔者」之間，應該如何取得一個合理且可操作的平衡。
2026/04/28 18:07:15,"一般用路人風險保護優先 (Road User Protection First)：自駕車的研發與測試風險，不應主要由行人、騎乘者與其他一般用路人承擔。The risks of developing and testing self-driving cars should not fall mainly on pedestrians, cyclists, and other road users.","p1:Uber 自駕車事故顯示，自駕車的感測、判斷或是安全監督還是可能出錯，而且錯誤可能會傷害到一般用路人。
p2:我主張 一般用路人風險保護優先，它的核心價值是:不能把沒有同意的一般人，當成新技術測試風險的承擔者。
c:企業在自駕車還沒有足夠安全前，不應該急著讓它上公共道路。政府也應該要求更嚴格的測試和監管，確認風險夠低後，才可以允許部署。",把一般用路人風險保護優先當成判斷自駕車能否部署的首要考量，看似合理，但它的根本問題是可能變得太保守，讓自駕車技術很難真正上路測試，因為它忽略了自駕車未來可能減少人為駕駛錯誤、降低整體交通事故的長期效益。,"限定(Qualify)：批評部分成立，但我的核心立場不變，只是需加上特定條件或在特定情形下成立。The objection is partly valid, but my core position remains the same. It only holds under certain conditions or in certain cases.","批評部分成立，但我的立場在自駕車通過安全測試、政府有在監管，而且風險被控制在合理範圍內仍然能夠成立，因為一般用路人沒有同意參加測試，所以不應該被迫承擔過高風險。
也就是說，我不是反對自駕車上路，而是認為它要先證明夠安全，才有倫理上可以部署的正當性","代價是:自駕車技術發展可能會變慢，因為要花更多時間做安全測試，也要符合政府的規定，不能太快直接上路。
承擔代價的是研發公司，投資人還有想使用這項技術的人，他們需要花更多成本和時間。
但我認為這個代價是值得的，因為一般的用路人沒有同意參加測試，不應該承受過高的風險，這個代價可以透過，在封閉區域測試，或是小範圍的測試來降低，等安全性夠高後再逐步開放。",目前最猶豫的地方是，這個安全的程度要到多少才可以讓自駕車上路，因為標準過低會造成用路人的危險，標準過高則可能花費過高的代價或時間，所以猶豫的地方是如何取得平衡。
2026/04/28 18:07:17,"一般用路人風險保護優先 (Road User Protection First)：自駕車的研發與測試風險，不應主要由行人、騎乘者與其他一般用路人承擔。The risks of developing and testing self-driving cars should not fall mainly on pedestrians, cyclists, and other road users.",在自駕測試中，企業是技術的既得利益者，而行人是非自願的風險承擔者，這樣風險分配存在嚴重的不對稱，更何況行人無法透過契約的方式避免危險，我認為其核心價值在於分配正義與不傷害原則，公告道路的道德契約應該要保護脆弱的主體，任何的科技進步都不應該建立在強迫別人承擔致命風險的基礎上。因此，開發者與政府不應該在缺乏防範失敗機制前，推動實驗車在公共道路進行實驗，開發者必須要承擔更高的預防義務，保障不以發生人命前提為代價。,把一般用戶人風險保護優先當成判斷自駕車能否上路的首要考量，雖然看似合理，但卻忽略了道德完美主義的困境並且忽略了不行動的隱形成本，因為他犧牲了透過技術規模化來挽救大量生命與社會安全的情況。舉例來說：若將行人零風險視為絕對門檻，將導致技術開發因極度高昂的防禦成本而陷入停滯，當我們有需求這項技術時，如少子化、酒駕等情形發生時，實則上是對可預見的認為死傷當作隱形。,"限定(Qualify)：批評部分成立，但我的核心立場不變，只是需加上特定條件或在特定情形下成立。The objection is partly valid, but my core position remains the same. It only holds under certain conditions or in certain cases.",批評部分成立，但我的立場在開發者能證明系統的風險顯著的低於人類的基準，且有明確的補償機制與保護機制下仍然能成立，因為如果我們堅持絕對的路人零風險化，那人類駕駛每年造成的巨大死傷，也會讓社會陷入更大的集體傷害。,為了使研發滿足「風險顯著低於人類」的標準，這會使技術研發減緩並且讓開發成本增加，導致當前的行人暴露於更大的風險之中。,人開車比較安全？還是我們應該要相信機器所開的車？這似乎是比較主觀的問題
2026/04/28 18:07:17,"一般用路人風險保護優先 (Road User Protection First)：自駕車的研發與測試風險，不應主要由行人、騎乘者與其他一般用路人承擔。The risks of developing and testing self-driving cars should not fall mainly on pedestrians, cyclists, and other road users.","p1：用路人的生命安全很重要，一個碰撞或擦撞可能就會導致有人傷亡或財產上的損失

p2：車子仍在開發測試的階段，存在失誤的風險，研發測試階段的風險不應該由用路人承擔

c：因為生命很可貴，在自駕車有一定的穩定度前測試的風險不應該由用路人來承擔",把一般用路人風險保護優先當成判斷自駕車能否部署的首要考量，看似合理，但它的根本問題是對於風險管理似乎過於嚴苛，因為它忽略了人類操控時的不慎（滑手機分心、酒駕）等等本身就會增加風險，而且在一個產品在上市之前本身就需經過很多測試,"限定(Qualify)：批評部分成立，但我的核心立場不變，只是需加上特定條件或在特定情形下成立。The objection is partly valid, but my core position remains the same. It only holds under certain conditions or in certain cases.",批評部分成立，但我的立場在維護一定程度用路人的安全情況下的條件下仍然成立，因為自駕車的測試及風險評估在上市之前是很重要的一環，但也需要做更多的保護措施,代價是自駕車的測試會變得嚴苛，自駕車的廠商會需要承擔那些損失，但是值得付出的代價，因為可以減少人員的傷亡，更少的事故,
2026/04/28 18:07:19,"責任追溯與課責優先 (Accountability First)：若事故發生後無法清楚追溯責任、說明決策依據並進行有效課責，則不應部署。If, after an accident, responsibility cannot be clearly traced, the basis of the decision cannot be explained, and effective accountability cannot be imposed, then deployment should not be allowed.","P1（事實）：目前人駕車的究責規則較自駕車更明確
P2（規範）：為保障用路人與乘客權益，肇事責任歸屬應明確規範
C（結論）：在部署自駕車前，應明確說明肇事責任與依據",若先等法律完善責任追溯，這將讓自駕車難以獲得充分的測試，且這忽略了制定法律過程冗長，等待法律完全完善可能難以跟上科技的發展。,"限定(Qualify)：批評部分成立，但我的核心立場不變，只是需加上特定條件或在特定情形下成立。The objection is partly valid, but my core position remains the same. It only holds under certain conditions or in certain cases.",批評部分成立，因此我認為要等法律制度大致完成，即可讓自駕車上路，再藉由上路後的實例進一步的完善法律,駕駛無法使用自駕，難以杜絕疲勞駕駛等事故；為了保護其他用路人的權利，我認為在明確自駕肇責前這個代價值得付出。,
2026/04/28 18:07:25,"效益優先 (Benefit First)：只要長期能顯著降低整體交通死傷，自駕車部署就可被接受。If self-driving cars can significantly reduce overall traffic injuries and deaths in the long run, their deployment can be justified.","P1（事實）：全球超過 90% 的交通意外源於人為失誤（分心、酒駕、反應不及、視線死角…）。數據顯示自駕車技術若能成熟，能顯著降低全社會的事故總量。
P2（規範）：我主張「效益優先」，核心價值在於「社會利益極大化」以降低死傷為前提運行此科技。倫理正當性若因少數事故過度限制技術，這在長期效益上是不道德的。因為即使是人類駕駛也無法達到0失誤。
C（結論）：政府應繼續支持研發而非因噎廢食，並以降低傷亡總數為政策目標，而研究員應證明自駕系統比人類更安全，並且確保在面對緊急狀況保有人類測試員的手動控制局面的能力。",把效益優先當成判斷自駕車能否部署的首要考量，看似合理但它的根本問題是將人的生命價值數據化，忽略人生為獨立自主的生命體，不應淪落為達成社會進步目的手段的犧牲品。,"限定(Qualify)：批評部分成立，但我的核心立場不變，只是需加上特定條件或在特定情形下成立。The objection is partly valid, but my core position remains the same. It only holds under certain conditions or in certain cases.",我認為反方的批評有道理（不能無視個人權利），但我依然認為以提升整體交通安全是未來的趨勢應該以此為目標持續發展。畢竟人類也不能做到完全零失誤，在滿足特定補償（企業承擔相應責任）與透明度（企業不隱瞞商品缺陷）的前提下，追求最大效益。,"被忽視掉的價值：研發成本增加與進度放緩，若 要求透明度與可解釋性會拖慢開發速度；以及無法挽回的生命損失。
承擔風險者：無辜用路人（承擔技術不成熟造成的傷殘風險）、科技廠商（承擔法律責任與高額賠償金）。
是否值得此科技的落實與補償方式：
值得。 因為放任現有的人為事故（如酒駕）繼續發生，社會代價更高。",機率與個體的矛盾，這議題感覺像火車哲學一樣，選擇要死10個還是換一條路死一個。是否有權利為了未來的統計數字，去犧牲當下活生生的人。
2026/04/28 18:07:28,"效益優先 (Benefit First)：只要長期能顯著降低整體交通死傷，自駕車部署就可被接受。If self-driving cars can significantly reduce overall traffic injuries and deaths in the long run, their deployment can be justified.","P1: 自駕車在反應速度、路況檢測等「硬實力」方面的表現比人類有更好的表現。
P2: 我選擇效益優先，這個論點的核心價值是，在有相同或更低（和人類比較）事故發生率的情況下，我們應該使用更方便、能夠提升生活品質的方式。
C: 根據P1、P2，在這類自駕車案例中，我們應該在確認事故發生率已經低於或持平人類駕駛的水準之後才放自駕車上了。",把效益優先當成判斷自駕車能否部署的首要考量，看似合理，但它的根本問題是就算事故發生率已經降到一定程度，但仍然會發生事故、仍然會有責任歸屬的問題，因為它忽略（或犧牲了）自駕車事故責任難以歸屬的問題。,"限定(Qualify)：批評部分成立，但我的核心立場不變，只是需加上特定條件或在特定情形下成立。The objection is partly valid, but my core position remains the same. It only holds under certain conditions or in certain cases.",批評部分成立，但我的立場在透過法規、合約規範責任歸屬的條件下仍然能成立，因為事故率已經低於一定程度了，若我們能把所有狀況的責任都歸屬好，能夠一定程度避免責任歸屬的問題。,雖然事故程度已經降低到一定程度，但我仍對走在馬路上有可能被車撞感到不安。,
2026/04/28 18:07:29,"一般用路人風險保護優先 (Road User Protection First)：自駕車的研發與測試風險，不應主要由行人、騎乘者與其他一般用路人承擔。The risks of developing and testing self-driving cars should not fall mainly on pedestrians, cyclists, and other road users.","在 Uber 自駕車事故案例中，核心事實是受害者在公共道路上正常行走時，被自駕車撞擊身亡。工程師在測試時，應考慮到各種情形，不應該在未確保感測系統能百分之百保護非預期路況下的行人前，就將車輛投入開放道路測試。使人們被迫承擔系統失靈或感測錯誤所帶來的生命風險。
",把路人優先當成判斷自駕車能否部署的首要考量的原則有何重大問題，看似合理，但它的根本問題是人是個變數，加上也有其他不可控情形，不可能百分百去預測。,"堅持(Defend)：批評不成立，我的立場完全不變，我能說明為什麼。The objection fails. My position does not change, and I can explain why.",批評不成立，因為自駕車能在人遇到無法做出判斷或是注意力不足時，能去代替人做出反應。,在追溯責任時，工程師承擔的責任會很大，這樣是否會導致很多工程師不願去這領域工作，使自駕車在技術與實踐方面很難有所突破。,
2026/04/28 18:07:32,"責任追溯與課責優先 (Accountability First)：若事故發生後無法清楚追溯責任、說明決策依據並進行有效課責，則不應部署。If, after an accident, responsibility cannot be clearly traced, the basis of the decision cannot be explained, and effective accountability cannot be imposed, then deployment should not be allowed.","P1:在這個事件中，當事故發生時測試員正在滑手機，而設計者也沒有想到有人會在非斑馬線路段穿越馬路導致判斷錯誤
P2:我主張責任追溯和課責優先，此原則的價值是當出事的時候總需要找到人承擔責任，而有人負責時也會讓人比較謹慎
C:在這類自駕車案例中，我認為駕駛人應該也要負責監控路況，而不管是駕駛人還是設計者都需要在出事時負擔部份責任",把責任追溯與課責優先當成判斷自駕車能否部署的首要考量，看似合理，但它的根本問題是這個規定違背了原本的設計理念，因為原本自駕車就是要設計成能夠自動駕駛，而駕駛人可能很難知道設計者設計自駕車能判斷哪些情況，因此可能因為設計者沒想到而駕駛人也沒注意而導致車禍。,"限定(Qualify)：批評部分成立，但我的核心立場不變，只是需加上特定條件或在特定情形下成立。The objection is partly valid, but my core position remains the same. It only holds under certain conditions or in certain cases.",批評部分成立，但我的立場在駕駛人熟知自駕車能力範圍的條件下仍然能成立，因為這樣能夠避免自駕車能力範圍外所造成的車禍。,雖然為了安全駕駛人必須時刻監控自駕車，但這仍然犧牲了駕駛人的使用體驗，把設計者的疏失或能力缺失全部讓使用者負責，這樣責任有點過大。,
2026/04/28 18:07:48,"效益優先 (Benefit First)：只要長期能顯著降低整體交通死傷，自駕車部署就可被接受。If self-driving cars can significantly reduce overall traffic injuries and deaths in the long run, their deployment can be justified.","P1uber公司並未發展出能降低事故率的車子，反而造成傷亡，導致眾人的強烈反對
P2效益優先，效益夠好才能保護人類，才會讓大多數人接受自駕車的部署
C自駕車的公司需要以人類的安全與效益為優先，進行研發",把事故率降低當成判斷自駕車能否部署的首要考量，最大的問題是用來判斷事故率降低的數據可能有誤，另外數據的來源可能是透過模擬或是實際上路實驗得到，但是模擬的不一定能完全符合現實生活，而實際上路實驗風險實在太大，因為實驗過程可能死許多人,"限定(Qualify)：批評部分成立，但我的核心立場不變，只是需加上特定條件或在特定情形下成立。The objection is partly valid, but my core position remains the same. It only holds under certain conditions or in certain cases.",批評部分成立，但我的立場在只要那個公司能確保那些數據來源是有力的，或是可以確保事故率真的可以降低時成立，因為工具本身就是為了提高效益，只要能提高效益，有什麼理由不用自駕車,雖然是是以事故率降低為優先，但是這樣可能會產生那些少部分的事故的責任歸屬的問題，如果是人駕駛的話，可以用目前的法律處理，但自駕車的責任歸屬就複雜許多,無
2026/04/28 18:08:40,"責任追溯與課責優先 (Accountability First)：若事故發生後無法清楚追溯責任、說明決策依據並進行有效課責，則不應部署。If, after an accident, responsibility cannot be clearly traced, the basis of the decision cannot be explained, and effective accountability cannot be imposed, then deployment should not be allowed.","事實：Uber 自駕車事故代表，自駕車不是普通工具，自駕車並不是普通的工具，他是會自己判斷路況跟做決定，如果發生事故後，沒辦法知道系統當時怎麼判斷以及誰該負責，就很容易變成不知道該誰負責

規範：我認為責任追溯與課責優先最重要，核心價值是事情出錯時一定要能追責，因為自駕車會直接影響公共安全，如果不能清楚解釋系統怎麼運作，事故怎麼發生，那就代表這個技術還不夠安全

結論：如果沒辦法做到清楚的責任追溯跟課責機制，就不應該直接把自駕車放到公共道路上，然後政府也應該要求先做好安全測試跟責任規範，不能讓民眾承擔風險",把責任追溯與課責優先當成自駕車能不能上路的第一標準，看起來很合理，但問題是這樣可能會讓技術發展變太慢，因為這個立場比較重視出事後誰負責，但卻忽略自駕車未來可能比人類駕駛更安全這件事,"堅持(Defend)：批評不成立，我的立場完全不變，我能說明為什麼。The objection fails. My position does not change, and I can explain why.",我選擇堅持，因為批評雖然有道理，但我認為公共安全比技術發展速度更重要，就是我覺得連事故責任都搞不清楚然後還直接讓自駕車上路，我覺得風險太高,"選擇上述立場的代價，就是自駕車發展可能會變慢，企業也要花更多時間跟成本做安全測試，然後主要是公司跟想早點使用自駕車的人在承擔

我覺得這個代價是值得的，因為公共安全還是比技術發展速度重要",無
2026/04/28 18:08:48,"效益優先 (Benefit First)：只要長期能顯著降低整體交通死傷，自駕車部署就可被接受。If self-driving cars can significantly reduce overall traffic injuries and deaths in the long run, their deployment can be justified.","在 Uber 自駕車事故案例中，我認為應以效益優先作為判斷部署正當性的首要考量。
​從事實面來看，現今絕大多數的交通事故源於人類的疲勞、分心或疏忽，而自駕技術具有持續進化與數據共享的特性，長期而言能消除這些人為風險。在規範層面上，我認為該原則的核心價值在於社會整體生命損失的最小化，我們應追求降低死傷總數的最優解，若因恐懼初期技術的不完美而阻礙其發展，本質上是讓更多人繼續暴露在更危險的人為駕駛環境中。因此得出結論，監管機構與企業不應該因單一事故而停止部署，而應在確保技術持續優化、並能證明其比人類駕駛更安全的前提下，積極推動技術測試，以實現保障大多數人生命安全的長遠目標。",把效益優先當成判斷自駕車能否部署的首要考量，看似合理，但它的根本問題是將人的生命簡化為統計數字上的加減法，因為它忽略了用路人作為獨立個體的生命尊嚴與不被隨意犧牲的基本權利。,"限定(Qualify)：批評部分成立，但我的核心立場不變，只是需加上特定條件或在特定情形下成立。The objection is partly valid, but my core position remains the same. It only holds under certain conditions or in certain cases.",批評部分成立，但我的立場在自駕技術已跨越絕對安全門檻，並輔以完善的社會補償與透明課責制度的條件下仍然能成立，因為追求整體生命損失最小化依然是減少社會悲劇最務實的道德方針，而透過制度配套，我們可以將原先被忽略的個人權利與公平性納入考量，讓技術的進步不再是單純的數字遊戲，而是具備正義基礎的集體保護。,"選擇限定後的效益優先，代價是犧牲了個體權利的絕對保護，讓不知情且未獲利的第三方用路人承擔了技術演進的風險。
但我認為這份代價值得付出，因為不採取行動將導致更多人死於人為車禍。我們可以透過建立高額賠償制度、強制技術透明化及改善路權設計（如人車隔離）來減緩衝擊，確保每次意外都能換取全體的安全升級，將個體風險降至最低並給予實質補償。
",
2026/04/28 18:08:50,"一般用路人風險保護優先 (Road User Protection First)：自駕車的研發與測試風險，不應主要由行人、騎乘者與其他一般用路人承擔。The risks of developing and testing self-driving cars should not fall mainly on pedestrians, cyclists, and other road users.","P1: The victim of this incident never agreed to participate in Uber's project and will not receive direct benefits from the project's success. Uber externalized their risk to a non-consenting third party.
P2: ""Road user protection first"" is the principle I think should be prioritized. The core value of this claim is ""distributed justice,"" when private companies like Uber is trying gain benefits by exposing the risks of their product research to the public, it is inherently unjust to the public who born the risks.
C: Companies and developers should restrict the the risks to be born by themselves and consensual parties in controlled environments.","Treating road user protection first as the primary consideration in deciding whether self-driving cars may be deployed may seem reasonable, but its fundamental problem is recreational environments might not be realistic enough to reflect the actual reality, because it sacrifices the efficiency on the training process by presenting a environment that's not real, thus dragging down the development of this technology.","堅持(Defend)：批評不成立，我的立場完全不變，我能說明為什麼。The objection fails. My position does not change, and I can explain why.","The criticism does not hold, because technological efficiency cannot ethically justify non-consensual human experimentation, and prioritizing pure efficiency over safety damages the technology's long-term development.","Demanding zero risk creates an impossible standard that would eventually permanently ban autonomous vehicles, forcing society to abandon high efficiency over high danger evasion.
Instead, the standard should be a risk threshold lower than human drivers for example. Once this is proven in controlled environments, public deployment becomes ethically justified, provided companies bear full legal and financial responsibility for any accidents.",None
2026/04/28 18:08:57,"責任追溯與課責優先 (Accountability First)：若事故發生後無法清楚追溯責任、說明決策依據並進行有效課責，則不應部署。If, after an accident, responsibility cannot be clearly traced, the basis of the decision cannot be explained, and effective accountability cannot be imposed, then deployment should not be allowed.","P1（事實）： 在 Uber 自駕車事故案例中，車輛的感測器與演算法在事發前雖有偵測到物體，卻無法及時且正確地將其分類為行人並踩下煞車；同時，隨車的安全駕駛員也因分心未能及時接管，這導致了事故發生後，責任歸屬在系統開發商（演算法瑕疵）、營運商（測試規範）與人類駕駛（監督疏失）之間變得模糊不清。
P2（規範）： 我主張責任追溯與課責優先應作為首要考量，該原則的核心價值在於社會正義與公眾信任，當一項具有致命潛力的技術進入公共空間時，若缺乏明確的責任歸屬，不僅剝奪了受害者尋求救濟與公道的權利，也會讓企業能在系統不透明的保護傘下逃避過失，這在民主法治社會中是不正義的。
C（結論）： 根據上述事實與規範，在這類自駕車案例中，企業與開發者不應該在無法清楚說明 AI 決策邏輯及建立明確法律責任框架前，就將未成熟的系統部署於一般道路上進行混合測試；而監管機構應該強制要求營運商提出事故發生時的究責與賠償機制後，才核發上路許可。",把責任追溯與課責優先當成判斷自駕車能否部署的首要考量，看似合理，但它的根本問題是可能嚴重阻礙科技發展並導致更多無辜生命的逝去，因為它忽略（或犧牲了）自駕車在統計學上能消除「人類酒駕、疲勞駕駛」等致命人為疏失的巨大長期效益（即效益優先）。要求一個基於機率與巨量數據運作的 AI 系統具備完美的「可解釋性與責任追溯」，在技術上是不切實際的，這種苛求會讓能拯救成千上萬人的技術被無限期擱置。,"限定(Qualify)：批評部分成立，但我的核心立場不變，只是需加上特定條件或在特定情形下成立。The objection is partly valid, but my core position remains the same. It only holds under certain conditions or in certain cases.",批評部分成立，但我的立場在重新定義 AI 系統的課責機制條件下仍然能成立，因為我們不需要要求 AI 具備像人類一樣的「犯意」或絕對的決策透明度，而是要求「機構責任」。只要企業願意為其演算法的最終輸出（即事故）承擔嚴格的無過失責任或建立專屬補償基金，我們就能在不要求完美技術解釋的前提下，實現課責的核心精神。因此，追溯責任依然是不可妥協的首要考量。,"• 代價： 堅持課責優先的代價，是會拉長自駕車的審核與測試週期，導致技術普及的速度變慢。
• 承擔者： 那些原本可能因為自駕車上路而免於死於「人類駕駛車禍」的未來潛在受害者，成為了這個選擇下的隱形成本承擔者。同時，研發企業也必須承擔更高的法遵與保險成本。
• 我認為這個代價是值得付出的，因為放任缺乏課責機制的機器上路，會徹底摧毀人類對 AI 技術的信任。
• 減緩方式： 可以透過設立「封閉式或半開放式 AI 測試」來加速技術推進，並由政府與企業共同設立「自駕車事故無過失理賠基金」，在釐清技術黑盒子之前，先確保受害者能迅速獲得實質補償，藉此在「課責」與「發展」間取得平衡。",我最困惑的點在於「人機協同的責任邊界」在 Uber 案例中，AI 被設計為需要人類在危急時接管，但心理學與人機互動研究早已證明，要求人類長時間保持高度專注去監督一個「幾乎不出錯」的系統是不符合人性的（即自動化偏誤）。把最後的責任推給那位來不及反應的人類安全駕駛員，是否只是企業用來逃避「系統設計不良」責任的擋箭牌？我們究竟該如何公平地在「AI 系統」與「被迫作為最終保險的人類」之間分配責任？
2026/04/28 18:09:02,"效益優先 (Benefit First)：只要長期能顯著降低整體交通死傷，自駕車部署就可被接受。If self-driving cars can significantly reduce overall traffic injuries and deaths in the long run, their deployment can be justified.",今的交通事故大多是人為失誤造成的。自駕車有機會減少這些事故。我選擇「效益優先」。就算個人之間有一些不公平，只要長期可以救更多人命，我覺得還是可以接受。如果有明確的證據顯示可以降低事故，就算有一些風險，也應該慢慢在公共道路上推行。,"把效益放在第一，看起來很合理，但其實有問題。
因為這樣可能會把風險丟給一部分的人。
像行人，他們沒有選擇，卻要承擔風險。
也就是說，為了整體利益，個人的安全和公平可能被忽視。","限定(Qualify)：批評部分成立，但我的核心立場不變，只是需加上特定條件或在特定情形下成立。The objection is partly valid, but my core position remains the same. It only holds under certain conditions or in certain cases.","我覺得這個反對意見有一部分是對的。
但如果有好的安全規則和對策，「效益優先」還是可以成立。
只是不能在任何情況下都適用，而是要在安全有一定保障的情況下才可以。","這種想法的代價是，在剛開始的時候，一部分的人可能會更危險。
特別是行人，比較容易承擔這個風險。
這是很嚴重的問題，但如果之後事故真的能大幅減少，我覺得還是有意義。
不過應該用規則和補償來減少這個負擔。","我雖然選擇效益優先，但還是會在意「有些人會變得比較危險」。
如果是我自己，我應該也會覺得不安。
我最困惑的是，到底可以接受多少風險。
因為這跟人的生命有關，所以很難決定界線。"
2026/04/28 18:09:06,"責任追溯與課責優先 (Accountability First)：若事故發生後無法清楚追溯責任、說明決策依據並進行有效課責，則不應部署。If, after an accident, responsibility cannot be clearly traced, the basis of the decision cannot be explained, and effective accountability cannot be imposed, then deployment should not be allowed.","P1:Uber 案例顯示了多層次的失誤：技術層的辨識失效、監督層的駕駛分心，以及管理層忽視員工的書面示警 。在事故後的責任分配中，駕駛被判緩刑、公司達成和解，但工程師與高層幾乎未受法律追究，這就是典型的「責任缺口」
P2:核心價值是可見性與嚇阻力。設計決策本質上就是倫理決策，但如果這些決策不需要被公開說明、出了事也沒人真正承擔後果，那「保護用路人」永遠只是手冊上的漂亮話。課責機制的意義是讓所有人在做決策之前就知道自己是可以被追問的。
C:部署前必須能清楚說明每個設計決策的依據是什麼、誰負責、出事誰承擔。這條鏈斷掉了，就不應該部署。","把「課責優先」當首要考量的話，他的問題是法律體系的滯後會扼殺創新。如果我們堅持要等法律釐清所有工程師或演算法的責任才准測試，這段空窗期內，人類駕駛每天導致的大量車禍仍在發生。WAYMO的報告指出傷亡率在每百萬英里 0.41 件，而人類是2.8件，人類的事故率是 Waymo 的 6.7 倍
所以過度糾結於事後清算，實際上是犧牲了那些本可以被技術拯救的生命。","限定(Qualify)：批評部分成立，但我的核心立場不變，只是需加上特定條件或在特定情形下成立。The objection is partly valid, but my core position remains the same. It only holds under certain conditions or in certain cases.",批評部分成立，因為法律確實跟不上科技。但在 「建立強制保險制度與透明化事故審查」 的條件下，我的立場仍然成立。因為問責不只是為了找人坐牢，而是能確保 「設計決策即是倫理決策」 。如果我們不先解決「責任缺口」，科技公司就會因缺乏嚇阻力而持續採取「魯莽」 的部署方式，最終會導致大家對 AI 失去信心,"代價是極高的法律合規成本與進入門檻。研發公司為了符合嚴格的課責要求，他們必須投入大量資源在可解釋與法律攻防上
而且當開發與部署成本大幅上升後，對小型開發商不友善，而會間接讓市場更容易被大公司壟斷。原本能更快受益於自駕車的族群視障者、老年人也會等更久花費更多金錢。",如果連開發者都無法完全解釋為什麼 AI 在那一秒決定「不煞車」，那法律上的「疏忽」或「魯莽」該如何定義 ？如果我們強行要找出一個人來負責，會不會最後變成只是在找替罪羊 ，而沒能真正解決技術漏洞呢？
2026/04/28 18:09:10,"效益優先 (Benefit First)：只要長期能顯著降低整體交通死傷，自駕車部署就可被接受。If self-driving cars can significantly reduce overall traffic injuries and deaths in the long run, their deployment can be justified.","P1:自駕車越來越風行

P2:效益優先，長期降低死傷並積累經驗

C:政府應開放自駕車使用，自駕車越多越能降低死傷",把利益當成判斷自駕車能否部署的首要考量，看似合理，但它的根本問題是缺乏公平性，因為它犧牲其他用路人的安全。,"放棄(Concede)：批評成立，我改變立場了。The objection is valid, and I change my position.",批評成立，因為人身安全所保障的生命大於技術進步，所以我改變立場了,代價是自駕車發展緩慢，自駕車產業落後他國，我認為可以政府補貼來減少落後，相當於用國庫補貼換取國民行車安全,自駕車越來越多，但技術進步的速度是否會快速淘汰舊車，這樣就不能隨意下單
2026/04/28 18:09:21,"效益優先 (Benefit First)：只要長期能顯著降低整體交通死傷，自駕車部署就可被接受。If self-driving cars can significantly reduce overall traffic injuries and deaths in the long run, their deployment can be justified.","效益優先在長期實現之下能夠有效降低死傷,目的是為了整體安全著想,在初期應該完善規畫路線及肇責,因為初始研發可能會產生高度爭議。","把長期效益作為主要考量,但忽略了初期可能面對風險,對行人的保障不夠好。","限定(Qualify)：批評部分成立，但我的核心立場不變，只是需加上特定條件或在特定情形下成立。The objection is partly valid, but my core position remains the same. It only holds under certain conditions or in certain cases.",批評部分成立，但我的立場在促進整體案全條件下仍然能成立，因為長期效益帶來的改變能夠造福更多人,"初期需要承擔因為研發未完全所早成之死傷,得承擔社會責任以及實際刑罰",
2026/04/28 18:09:32,"一般用路人風險保護優先 (Road User Protection First)：自駕車的研發與測試風險，不應主要由行人、騎乘者與其他一般用路人承擔。The risks of developing and testing self-driving cars should not fall mainly on pedestrians, cyclists, and other road users.","P1（事實）：在 Uber 自駕車事故中，企業在公共道路上進行高風險的系統測試，而路人對此完全不知情，更未主動同意承擔該實驗性的技術風險。
P2（規範）：我主張一般用路人風險保護優先應為首要考量。該原則的核心價值在於禁止非自願性風險。
C（結論）：開發商與政府不應將公共道路視為實驗室。開發商必須在封閉場域中證明其系統的絕對安全性，確保風險不會由非自願的用路人承擔。",「把一般用路人風險保護優先當成判斷自駕車能否部署的首要考量，看似合理，但它的根本問題是過度預防風險，因為它犧牲了真正實驗的效果，之後車子真正上路也是需要面對路上的各種情形。,"限定(Qualify)：批評部分成立，但我的核心立場不變，只是需加上特定條件或在特定情形下成立。The objection is partly valid, but my core position remains the same. It only holds under certain conditions or in certain cases.",批評部分成立，但我的立場在風險由企業而非路人承擔的條件下仍然能成立，因為單純為了追求長期效益而犧牲當下無辜路人，在道德上依然是不正義的。,該選擇付出的主要代價是技術無法更快速的進步。更嚴格的保護標準會顯著提高測試成本、縮短開發進度，甚至導致某些創新型中小企業因無法負擔合規成本而倒閉。此代價由技術研發方以及期待自駕車普及的消費者共同承擔。我認為這個代價是值得付出的，因為生命安全具有不可逆性，而技術效率的提升則是可以延後的。,
2026/04/28 18:09:37,"效益優先 (Benefit First)：只要長期能顯著降低整體交通死傷，自駕車部署就可被接受。If self-driving cars can significantly reduce overall traffic injuries and deaths in the long run, their deployment can be justified.","P1（事實）：
目前人類駕駛造成大量交通事故與死亡，而自駕車技術若成熟，長期有機會顯著降低整體交通死傷。
P2（規範）：
我主張「效益優先」，核心價值是最大化整體安全與生命利益，也就是讓社會總傷害最小化。
C（結論）：
因此，在自駕車案例中，只要證據顯示其長期能降低總體死傷，政府與企業應允許其逐步部署，即使短期仍存在一定風險。",把「效益優先」當成判斷自駕車能否部署的首要考量，看似合理，但它的根本問題是把少數人的風險合理化，因為它忽略了當下用路人被迫承擔風險的權利與公平性。,"限定(Qualify)：批評部分成立，但我的核心立場不變，只是需加上特定條件或在特定情形下成立。The objection is partly valid, but my core position remains the same. It only holds under certain conditions or in certain cases.",批評部分成立，但我的立場在「風險需被嚴格控制且透明」的條件下仍然能成立，因為如果完全不允許風險，就無法讓技術進步，反而會讓更多人長期死於人為駕駛事故。,"部分一般用路人需承擔自駕車尚未成熟時的額外風險。
應透過完善賠償制度與嚴格監管機制來降低風險並保障受害者權益。",安全提升要到什麼程度，才能合理化讓少數人承擔風險？
2026/04/28 18:09:52,"效益優先 (Benefit First)：只要長期能顯著降低整體交通死傷，自駕車部署就可被接受。If self-driving cars can significantly reduce overall traffic injuries and deaths in the long run, their deployment can be justified.","P1:自駕車的行動軌跡相較於人類駕駛不確定性較低
P2:我主張效益優先，以長期來看，效益優先更能降低傷亡。
C:根據P1及P2,政府應該盡快開放使用自駕車，以追求效益最大化，畢竟有實際數據才能更快推進自駕車進步",把效益優先，當成判斷自駕車能否部署的首要考量，看似合理，但他的根本問題是缺乏公平性，因為它忽略了其他用路人的安全。,"放棄(Concede)：批評成立，我改變立場了。The objection is valid, and I change my position.",批評成立，因為生命誠可貴，我認為不應該用現在的人的生命去為未來的方便鋪路。,代價就是企業依然無法取得現一般上路的數據，因此發展可能會落後開放自駕車上路的國家。,我認為，目前最讓我感到困惑的是，到底多小範圍內的犧牲可以交換經濟，科技的發展，如這次討論中的自駕車。
2026/04/28 18:09:59,"效益優先 (Benefit First)：只要長期能顯著降低整體交通死傷，自駕車部署就可被接受。If self-driving cars can significantly reduce overall traffic injuries and deaths in the long run, their deployment can be justified.","P1:若要達成效益，需要上路收集實際資料
P2: 效益優先 (Benefit First)：只要長期能顯著降低整體交通死傷，自駕車部署就可被接受。
C:在安全條件下，自駕車應該要實際上路收集實際資料",「把效益優先當成判斷自駕車能否部署的首要考量，看似合理，但它的根本問題是是在發生意外時的責任歸屬，誰要為此負責，因為它忽略（或犧牲了）承受意外風險的人」,"限定(Qualify)：批評部分成立，但我的核心立場不變，只是需加上特定條件或在特定情形下成立。The objection is partly valid, but my core position remains the same. It only holds under certain conditions or in certain cases.",我選擇限定，但我的立場依然效應優先，但在特定場合降低意外風險，可以在自駕車的測試時先行發布，告知會有自駕車的測試上路，像是路考的感覺，降低讓原本在行駛道路上的人承擔意外風險,"代價：是可能會路上的行人承擔測試的意外風險
自行車的發展測試整體上可以減低交通死傷的利益是值得付出的，減緩代價的方法是提前告知降低承擔意外風險
",自駕車發展中降低交通死傷的效應是否大於發生意外風險的後果
2026/04/28 18:10:00,"責任追溯與課責優先 (Accountability First)：若事故發生後無法清楚追溯責任、說明決策依據並進行有效課責，則不應部署。If, after an accident, responsibility cannot be clearly traced, the basis of the decision cannot be explained, and effective accountability cannot be imposed, then deployment should not be allowed.",在這次課程中提到的Uber事故中，責任存在many hands problem的狀況，如自駕系統設計未考慮到穿越馬路的行人、自駕測試員分心未能及時注意路況、車輛未能及時切換為人工操作進行煞車等等綜合因素導致了這次事故的發生。針對如此複雜的權責問題應有清楚明定的責任追溯制度，確保每一個環節具備可課責性及落實程序正義，避免責任歸屬出現互踢皮球的情況。故政府應該將相關責任歸屬法規進行完善，再未完善前則應對自駕車進行一定程度的管制。,如果過度強調課責，開發商可能因害怕法律責任而不敢推出比人類駕駛更安全、但仍有事故風險的技術，導致更多人死於本可避免的人為車禍，也不利於技術進行更強大的發展。,"堅持(Defend)：批評不成立，我的立場完全不變，我能說明為什麼。The objection fails. My position does not change, and I can explain why.",明確的課責制度反而能倒逼技術更透明、更穩定，從長遠來看才是真正的安全，不因以技術進步需求作為不課責的理由。,急需提升交通效率、或是期待所謂未來化駕駛工具的社會大眾可能會需要等待更長的時間來達成其目標，但我認為這個代價值得付出。因為一旦放棄課責，技術將成為權力的屏障。我們可以透過建立強制性事故保險機制或上述提到的政府監管來減緩技術開發的阻力，但不應以放棄正義為代價。,
2026/04/28 18:10:02,"效益優先 (Benefit First)：只要長期能顯著降低整體交通死傷，自駕車部署就可被接受。If self-driving cars can significantly reduce overall traffic injuries and deaths in the long run, their deployment can be justified.",自駕車在緊急安全系統正常運作的情況下，應該是能有效降低肇事頻率，而不會產生撞死人的憾事，而我主張效益優先原則，該原則的核心價值是長期下來能降低整體死傷，自駕車部署就是可以接受的，在這個案件中，Uber不應該隨便關閉緊急安全系統，這使得自駕車發生事故的潛在風險增加，使得違背降低整體死傷的目的。,把效益優先當成判斷自駕車能否部署的首要考量，看似合理，但它的根本問題是放任自駕車在路上跑，自駕車在發生事故的時候，少數人生命的責任歸屬，因為它忽略了所有人不應該成為代價之一。,"堅持(Defend)：批評不成立，我的立場完全不變，我能說明為什麼。The objection fails. My position does not change, and I can explain why.",批評不成立，因為發生事故的機率不可能為0，無論是人駕還是自駕，只要長期能降低事故的可能性，那對於社會就是有幫助的。,為了效益優先會忽略部分人的生命安全，我認為這個代價雖然值得付出，但應該要有更完善的補償及社會安全機制，來補償那些生命受到危險的人。,少數人的生命安全真的是可以忽略的嗎？
2026/04/28 18:10:02,"效益優先 (Benefit First)：只要長期能顯著降低整體交通死傷，自駕車部署就可被接受。If self-driving cars can significantly reduce overall traffic injuries and deaths in the long run, their deployment can be justified.",自駕車在緊急剎車系統正常運作的時候，安全性會提升，出事故的機率會下降，所以我們主張效益優先原則，只要研發團隊夠認真、嚴謹，研發出性能好的系統，研究顯示長期能顯著降低整體交通死傷，，完全可以相信自駕車可以提升用路安全性，畢竟由人親自駕其實還是很多神奇的事故，比如酒駕、疲勞等。,把效益優先原則當成判斷自駕車能否部署的首要考量，看似合理，但它的根本問題是要測試出完美的緊急剎車系統不容易，而且評估效應時期出的事故很難判斷，難道是他們衰嗎，因為它忽略前期的風險，少數人的生命受到了威脅，不可能因為他們人數少就忽略他們。,"堅持(Defend)：批評不成立，我的立場完全不變，我能說明為什麼。The objection fails. My position does not change, and I can explain why.",批評不成立，因為測試期間發生事故的機率本來就不可能為零，如果有受訓良好的測試員，或許就可以降低事故的嚴重程度，降低其成本，不需要有少數人付出生命的代價,需要更高的人事成本，訓練有素質的測試員也需要一定的篩選，而且還要保持他們精神良好不出錯。,
2026/04/28 18:10:03,"責任追溯與課責優先 (Accountability First)：若事故發生後無法清楚追溯責任、說明決策依據並進行有效課責，則不應部署。If, after an accident, responsibility cannot be clearly traced, the basis of the decision cannot be explained, and effective accountability cannot be imposed, then deployment should not be allowed.","首先，AI 決策流程不透明，難以事後清楚說明為什麼沒有煞車或為何做出一系列造成災禍的舉動，且存在人跡責任模糊、Uber 在設計上做了風險取捨而關閉自動煞車，且長期生活可見得制度上無法完整對複雜的系統性決策進行責任追溯。
然後我主張責任追溯與課責優先，由於若無法明確歸責，受害者無法獲得公平或符合預期的補償，其次我認為最重要的是，需要技術系統必須能被問責，否則會產生責任模糊或輪為形式，因為只有在明確發生啥事誰負責的情況下，一系列生產中的每個部分才會盡量做的最高標準。最後，企業方面應先行部屬可追溯的決策紀錄及明確責任分配機制，更好的話還能配備可解釋的系統行為。而相關監管部門，要求企業做成以上條件才能部屬車輛。而細分到個人設計師應把以上要求做好，且不用背負因黑箱責任產生的相關壓力。",把責任追溯與課責優先當成判斷自駕車能否部署的首要考量，看似合理，但它的根本問題是把事後的處理方式優先於事前預防，因為它忽略（或犧牲了）風險降低及與即時的保護措施。把追則置於保護用路人之前有本末倒置之嫌疑，且過度要求追責問題，可能導致安全技術難以落地。,"限定(Qualify)：批評部分成立，但我的核心立場不變，只是需加上特定條件或在特定情形下成立。The objection is partly valid, but my core position remains the same. It only holds under certain conditions or in certain cases.",批評部分成立，但我的立場在若有部分內容能明確責任歸屬中條件下仍然能成立，因為我認為若部份的責任追責已經完善但仍未完全釐清的情況下，我認為在已經完全被明確的部分部屬，例如：若可以明確在高速公路或較單純的行車環境中，若出事能歸因於何種部分，那就能在該路段部屬自動駕駛，但在較複雜的路段若仍模糊，責先將其禁止，回放給傳統車輛。,部分開放表示有開放部分需承擔科技可能產生的災禍，而這種風險是逞個用路環境需要共同承擔的，而我認為此代價是整體科技進步需整個社會共同承擔的。,不清楚是事前保護還是事後追責要優先可慮。
2026/04/28 18:10:04,"效益優先 (Benefit First)：只要長期能顯著降低整體交通死傷，自駕車部署就可被接受。If self-driving cars can significantly reduce overall traffic injuries and deaths in the long run, their deployment can be justified.",事實是人也會犯錯，而AI相對可控安全也更可以透過日誌等量化優化，再來很多人都不能開車，如果開放大家都可以做自駕車將可以讓交通反而更公平，我選擇效益優先應為我覺得通情效率與人類安全是重要的，我覺得隨著時間的變化AI一定會越來越好的，我們應該同意讓自駕車上路再測試中事故路應該低於人類或與人類一樣!,把效益優先當成判斷自駕車能否部署的首要考量，看似合理，但它的根本問題是對未來過度美好的想像技術一定會變好，應為不重要廠商一定會確保安全為第一重要，因為它忽略廠商都是追逐利益優先的,"堅持(Defend)：批評不成立，我的立場完全不變，我能說明為什麼。The objection fails. My position does not change, and I can explain why.",批評不成立，因為還是有法規或技術的演進可以解決這些問題,代價會是之前還沒很穩定時再路上被撞到的人，每一個人都不應該變成一個實驗的代價,政府到底會不會管造勢數據有定期的檢核
2026/04/28 18:10:05,"一般用路人風險保護優先 (Road User Protection First)：自駕車的研發與測試風險，不應主要由行人、騎乘者與其他一般用路人承擔。The risks of developing and testing self-driving cars should not fall mainly on pedestrians, cyclists, and other road users.","P1 
在Uber 事故中，自駕車在公共道路進行測試，但受害的行人並沒有同意參與測試，卻因系統判斷錯誤與駕駛分心而喪命

P2 
原則的核心價值是風險分配正義與知情同意，一般行人已經是交通環境的弱勢者，他們沒有從測試中獲得直接利益，不應在未經同意的情況下，被迫承擔科技研發過程中的不確定風險

C
科技公司不應在無法確保外部用路人造成之風險低於人類駕駛前，將公共道路作為實驗場，政府也應嚴格限制測試條件","把一般用路人風險保護當成判斷自駕車能否部署的首要考量，看似合理，但它的根本問題是對人機採取雙重標準，因為它忽略人類駕駛本身也具備極高的風險，若要求自駕車必須達到完美才能上路，是否延遲挽救被人類駕駛奪去用路人生命的技術普及？
","限定(Qualify)：批評部分成立，但我的核心立場不變，只是需加上特定條件或在特定情形下成立。The objection is partly valid, but my core position remains the same. It only holds under certain conditions or in certain cases.",批評部分成立，但我的立場在研發測試階段條件下仍然能成立，因為在實驗收集受試者時知情同意和實驗風險告知是非常重要的事，雖然不應無限上綱雙重標準，但在技術穩定之前不能強迫無辜路人承擔不必要的實驗風險,研發速度減緩，未來可能因自駕車延遲上市而未來倖免人類駕駛車禍的人們會承擔，但我覺得代價值得，不應犧牲少數無辜換取集體利益，也許可以透過虛擬測試或封閉場域測試來補償研發速度,我中文不好
2026/04/28 18:10:06,"效益優先 (Benefit First)：只要長期能顯著降低整體交通死傷，自駕車部署就可被接受。If self-driving cars can significantly reduce overall traffic injuries and deaths in the long run, their deployment can be justified.",在人自己開車的情況下，會發生人為的酒駕、疲勞、分心等等，如果今天在AI的干預下有機會可以降低人為事故發生的缺點。核心價值：用小基數的傷亡換取最大化社會的整體利益。政府應該在法律上訂定企業開發自動駕駛的規範，然後企業應該要給受害者補償。,他犧牲了受害者和受害者家屬的權益。將人命視為統計數據，忽視了人們的生命權，然後也不知道撞到人後的責任歸屬該歸於誰（開發者？開車的人？政府？）,"限定(Qualify)：批評部分成立，但我的核心立場不變，只是需加上特定條件或在特定情形下成立。The objection is partly valid, but my core position remains the same. It only holds under certain conditions or in certain cases.","批評成立，因為在科技還沒成熟的過渡期，大家都要一起承擔這些死傷，這些都是值得付出的
但這些立場成立是在企業已經做好相關補償或是測試才可以上路，如果企業連最基本的功能都沒用好 那企業需要承擔最多的問題",要付出的代價就是會犧牲那些受害者的權益，受害者和受害者的家屬會需要承擔這些輕視政府要做好監督的責任，企業也需要因為技術所以撞到人的情況下給予相對的補償 ,
2026/04/28 18:10:08,"效益優先 (Benefit First)：只要長期能顯著降低整體交通死傷，自駕車部署就可被接受。If self-driving cars can significantly reduce overall traffic injuries and deaths in the long run, their deployment can be justified.",這邊我先假設自駕車再未來的安全程度一定會超過人類駕駛，那在這個情況下用路人風險的論點就不存在，因為讓人類駕駛只會增加行人的危險，所以我們只需討論責任歸屬問題。那在自駕車車禍率比較低的情況下，我認為因為責任歸屬問題而限制自駕車，等於變相使車禍率增加徒增死亡。所以應該同意自駕車上路。,把效益優先當成判斷自駕車能否部署的首要考量，看似合理，但它的根本問題是責任歸屬問題，我們可能都會覺得責任歸屬很簡單，只要出事就是公司要負責，但其實有時候出事是路上行人違規，但若是人類來駕駛的話其實可以避開，那這個時候責任就很難歸屬，因為是行人有錯在先，但在因果上如果是人來開車的話有能力避開。,"堅持(Defend)：批評不成立，我的立場完全不變，我能說明為什麼。The objection fails. My position does not change, and I can explain why.",批評不成立，因爲若能降低死亡率的話，我認為生命的價值應該放在責任歸屬問題之上，我認為一個改變肯定有利有弊，對我來說保護生命的利益是無法被比較的。,雖然我們拯救了更多生命，但是責任歸屬的困難是無法避免的，這將會使法院的判決出現困難，法規的迭代也需要很多時間才能適應新世代的交通模式,我認為讓我困惑的點是我們是否真的能準確判斷自駕車比人類更安全了，我們所使用的數據是否有偏差，或是我們測量個方式有偏差，我們該如何確定現在的研究方法是正確的
2026/04/28 18:10:21,"一般用路人風險保護優先 (Road User Protection First)：自駕車的研發與測試風險，不應主要由行人、騎乘者與其他一般用路人承擔。The risks of developing and testing self-driving cars should not fall mainly on pedestrians, cyclists, and other road users.",因為自駕所帶來的受害者，其權益受到損害，基於倫理道德，必須有單位或人對其進行賠償，且騎乘者無法作為造成事故的責任者，不必為該事故負責,責任分擔較為麻煩，且這樣發展自駕車的效率低下,"限定(Qualify)：批評部分成立，但我的核心立場不變，只是需加上特定條件或在特定情形下成立。The objection is partly valid, but my core position remains the same. It only holds under certain conditions or in certain cases.",即使效率低下，人的權益也是大於一切，應該在限定一些條件（例如要限定在某些安全的區域測試自架車，且通知該地區的用路人注意）,自駕車的開發單位可能因為開發效率低而得不到什麼收益,自駕車的騎乘者有沒有權限去操控正在行駛的車輛，如果不行，那發生意外時騎乘者受損的權益由誰來擔保，如果可以，那騎乘者在造成事故時需不需要承擔責任，即使當時沒有操縱車輛
2026/04/28 18:10:23,"效益優先 (Benefit First)：只要長期能顯著降低整體交通死傷，自駕車部署就可被接受。If self-driving cars can significantly reduce overall traffic injuries and deaths in the long run, their deployment can be justified.",在 Uber 自駕車事故中，雖然測試造成傷亡，但如果自駕車長期可以降低整體交通事故與死傷，那就優先考量整體效益，所以問題在於停用緊急剎車系統，並不在於自駕車本身這件事,把長期效益當成判斷自駕車可不可以部署的首要考量，看似合理，但它的根本問題是可能把少數人的生命風險合理化了，因為它忽略（或犧牲了）所有人不應該在任何情況下當作代價之一。,"堅持(Defend)：批評不成立，我的立場完全不變，我能說明為什麼。The objection fails. My position does not change, and I can explain why.",批評不成立，因為以長期效益來看可以降低事故，本質上來說是降低了所有人被當成代價，所以我認為批評站不住腳。,如果我有優先採取效益優先，代價是在測試階段部分行人與乘客需承擔比較高的風險，個別安全權利被放在整體利益之後，所以我覺得如果長期能降低整體事故，這個代價是可以接受的，但還是應該透過安全監管和補償機制保障受害者權益。,目前最讓我猶豫的點是 是否可以為了追求長期的效益，去接受少數人在短期內承擔的風險。雖然自駕車可能可以降低整體事故，但要個別受害者承擔技術發展的代價，我覺得還是有點不公平
2026/04/28 18:10:25,"一般用路人風險保護優先 (Road User Protection First)：自駕車的研發與測試風險，不應主要由行人、騎乘者與其他一般用路人承擔。The risks of developing and testing self-driving cars should not fall mainly on pedestrians, cyclists, and other road users.","P1（事實）：在 Uber 自駕車致死事故案例中，在公共道路上運行，並發生撞擊行人的致命事故，來自於其技術尚未成熟，存在一定的風險，且此風險由一般路人承受。
P2（規範）：我主張「一般用路人風險保護優先」，其核心價值在於個體不應被承擔技術發展所帶來的不確定性，不應轉嫁給無法選擇是否參與的一般用路人，而應由開發者或可控制風險的一方承擔。
C（結論）：在自駕車技術尚未成熟、風險仍具有高度不確定性的情況下，開發者與企業不應直接將測試於一般公共道路，使一般路人承擔風險，而是應該優先透過可控環境進行測試，或在具備充分安全保障與風險控管機制後再逐步開放使用。",把「一般用路人風險保護優先」當成判斷自駕車能否部署的首要考量，看似合理，但它的根本問題是將風險不可轉嫁的要求推到過於嚴格的程度，接近排斥尚未完全成熟技術的實際應用，因為它犧牲了透過技術進步降低整體傷亡的機會，使風險在總量上反而無法有效下降。,"堅持(Defend)：批評不成立，我的立場完全不變，我能說明為什麼。The objection fails. My position does not change, and I can explain why.",批評不成立，因為追求技術進步所強調的是未來可能降低事故的結果，但這種結果本身具有不確定性，且不能正當化在過程中對無辜用路人的實際傷害。,"開發者、企業可能的價值與利益可能會因此遭到排除，他們所需付出的代價就是技術的進步將會受到多重阻撓，我認為可以透過先測試模型或機器人，等到事故範圍降到接近某個立法程度
開發者與企業的利益與發展速度可能會受到限制，技術進步也可能因此延後，甚至面臨較多制度與測試門檻的阻礙。但這樣的代價並不等於否定技術發展，而是需要在更嚴格的安全條件下推進，例如先透過模擬環境、封閉場域或機器人測試，逐步降低事故風險，直到達到社會與法規可接受的安全標準後再進入公共道路。",
2026/04/28 18:10:38,"一般用路人風險保護優先 (Road User Protection First)：自駕車的研發與測試風險，不應主要由行人、騎乘者與其他一般用路人承擔。The risks of developing and testing self-driving cars should not fall mainly on pedestrians, cyclists, and other road users.","P1 在自駕車進行測驗的時候，確實有路人遭自駕車應感測不當而出車禍致死，如果日後在有相同的情形發生時，不先把出事故率降到最低的話，那上市也沒有解決當前交通問題痛點，反而造成更多死傷產生。
P2 因此我主張一般用路人風險保護優先，此原則的核心價值是以用路人的生命安全為第一保障，在還沒確保自駕車能夠安全上路之前，不應拿路人的生命來當測試資料，並不是所有路人都會有使用自駕車的需求，我們應該保護他們免受需要自駕車而進行研發的相關人員，進行風險承擔。
C 我認為在這類自駕車的案例中，研發公司須測試後先把事故率降到最低後，才能進行實際上路的測試，並且研發人員或許可以統計自願的受試者，或是就單純以公司人員進行測試，才不會又有路人遭撞的情形發生。",把一般用路人風險保護優先當成判斷自駕車能否部署的首要考量，看似合理，但它的根本問題是在自駕車還沒上路之前，我們都不確定它會帶來什麼交通事故的風險，因為它忽略推行新技術本來就需要時間適應，並輔以實驗數據進行調整分析，如果我們因為它有風險而不進行研發，那麼這項新技術就永遠不可能上市。,"限定(Qualify)：批評部分成立，但我的核心立場不變，只是需加上特定條件或在特定情形下成立。The objection is partly valid, but my core position remains the same. It only holds under certain conditions or in certain cases.",批評部分成立，但我的立場在測試者知情同意的條件下仍然能成立，因為測試本來就會有風險，如果在事前就先向測試者進行通知或風險評估，他們可以決定是否要繼續參與這項實驗，且可能因他們的貢獻，讓整體自駕車事故率降到最低，當然如果真的不幸發生事故，我認為研發公司必須負起最大的責任。,研發公司或員工會付出蠻大的代價，因為他們必須確保自駕車上路前真的能安全行駛，如果在實驗或是上市出問題了，最主要負責的人還是他們，因為我們保障的是一般用路人的風險優先，其餘人可能就可以免於責罰(例如：駕駛)，因此我認為還是得要有政府出馬，訂定自駕車的發展法規與獎勵辦法，否則全部的責任都讓研發人員背，其餘人坐享其成也很不妥當。,
2026/04/28 18:10:45,"效益優先 (Benefit First)：只要長期能顯著降低整體交通死傷，自駕車部署就可被接受。If self-driving cars can significantly reduce overall traffic injuries and deaths in the long run, their deployment can be justified.",交通事故長期以來已經造成大量死亡，而根據研究顯示，自駕車在發展成熟後有潛力降低整體事故率。應優先採取效益優先原則，其核心價值在於強化整體的公共安全，透過降低事故造成的傷亡來增加社會利益。在風險可控且能改進的前提下，政府應該允許自駕車的發展與部屬，但也要同時建立監督與測試機制，確保其長期能帶來安全的提升,把效益優先當成判斷自駕車能否部署的首要考量，看似合理，但它的根本問題是可能已整體的利益為優先將風險轉移到少數人身上，因為它忽略個體生命都是不能被犧牲，特別是對那些無辜的用路人而言是相當不公平的,"限定(Qualify)：批評部分成立，但我的核心立場不變，只是需加上特定條件或在特定情形下成立。The objection is partly valid, but my core position remains the same. It only holds under certain conditions or in certain cases.",批評部分成立，但我的立場在風險可控且有完善監督機制的條件下仍然能成立，因為只要能透過測試與制度的設計就能夠降低對個體的不公平，自駕車在長期上的安全與減少事故率的效益還是更為重要的,採取利益優先的代價在於，可能讓少數群族承受較高的風險，特別是在技術還尚未成熟的時候，部分的用路人也可能成為過程中的受害者。這些風險將由用路人承擔，而企業與社會可能從中受益。我認為這樣的代價在嚴格限制下是可以接受的，但必須要有完善的監督機制、補償與責任歸屬，去減少對個體的不公平，讓風險不會被不合理的轉移,在自駕車尚未成熟的情況下，應該在甚麼程度上讓其上路；太早上路可能讓用路人承受風險，但過度的限制可能讓其技術進步緩慢，並拖延安全的提升，這之間的平衡讓我難以著墨
2026/04/28 18:10:50,"一般用路人風險保護優先 (Road User Protection First)：自駕車的研發與測試風險，不應主要由行人、騎乘者與其他一般用路人承擔。The risks of developing and testing self-driving cars should not fall mainly on pedestrians, cyclists, and other road users.",在事故中，路人並沒有選擇權，自駕車的風險企業是知道的，但路上的行人卻在不知情的情況下被迫承擔此風險，且好處拿不到，一旦相關了一定是壞處（受傷等），因此我主張一般用路人風險保護優先，我認為核心價值為分配正義，技術的正當性不應該由全民共同承擔，應該建立在不轉嫁不對等風險下，由具選擇權的企業主要承擔，最後是我認為企業不應該在未確保自駕車的最高優先級是公共安全的情況下將車開上公共區域，將其視為實驗場所，而政府應該嚴格規範門檻，要求企業證明最低風險標準。,把一般用路人風險保護優先當成判斷自駕車能否部署的首要考量，看似合理，但它的根本問題是過度保守的風險規避會導致技術無法有效率的進步且可能造成無法避免的整體生命損失，因為它忽略自駕技術相較於人類駕駛在長期尺度下能挽救的更多生命總數（例如酒駕等）,"限定(Qualify)：批評部分成立，但我的核心立場不變，只是需加上特定條件或在特定情形下成立。The objection is partly valid, but my core position remains the same. It only holds under certain conditions or in certain cases.",批評部分成立，但我的立場在確保測試風險不低於人類駕駛現有的安全基準且具備知情同意補償機制條件下仍然能成立，因為我們不能為了追求未來的長遠效益，而賦予企業在當下無限制地轉嫁非自願風險給無辜第三方的特權，且不能因為對未來不確定的想像而傷害到現有的用路人權益,"首要代價為技術進步的限制與潛在的整體傷亡人數無法減少，因為要求嚴格的規範必定會延緩此技術的發展，且或許會因為自駕發展的不夠快反而無法降低原本人為的事故發生，如果自駕技術快速發展，或許能夠規避一些人為悲劇。
但我依舊認為這個代價是值得付出的，因為我們並不能夠確保ai一定能夠比人類更佳，在無法控制機器之前，我認為還是得先確保原本不會受波及的民眾安全，而且這樣才能培養大眾對於自駕的信心，對企業後續的商業行為也比較有利",我認為最令人猶豫的是，在測試的過程中，我們並不能確保做的選擇會導致什麼樣的後果，處於一個用生命在試錯的過渡期。我們深知這項技術有可能帶來美好的未來，但又恐懼在抵達終點前，我們必須在倫理上做出的妥協，即容忍某些無辜者成為科技進化過程中的必要損害。
2026/04/28 18:11:02,"效益優先 (Benefit First)：只要長期能顯著降低整體交通死傷，自駕車部署就可被接受。If self-driving cars can significantly reduce overall traffic injuries and deaths in the long run, their deployment can be justified.","P1 自駕車事故案例中，雖然單一事故造成嚴重傷亡，但整體而言，人類駕駛每年造成的交通事故的機率遠高於目前自駕車的測試事。
P2 我主張應以效益優先作為首要原則，其核心價值是最大化整體福祉。也就是說，一項技術若能在長期顯著降低總體傷亡，即使短期內存在風險，仍具有倫理上的正當性。
C 企業與政府應做的是降低風險、改進系統，而不是停止技術。只要長期能確實降低整體交通傷亡，自駕車的部署在倫理上是可以被接受的。",把效益優先當成判斷自駕車能否成功部署的首要考量，看似合理，但它的根本問題是可能以整體利益之名，正當化對少數無辜個體的風險轉嫁與傷害，因為它忽略了不知情的行人與一般用路人的權利與公平性,"堅持(Defend)：批評不成立，我的立場完全不變，我能說明為什麼。The objection fails. My position does not change, and I can explain why.",批評不成立，因為雖然效益優先可能導致部分風險轉嫁給個體，但這並不代表忽視路人的權利，而是透過法律制度的設計來將風險降低。同時如果拒絕任何存在風險的技術發展，反而會維持目前由人類駕駛所造成的高事故率，導致更多人長期受害。,被自駕撞到而受傷的人，但沒有關係，我被自駕撞死的機率比被酒駕或老人家或無照猴撞死的機率低，所以值得,沒有
2026/04/28 18:11:03,"一般用路人風險保護優先 (Road User Protection First)：自駕車的研發與測試風險，不應主要由行人、騎乘者與其他一般用路人承擔。The risks of developing and testing self-driving cars should not fall mainly on pedestrians, cyclists, and other road users.","P1：有用路人被自駕車撞死
P2：我主張一般用路人優先，一般用路人在路上不該無端變成被實驗的對象
C：自駕車公司應該要自行設置實驗場地去收集數據",把一般用路人風險保護優先當成判斷自駕車能否部署的首要考量，看似合理，但它的根本問題是這樣會讓自駕車學習數據變少，因為它忽略了學習效率,"堅持(Defend)：批評不成立，我的立場完全不變，我能說明為什麼。The objection fails. My position does not change, and I can explain why.",批評不成立，因為效率不該大於人的權益，如果這裡還包含了人的性命以及身體，這些東西是更為重要的,我放棄了整體用路人可能可以更快迎來自駕車帶來的較安全的情況，但是我前面已經說明過，效益不該大於權益,
2026/04/28 18:11:10,"一般用路人風險保護優先 (Road User Protection First)：自駕車的研發與測試風險，不應主要由行人、騎乘者與其他一般用路人承擔。The risks of developing and testing self-driving cars should not fall mainly on pedestrians, cyclists, and other road users.","P1（事實）：自駕車透過感測系統辨識路況 ，並由決策系統判定行人穿越需禮讓等行為。然而在一些事故中，系統可能因感知錯誤或決策瑕疵，導致行人等弱勢用路人受到傷害。 
P2（規範）：一般用路人風險保護優先。核心價值是非自願風險。
自駕車的測試多由企業主導以獲取未來商業利益，而一般用路人並未簽署實驗同意書卻被迫暴露在未成熟技術的風險中，不應為了少數企業的進步而犧牲無辜路人的生命安全。
C（結論）： 開發商不應在缺乏高度安全保障的情況下，將公共道路視為實驗場所。政府應強制要求在系統具備百分之百辨識弱勢用路人的能力，且發生異常能立即停等的前提下，才准許上市 。",把 一般用路人風險保護優先 當成判斷自駕車能否部署的首要考量，看似合理，但它的根本問題是 過度強調個體避險而阻礙集體安全，因為它忽略（或犧牲了） 每年因人為失誤導致的數萬起的交通事故。,"限定(Qualify)：批評部分成立，但我的核心立場不變，只是需加上特定條件或在特定情形下成立。The objection is partly valid, but my core position remains the same. It only holds under certain conditions or in certain cases.",批評部分成立，但我的立場在自駕車技術安全性顯著高於人類駕駛且具備完善補償機制條件下仍然能成立，因為雖然我們不能因此放棄此項技術，但必須確保測試階段的風險已被降至比一般人類駕駛更低，且所有非自願承擔的風險都必須有對應的社會補償。,"代價：研發時程將大幅拉長，且自駕車初期可能因極度保守的駕駛邏輯造成道路壅塞。

誰來承擔：由自駕技術開發公司需投入極高安全成本以及期待透過自駕解決運輸痛點的人群例如長途貨運業來承擔。

是否值得以及減緩代價方式： 我認為值得，因為生命價值是無價的。可透過建立專屬測試場或低速封閉區域逐步推廣，以補償社會對技術進步的急迫需求。",
2026/04/28 18:11:11,"一般用路人風險保護優先 (Road User Protection First)：自駕車的研發與測試風險，不應主要由行人、騎乘者與其他一般用路人承擔。The risks of developing and testing self-driving cars should not fall mainly on pedestrians, cyclists, and other road users.",在已經發生UBER自駕車產生事故，造成一名行人死亡的前提下，應以一般用路人風險保護優先，科技的創新所帶來的風險不應由其他用路人來承擔，道路上的使用者是有金字塔階級的，若擅自投入未完善的駕駛系統，位於金字塔頂端的高風險用路人會承擔更多額外的風險，例如行人，自行車等事故死亡率高的用路族群，因此，Uber應避免投入不夠完善的自動駕駛系統，並確保投入該系統的風險能夠低於或等同於傳統人工駕駛的風險,科技創新本身就會帶來風險，沒有實際道路測試的數據來改善，很難蒐集自動駕駛的資料並提高安全率，為了保護弱勢用路人而禁止實際道路測試自動駕駛，反而是把科技無法進步的社會成本投射到所有族群,"限定(Qualify)：批評部分成立，但我的核心立場不變，只是需加上特定條件或在特定情形下成立。The objection is partly valid, but my core position remains the same. It only holds under certain conditions or in certain cases.",科技來自人性，不能為了科技的進步變去犧牲部份族群的權益。但科技創新也是必需的，基於此可以設立一些條件，例如要測試實際數據的話，可以開方路段並提前告知其他用路人，或對自動駕駛的車輛有醒目表示，可以讓其他用路人認出該車輛在測試階段，讓用路人可以提前避免風險,選擇用路人風險保護優先會降低科技發展的速度，若該科技長期下來可以降低死傷率，會犧牲這方面的利益，但我認為代價是值得的，不過依舊可以透過前一題提過的，公告測試路段，或醒目測試車輛，依舊可以達到蒐集數據的目的,
2026/04/28 18:11:15,"責任追溯與課責優先 (Accountability First)：若事故發生後無法清楚追溯責任、說明決策依據並進行有效課責，則不應部署。If, after an accident, responsibility cannot be clearly traced, the basis of the decision cannot be explained, and effective accountability cannot be imposed, then deployment should not be allowed.","事故發生需要清楚追溯責任、說明決策依據並進行有效課責。
應該以此為發展前提，這樣的話過程也會比效益優先來的嚴謹，因為在當前的環境下，行為還是需要受到法律的控管，相關責任的行為歸屬還是有必要性。
科技公司應該負起開發的基礎責任，像是不該把還沒發展成熟或未經允許的技術運用在實際道路上，造成危險可能性。政府應該和企業共同合作，發展技術同時也要讓法律層面一起跟進，還有民眾的教育和行為責任。",若以責任歸屬和課責優先看似合理，但是其根本目的還是保護人們的安全，犧牲了可以快速發展出有規模的技術的機會，快速迭代其實有機會可以讓整個駕駛環境更安全。,"堅持(Defend)：批評不成立，我的立場完全不變，我能說明為什麼。The objection fails. My position does not change, and I can explain why.",批評不成立，因為首要還是要完善整個社會體系的發展，不該單獨讓某個層面如科技，特別成長上升。,雖然可能拖延到技術的發展，但是只是小部分（部署），在測試或是其他應用的前沿技術還是可以繼續前進，而且若法律有顧慮或明確規範到相關的技術測試時，其實也有所幫助。,如果UBER自動車的案例中，人還是在駕駛位上，這樣的狀況還是屬於AI倫理嗎？還是是駕駛人的問題
2026/04/28 18:11:21,"一般用路人風險保護優先 (Road User Protection First)：自駕車的研發與測試風險，不應主要由行人、騎乘者與其他一般用路人承擔。The risks of developing and testing self-driving cars should not fall mainly on pedestrians, cyclists, and other road users.","P1：自駕車尚處於開發階段，尚未成熟，容易失誤---一般用路人不該承擔這個風險
P2：避免讓自駕車風險轉嫁到一般用路人身上
C：企業應在推出前確保自己的產品到達標準，建立嚴格的測試限制，若安全性不足，不該允許大規模測試／部署",把一般用路人風險保護優先當成判斷自駕車能否部署的首要考量，看似合理，但它的根本問題是風險管理過度嚴格，因為它忽略了人類自己造成車禍的可能性,"修正(Revise)：批評很可能成立，我的核心立場會有很大調整，即使整體方向不變。The objection is likely valid, so my core position needs major revision, even if its overall direction remains the same.",批評很可能成立，我需要調整並放寬自駕車的標準，但整體方向仍是用路人安全優先，除了正常用路人不該承受實驗性的風險外，發展成熟的自駕車應無這類差錯---可藉機督促自駕車的安全性發展,付出的代價是自駕車未來的發展與現階段的安全維護成本，想要為此投資的人們、廠商還有希望推動自駕車的政府都要為此承擔。但是這是值得付出的---可以透過補助研發獎勵金來補償，促進安全與功能的開發,
2026/04/28 18:11:26,"一般用路人風險保護優先 (Road User Protection First)：自駕車的研發與測試風險，不應主要由行人、騎乘者與其他一般用路人承擔。The risks of developing and testing self-driving cars should not fall mainly on pedestrians, cyclists, and other road users.",我選擇一般用路人風險保護優先。在 Uber 自駕車事故中，行人與其他用路人可能並未同意參與測試，但卻因技術不完全成熟而承擔風險。此原則的核心價值是保護那些無辜受風險的人。因此，若自駕車尚未證明足夠安全或技術成熟，就不應進入公共道路測試。,把一般用路人風險保護優先當成判斷自駕車能否部署的首要考量，看似合理，但它的根本問題是可能不足以處理事故後的責任歸屬，因為它忽略了自駕車背後的企業、工程師與監管者之間的責任。,"限定(Qualify)：批評部分成立，但我的核心立場不變，只是需加上特定條件或在特定情形下成立。The objection is partly valid, but my core position remains the same. It only holds under certain conditions or in certain cases.",批評部分成立，但我的立場在同時建立責任追朔機制的條件下仍然能成立，因為保護一般用路人仍是自駕車能夠實施的最基本的要求。只是若缺少責任追溯與事故後課責，出事時可能會造成企業、安全駕駛或監管單位互相推謝責任。,選擇一般用路人風險保護優先的代價是，自駕車測試的整體週期變長、成本變高，技術帶來的利益也可能下降。這些代價主要由企業、研發者與投資商承擔。但我認為值得，因為一般用路人沒有同意參與實驗，不應承擔主要風險，且我認為可以在人煙稀少的地方透過模擬出上路時可能會發生的各種情況，將事故率控制接近或小於一般車輛事故率時才可上路。,"我最不確定的是，自駕車要安全到什麼程度，才算有資格進入公共道路測試，畢竟０風險是幾乎不能實現的，但技術又不能固步自封，我能想到的可能是在地方舉辦公投讓民眾自行決定
"
2026/04/28 18:11:29,"一般用路人風險保護優先 (Road User Protection First)：自駕車的研發與測試風險，不應主要由行人、騎乘者與其他一般用路人承擔。The risks of developing and testing self-driving cars should not fall mainly on pedestrians, cyclists, and other road users.","P1(事實）在UBER的實驗事故中，路人是沒有經過同意之下就被迫參與測試，而導致被迫承擔實驗風險
P2（規範）核心價值是「人本權利跟風險公正」任何人都不能在未經同意之下去參加實驗，科技的進步不能踩著無辜的人往上
C（結論）實驗場地不應該是在公共場所上進行測試，會危險到路人之外，風險跟後續承擔責任沒有釐清問題，應與在封閉環境下進行測試",把一般用路人風險保護優先當成判斷自駕車能否部署的首要考量，看似合理，但它根本的問題是過度的謹慎而發生的機會成本，因為他忽略了在封閉環境下與實際情況（高峰期人流）是沒辦法模擬的，而原本可以靠著自駕車挽救生命卻被忽略掉了,"堅持(Defend)：批評不成立，我的立場完全不變，我能說明為什麼。The objection fails. My position does not change, and I can explain why.",批評不成立，因為我們的科技其實可以喂給他們高峰期的數據讓他去學習，而不是在高峰期的時候去實驗自駕車，這樣對路人不公平，侵犯到路人的基本人權，權利應該優先於程序，不能為了科技的進步反而踐踏活生生的安全保障,我覺得所付出的的代價是成本的提高，那麼成本的提高就會是公司去承擔，我覺得補償是政府的政策可以補貼公司，畢竟科技的進步難免也要有政府提供幫助，可以讓公司所承擔的代價可以減少一點,
2026/04/28 18:11:30,"一般用路人風險保護優先 (Road User Protection First)：自駕車的研發與測試風險，不應主要由行人、騎乘者與其他一般用路人承擔。The risks of developing and testing self-driving cars should not fall mainly on pedestrians, cyclists, and other road users.","P1（事實）：Uber 系統因減少煞車不適而誤判行人，受害者未經同意且未從測試中獲益，卻承擔了致命風險。
P2（規範）：首要考量為「一般用路人風險保護」。核心價值是尊重非自願參與者的生命權，反對為了未來的群體利益而將無辜第三方當作實驗手段。
C（結論）：企業在開放道路測試前，必須證明安全性不低於人類駕駛，風險應由企業在封閉場域消化，而非轉嫁給用路人。",把「一般用路人風險保護」當成判斷能否部署的首要考量，看似合理，但它的根本問題是導致研發停滯，因為它忽略了延遲部署將使社會繼續承受大量「人為駕駛疏失」所造成的傷亡。,"限定(Qualify)：批評部分成立，但我的核心立場不變，只是需加上特定條件或在特定情形下成立。The objection is partly valid, but my core position remains the same. It only holds under certain conditions or in certain cases.",批評部分成立，但我的立場在「動態安全基準與風險補償」條件下仍成立。因為企業應在證明模擬測試已窮盡已知風險，並配備高度冗餘系統的前提下，才能進行限度部署，確保不增加現有的道路基線風險。,"代價：研發時程延後與合規成本劇增。
承擔者：研發企業與未來受惠的使用者。
評估：此代價值得，因為社會信任是技術落地的基礎。
補償：應採取企業絕對責任制補償受害者。",無
2026/04/28 18:11:33,"一般用路人風險保護優先 (Road User Protection First)：自駕車的研發與測試風險，不應主要由行人、騎乘者與其他一般用路人承擔。The risks of developing and testing self-driving cars should not fall mainly on pedestrians, cyclists, and other road users.","P1:測試時未優化車輛且直接投入實際狀況實測造成傷亡，
P2:我主張一般用路人風險保護優先，不該讓未得知該車輛為測試用自駕車的用路人承擔會造成傷亡的風險
C:根據 P1 和 P2，車輛開發商應做好實測突發狀況的配套措施，或在實測之前就能保證目前技術發展不會造成傷亡。",把一般用路人風險當成判斷自駕車能否部署的首要考量，看似合理，但它的根本問題是道路上會發生的例外太多，因為它忽略了車輛駕駛人及其他用路人也會發生問題。,"堅持(Defend)：批評不成立，我的立場完全不變，我能說明為什麼。The objection fails. My position does not change, and I can explain why.",批評不成立，因為那是所有用路人都要遵守的法規，不應該因為該車輛是自駕車而有法外特例,"犧牲了那些因特殊情況受到傷害或損害的人的權益
政府可以訂定相關法規或配套賠償措施",
2026/04/28 18:11:36,"效益優先 (Benefit First)：只要長期能顯著降低整體交通死傷，自駕車部署就可被接受。If self-driving cars can significantly reduce overall traffic injuries and deaths in the long run, their deployment can be justified.",我之所以支持自駕車，是因為我用『長遠眼光』來看待這件事：雖然現在車子在練習時發生了小意外，讓我們很難過，但因為人類駕駛原本就會因為分心或疲勞而犯下很多錯誤，而自駕車只要經過不斷修正，未來就能變得比人類更專心、更不會犯錯，這樣反而能救下更多的人、讓交通變得更安全。所以，我們不應該因為現在的一點挫折就放棄，而是應該要更嚴格地要求開發者找出問題並改進，一步步讓這項技術變成熟，因為我們是在為了未來所有人都能更平安地回家而努力！,雖然我們想著為了未來的平安而嘗試自駕車，但把這個想法當成第一優先，其實有一個很嚴重的問題：那就是我們可能會不小心把路上的行人當成『實驗小白鼠』。大家想想看，如果這台車只是在練習，卻發生意外害到了沒準備好的人，這對那個人來說是非常不公平的！因為這個原則只在乎『總成績』變好，卻犧牲了那一小部分被撞到的人的權利與安全，讓他們變成了大人追求科技進步下的『犧牲品』，這讓很多人覺得，這種為了未來的好處，卻讓現在無辜的人冒險的做法，在道德上是很不公平的。,"限定(Qualify)：批評部分成立，但我的核心立場不變，只是需加上特定條件或在特定情形下成立。The objection is partly valid, but my core position remains the same. It only holds under certain conditions or in certain cases.",原本我覺得只要看『未來的總成績』就好，但現在我覺得這樣想太簡單了，所以我加了一點點修正：我們可以繼續支持自駕車進步，但前提是開發者必須先做到兩件事。第一，他們要先誠實地告訴大家哪些路段在測試，不能把不知情的人當成實驗品。第二，如果真的發生了意外，開發車子的公司要主動負起全責，把受傷的人照顧得非常好。簡單來說，效益優先是為了救以後更多的人，但我們不能為了達成這個目標，就對現在受傷的人冷漠，我們必須同時保護好現在的每一個人，這才是最公平的做法。,"這就像是我們為了蓋一座超級安全的新橋，必須走得比預期慢一點、花錢請更多工程師來檢查一樣。這樣做的『代價』就是，這座橋不能很快蓋好，我們還得多忍受一段時間舊橋的麻煩。

誰在承擔這個代價呢？第一個是辛苦蓋橋的公司，他們會賺得慢一點；第二個是我們大家，因為在橋蓋好前，我們還是得冒著舊橋的風險。但是我覺得這個代價值得付，因為如果我們為了求快而隨便蓋一座不穩的橋，大家反而會更危險。為了讓過程更順利，我們可以請政府幫忙監工，或是提供一些補助，讓蓋橋的公司更有動力把橋蓋得又穩又好。我們現在多花一點點心思保護大家，是為了確保以後這座橋能真正保障每個人平安回家。",效益與風險的量化門檻，究竟該由誰來定義？
2026/04/28 18:11:38,"效益優先 (Benefit First)：只要長期能顯著降低整體交通死傷，自駕車部署就可被接受。If self-driving cars can significantly reduce overall traffic injuries and deaths in the long run, their deployment can be justified.","P1：在 Uber 自駕車事故案例中，雖然自駕技術仍可能發生錯誤，但人類駕駛本身每年也造成大量交通事故、傷亡與酒駕問題。若自駕技術在長期發展後能有效降低整體交通死亡率與人為失誤，則其社會效益可能比較好

P2：我主張應優先考量「效益優先」。倫理判斷不應只聚焦於單一事故，而應評估一項技術是否能在整體上減少更多傷害與死亡。即使新技術存在短期風險，只要它能在長期顯著改善交通安全，就會對社會有幫助

結論：自駕車不應因單一事故就被全面禁止，而應在更嚴格的安全監管、測試標準與人類監督條件下持續發展。政府與企業應降低部署風險，同時保留技術改善整體交通安全的可能性。",把效益優先當成判斷自駕車是否應部署的首要原則，看似合理，但它的根本問題是可能為了追求社會的交通效益，而讓無辜的一般用路人被迫承擔尚未成熟技術的風險，因為它犧牲了個人的安全權利,"限定(Qualify)：批評部分成立，但我的核心立場不變，只是需加上特定條件或在特定情形下成立。The objection is partly valid, but my core position remains the same. It only holds under certain conditions or in certain cases.",批評部分成立，但我的立場在自駕技術受到嚴格安全監管、持續測試與人類監督的條件下仍然能成立，因為效益優先可能忽略部分個人風險與公平性問題，但如果自駕技術能在長期大幅降低交通事故與死亡率，社會整體仍能獲得更大的公共利益。,這些代價主要由一般民眾、事故受害者及其家屬承擔。但在自駕技術有機會長期大幅降低交通事故與死亡率的前提下，透過提高測試標準、限制高風險部署區域，以及提供事故受害者充分補償，可以在推動技術發展的同時，減輕這些代價與不公平性。,社會究竟應該在什麼程度上接受新技術發展過程中的風險。雖然自駕技術有可能在長期降低大量交通事故與死亡，但在技術尚未成熟時，仍可能有無辜的人因此受害。我不確定的是，是否可以為了未來可能獲得的整體利益，而讓現在的部分人承擔無法完全避免的風險。
2026/04/28 18:11:39,"效益優先 (Benefit First)：只要長期能顯著降低整體交通死傷，自駕車部署就可被接受。If self-driving cars can significantly reduce overall traffic injuries and deaths in the long run, their deployment can be justified.","P1:目前uber自駕車的效益還不夠高，造成的事故率偏高，離被接受還有距離
P2: 效益優先，只要能提升uber自駕車的效益，就能提升其可被接受性
C:在自駕車案例中，公司應該儘可能模擬和訓練以提升其效益和降低風險，使大眾接受","把效益優先當成判斷自駕車能否部署的首要考量，看似合理，但它的根本問題是他的優化和進步的過程，因為它忽略（或犧牲了）在這過程當中其他用路人承擔的風險。」
","放棄(Concede)：批評成立，我改變立場了。The objection is valid, and I change my position.",批評成立，因為我們無法確認在長期訓練之後事故率是否會下降和效益是否會提升，如果最終結果是沒有提升效益，則在訓練過程中發生的事故和傷亡等於用路人白白犧牲了，所以我改變立場了,效益優先的立場有的代價是優化的過程會造成許多事故，犧牲的是所有用路人的權益，可以由政府或是相關機構制定相關法律來保障他們的權益,要如何在自駕車測試范圍和用路人承擔風險跟法律保障之前取得平衡
2026/04/28 18:11:40,"一般用路人風險保護優先 (Road User Protection First)：自駕車的研發與測試風險，不應主要由行人、騎乘者與其他一般用路人承擔。The risks of developing and testing self-driving cars should not fall mainly on pedestrians, cyclists, and other road users.","自駕車研發過程中的所產生的風險本身就應該由開發商去做承擔，如果自駕車無法保護一般用路人的安全，那大多數人勢必會反彈自駕車上路。
所以我認為自駕車的開發過程中需要針對實際上路的開發測試做出完善的配套方案，同時配合政府協助在部分路段進行測試，以最大程度降低用路人風險。",把安全疑慮當成判斷自駕車能否部署的首要考量，看似合理，但它的根本問題是開發過程最後所需要的上路測試，因為它忽略（或犧牲了）最實際的交通狀況,"修正(Revise)：批評很可能成立，我的核心立場會有很大調整，即使整體方向不變。The objection is likely valid, so my core position needs major revision, even if its overall direction remains the same.",批評很可能成立，我需要調整在自駕車上路時的責任歸屬問題，但整體方向仍是以保護用路人安全，因為實際的交通狀況不排除像是他人酒駕造成事故把自駕車牽連進去的問題，那在這方面的責任歸屬就不屬於開發商了,"我認爲自駕車開發過程會變得很漫長且限制多，
那這樣開發成本提高的情況我認爲需要有配套方案提供開發商一定的便利性。",
2026/04/28 18:11:41,"一般用路人風險保護優先 (Road User Protection First)：自駕車的研發與測試風險，不應主要由行人、騎乘者與其他一般用路人承擔。The risks of developing and testing self-driving cars should not fall mainly on pedestrians, cyclists, and other road users.",在Uber事故當中，受害者通常都不是測試直接相關人員。主張風險分配應當公平性以及人有基本的安全權是應當優先於其他。根據以上，我認為在此類案例中，汽車公司的上級主管機關應當有相應規範、以及在取締方面應當更加嚴格。,把風險分配應當公平性以及人有基本的安全權是應當優先於其他、當成判斷自駕車能否部署的首要考量，看似合理，但它的根本問題是如果沒有考慮到實際測試的機會、是進階保障交通安全的必須，因為它忽略了沒有實際測試的數據，會沒辦法讓車子有更好的模板去運作。,"堅持(Defend)：批評不成立，我的立場完全不變，我能說明為什麼。The objection fails. My position does not change, and I can explain why.",批評不成立，因為我認為對於受害者而言，任何傷害可能性存在是非常不公平的。或許法律有規定賠償或判刑機制，但那都是補償過錯，而不是將所受到的傷害去除。,產業技術發展受到的限制會超多，我認為值得，因為誰也不希望那個被傷害的人是自己。,
2026/04/28 18:11:46,"效益優先 (Benefit First)：只要長期能顯著降低整體交通死傷，自駕車部署就可被接受。If self-driving cars can significantly reduce overall traffic injuries and deaths in the long run, their deployment can be justified.",自駕車的行徑叫人類駕駛好預測，較不易發生事故。我們主張效益優先，因為發展自駕車長期下來，會讓整體車禍受害的人變少。政府應該要發展並開放讓自駕車上路，因為這樣長期下來可以犧牲最少人。,把效益優先當成判斷自駕車能否部署的首要考量，看似合理，但它的根本問題是他破換了公平性與所有人的選擇權，因為它忽略有些人並不想要用當下的事故率換取長期效益。,"堅持(Defend)：批評不成立，我的立場完全不變，我能說明為什麼。The objection fails. My position does not change, and I can explain why.",批評不成立，因為這就像抽籤，我們不應該因為被抽到的人不願意而捨棄大眾的福祉。,我的立場放棄了公平性，因為這對這個時代的用路人不公平，但我認為這個代價值得付出，因為生在哪個時代跟是否發生意外事故都是隨機事件，會不會實際受害完全是運氣。,如果我喝酒後獨自在自駕車上，但坐在乘客坐，這樣算不算酒駕？
2026/04/28 18:11:50,"一般用路人風險保護優先 (Road User Protection First)：自駕車的研發與測試風險，不應主要由行人、騎乘者與其他一般用路人承擔。The risks of developing and testing self-driving cars should not fall mainly on pedestrians, cyclists, and other road users.","P1:在UBER自駕車事故中，系統未能及時辨識行人，自動煞車也沒用，導致行人死亡，該事故顯示一般路人面對自駕車很脆弱
P2:應優先採取 一般路人風險保護優先，他保護最脆弱者與避免將風險轉嫁跟無辜第三方
C:因此，在此類自駕車案例中，開發者與企業應優先確保行人安全。",把一般用路人風險保護優先當成判斷自駕車能否部屬的首要考量，看似合理，但她根本問題是過度偏重單一族群的安全，因為它忽略整體交通系統的總體效益。,"限定(Qualify)：批評部分成立，但我的核心立場不變，只是需加上特定條件或在特定情形下成立。The objection is partly valid, but my core position remains the same. It only holds under certain conditions or in certain cases.",批評部分成立，但我的立場在部會顯著增加乘客重大傷亡風險條件下仍然能成立，因為保護最脆弱且無防護的一般用路人，能避免風險不公平轉嫁並提升整體交通倫理與社會接受,"選擇「一般用路人風險保護優先」的代價在於，可能在某些情況下增加車內乘客的風險，甚至要求系統在極端情境中優先保護行人而犧牲乘客安全。這些代價主要由乘客承擔，並可能影響消費者對自駕車的接受度。

然而，我認為這樣的代價是可以被接受的，因為行人屬於最脆弱且缺乏防護的群體，優先保護他們有助於避免風險不公平地轉嫁給無辜第三方。",保護用路人與保障乘客安全之間做出具體取捨
2026/04/28 18:11:53,"一般用路人風險保護優先 (Road User Protection First)：自駕車的研發與測試風險，不應主要由行人、騎乘者與其他一般用路人承擔。The risks of developing and testing self-driving cars should not fall mainly on pedestrians, cyclists, and other road users.","P1:自駕車仍處於測試與不成熟階段，系統對複雜情境（如夜間行人辨識）存在明顯限制
一般用路人並未同意參與這項技術測試，卻承擔了潛在風險。
P2:主張應優先考量「一般用路人風險保護優先」，其核心價值是不得將高風險實驗性技術的風險，強加於未同意的無辜第三方
C:自駕車企業不應在無法充分保障一般用路人安全的情況下，在開放道路進行測試。在技術尚未成熟前，測試風險應主要由開發者承擔，而非社會大眾",把一般用路人風險保護當成判斷自駕車能否部署的首要考量，看似合理，但它的根本問題是過度限制技術發展，因為它忽略了自駕車長期下來可能大幅降低整體交通死亡與傷害的潛力。,"限定(Qualify)：批評部分成立，但我的核心立場不變，只是需加上特定條件或在特定情形下成立。The objection is partly valid, but my core position remains the same. It only holds under certain conditions or in certain cases.",批評部分成立，但我的核心立場不變，只是在「風險可控且分配合理」的條件下才允許部署，因為完全禁止會阻礙整體安全進步，但無限制部署則違反基本正義。,"優先保護一般用路人，會導致技術發展速度變慢以及社會可能較晚享受到自駕車帶來的整體安全提升。
誰承擔:科技公司（成本增加）、社會整體（延後潛在效益）
我認為值得但需要有補償與制度設計來降低代價：封閉場域測試",
2026/04/28 18:11:53,"責任追溯與課責優先 (Accountability First)：若事故發生後無法清楚追溯責任、說明決策依據並進行有效課責，則不應部署。If, after an accident, responsibility cannot be clearly traced, the basis of the decision cannot be explained, and effective accountability cannot be imposed, then deployment should not be allowed.","P1：在Uber自駕事故中，自駕系統未能即使閃躲障礙物或是正確識別行人，而人類缺乏留意及監控，導致責任歸屬在人為疏失和自駕系統設計缺陷的模糊地帶，產生法律的歸屬問題。
P2：我主張責任追溯優先，他的核心價值在實現維護法律責任的完整性和倫理的問責機制。因為自駕車不應該變成能逃避責任歸屬的黑箱操作，只有建立透明的問責機制，才可以確保他不會被用來逃避社會責任。
C：開發商在自駕車使用與研發應該有明確的責任歸屬機制，且必須有明確的責任歸屬架設，如果無法達到出事之後可追責，則不具備使用的正當性。",把責任歸溯與課責當成判斷自駕車是否能部署的首要考量，看似合理，但它的根本問題是過於強調事故發生後的公平、責任歸屬與處理程序，卻可能導致當前的技術停滯和公共安全的威脅，因為他犧牲了整體社會的安全性和科技研發的效率。,"限定(Qualify)：批評部分成立，但我的核心立場不變，只是需加上特定條件或在特定情形下成立。The objection is partly valid, but my core position remains the same. It only holds under certain conditions or in certain cases.",批評部分成立，但我的立場在涉及生命安全的暗箱操作條件下仍然能成立，因為如果我們允許無法問責的技術上路，一旦發生系統性大規模故障，那些造成的傷害將沒有人負責與賠償，甚至是面臨社會的信任危機。因此責任追溯不僅是事後的處理、罰則，也能達到事前預防與系統改進的功用。,優先選擇責任追溯可能會放棄自駕技術研發的普及，以及增加企業的研發成本，這個代價要由開發企業和社會大眾一起承擔。我認為這個代價是值得的，因為擁有了穩定技術和社會信任，才能讓自駕車發展走得長遠，否則缺乏正當責任歸屬，發生了事故會讓受害者無所適從。,自駕車的平均事故率確實遠低於人類駕駛，我們是否真的有必要為了追求責任歸屬而拒絕一個能救更多人命的技術？
2026/04/28 18:11:54,"一般用路人風險保護優先 (Road User Protection First)：自駕車的研發與測試風險，不應主要由行人、騎乘者與其他一般用路人承擔。The risks of developing and testing self-driving cars should not fall mainly on pedestrians, cyclists, and other road users.","
p1: in uber accident, the self-driving car didn’t recognize a pedestrian in time and caused a fatal crash. the person who was killed had no idea they were part of a test, but still ended up taking the risk.

p2: I choose road user protection first because it’s about fairness and not causing harm. It doesn’t make sense for people who didn’t agree to anything to carry the risks of new technology.

c: so, self-driving cars shouldn’t be tested freely on public roads yet. testing should happen in controlled or strictly supervised environments where the risk to the public is much lower.","treating road user as the primary consideration in deciding whether self-driving cars may be deployed may seem reasonable, but it's fundamental problem is it slows downs innovation, because it ignores the long term benefit","限定(Qualify)：批評部分成立，但我的核心立場不變，只是需加上特定條件或在特定情形下成立。The objection is partly valid, but my core position remains the same. It only holds under certain conditions or in certain cases.","the criticism is partly valid, but my position still holds under the condition that basic safety standards are met first, because protecting people from immediate and unfair harm should come before uncertain future benefits","prioritizing road user protection may slow down self-driving technology and delay its benefits. companies face higher costs, and society loses faster innovation. but the cos is worth it because immediate safety should come first. it can be reduced through controlled testing and strict regulations",
2026/04/28 18:11:56,"一般用路人風險保護優先 (Road User Protection First)：自駕車的研發與測試風險，不應主要由行人、騎乘者與其他一般用路人承擔。The risks of developing and testing self-driving cars should not fall mainly on pedestrians, cyclists, and other road users.","P1：AI分類系統在行人推車的情境下辨識失效，緊急煞車系統被停用，駕駛員也因為看影片沒來得及煞車
P2：我主張一般用路人風險保護優先，核心價值為非自願風險，因為行人或騎乘者不是自駕車測試的主動參與者，不應成為技術開發或測試成本下的犧牲品
C：駕駛員應該維持警覺，而不應僅將其視為一項被動觀察的工作",把一般用路人風險保護優先當成判斷自駕車能否部署的首要考量，看似合理，但它的根本問題是設定了過於理想化(不可能完全免除傷害)，因為它忽略了現有人類駕駛行為所造成的巨大傷亡。,"修正(Revise)：批評很可能成立，我的核心立場會有很大調整，即使整體方向不變。The objection is likely valid, so my core position needs major revision, even if its overall direction remains the same.",批評很可能成立，我需要調整利益與安全的比重?，但整體方向仍是希望能注重人身安全，因為人還是比較重要,駕駛員跟技術開發者要付出更多心力，但我覺得是值得付出的，保護好自己也保護好他人。,
2026/04/28 18:11:57,"一般用路人風險保護優先 (Road User Protection First)：自駕車的研發與測試風險，不應主要由行人、騎乘者與其他一般用路人承擔。The risks of developing and testing self-driving cars should not fall mainly on pedestrians, cyclists, and other road users.","P1：Uber自駕車仍在測試階段，卻於開放道路運行，使未同意的行人與用路人承擔風險。
P2：我主張一般用路人風險保護優先，核心在於避免將不可預期的風險強加於無辜者，保障基本安全權。
C：因此技術未成熟前，不應將風險轉嫁給一般用路人，應限制上路或強化安全措施。",把一般用路人風險保護優先當成判斷自駕車能否部署的首要考量，看似合理，但它的根本問題是過度強調零風險而阻礙技術發展，因為它忽略了自駕車在長期可能大幅降低整體交通事故與死亡的效益，反而可能讓更多人持續暴露在較高的交通風險中。,"限定(Qualify)：批評部分成立，但我的核心立場不變，只是需加上特定條件或在特定情形下成立。The objection is partly valid, but my core position remains the same. It only holds under certain conditions or in certain cases.",我選擇「限定」。這個反對意見指出自駕車可能帶來長期整體安全效益，確實具有說服力，因此一般用路人風險保護不應被理解為完全禁止任何上路測試。,此選擇的代價是可能延緩自駕車技術發展與普及，進而延後其降低整體交通事故的潛在效益。主要承擔者為企業與社會大眾。我認為此代價在一定程度上值得，因為保障無辜用路人的基本安全更具優先性，但可透過強化模擬測試、封閉場域實驗及完善補償機制來減緩其影響。,
2026/04/28 18:12:00,"責任追溯與課責優先 (Accountability First)：若事故發生後無法清楚追溯責任、說明決策依據並進行有效課責，則不應部署。If, after an accident, responsibility cannot be clearly traced, the basis of the decision cannot be explained, and effective accountability cannot be imposed, then deployment should not be allowed.",事實是事情發生後的責任難以單一歸責，所以我主張責任優先，它的核心價值在於事情發生後能清楚的歸責，明確主要責任，在這個案例中我覺得科技公司可以建立清楚完整的責任框架，確保事故發生後能清楚說明,把責任優先當成首要考慮目標的根本問題是把責任的問題考慮的太理想化，忽略了現實中過度要求責任問題的話會拖慢技術的發展,"限定(Qualify)：批評部分成立，但我的核心立場不變，只是需加上特定條件或在特定情形下成立。The objection is partly valid, but my core position remains the same. It only holds under certain conditions or in certain cases.",批評也許部分成立，但我的立場在風險的因素下依然能成立，縱使太過要求責任會拖慢科技發展，但不能因此放棄責任的歸屬問題，因為如果沒有責任，出事後就沒人可以真正負責，使一般用路人成為這個風險的承擔者,可能會導致技術的發展變慢，使用者可能會更晚享受到自駕車的便利，科技公司也可能因此付出大量成本，但我認為是值得付出的，在責任機制沒有清楚前，行人和用路人會成為風險的承擔者，而且是不可逆的，不值得用效率來交換,
2026/04/28 18:12:06,"一般用路人風險保護優先 (Road User Protection First)：自駕車的研發與測試風險，不應主要由行人、騎乘者與其他一般用路人承擔。The risks of developing and testing self-driving cars should not fall mainly on pedestrians, cyclists, and other road users.","P1 : 在 Uber 自駕車這個案例裡，其實不是單一原因造成事故，而是三層都有問題：像系統辨識錯誤、緊急煞車被關掉、測試駕駛沒有專心看路，甚至公司明知道有風險還繼續測試 。而且這種物理 AI 是會直接在現實世界行動的，一出錯就可能造成不可逆的傷害，像死亡或永久受傷。
P2：我選一般用路人風險保護優先。因為這個原則的核心其實是不能把風險丟給沒有同意的人。像行人或騎士，他們根本沒有選擇要不要參與自駕車測試，但卻要承擔風險，這其實是不公平的。
C : 所以在這種情況下，我覺得企業在還沒把風險控制好之前，不應該直接把車放到一般道路測試。至少要確保不會讓一般用路人變成被動承擔風險的人。",把一般用路人風險保護優先當作最重要的標準，看起來很合理，但它的問題是，它其實會讓自駕車很難發展，因為任何測試都一定有風險。這樣一來，反而可能拖慢技術進步，讓原本可以降低整體交通事故的機會被延後，等於犧牲了長期的公共利益。,"限定(Qualify)：批評部分成立，但我的核心立場不變，只是需加上特定條件或在特定情形下成立。The objection is partly valid, but my core position remains the same. It only holds under certain conditions or in certain cases.",這個批評有一部分是成立的，因為如果完全不讓自駕車上路測試，技術確實很難進步。但我的立場還是成立，只是在有明確風險控管的條件下才可以部署，例如不能關閉緊急煞車、必須有嚴格監督。因為即使要發展技術，也不能把風險直接丟給沒有選擇的一般用路人。,代價其實是會讓自駕車發展變慢，甚至增加企業成本，像要做更多測試、模擬，或限制測試環境。這個代價主要是由企業承擔。但我覺得這個代價是值得的，因為安全本來就應該是基本底線，而不是拿來交換的東西。如果真的要降低這個代價，可以用其他方式補救，例如在封閉場域先測試、或建立更嚴格的監管制度，而不是直接讓一般民眾承擔風險。,我目前比較困惑的點是，到底要怎麼拿捏發展技術跟避免風險之間的平衡。因為完全不測試一定不行，但測試又一定會有風險，那到底什麼程度才算合理？還有像課堂講的「責任缺口」，如果真的出事但每個人都有一點責任，那最後到底誰要負責，這點我覺得還是有點模糊。
2026/04/28 18:12:09,"責任追溯與課責優先 (Accountability First)：若事故發生後無法清楚追溯責任、說明決策依據並進行有效課責，則不應部署。If, after an accident, responsibility cannot be clearly traced, the basis of the decision cannot be explained, and effective accountability cannot be imposed, then deployment should not be allowed.","P1:事出必有因
P2:責任優先，這個核心價值是凡事都應該有人要負責
C:廠商應該要去負責規劃好這個責任的歸屬，不然到時候就會產生踢皮球的問題，會使受害者找不到人可以負責",把責任追溯與課責優先當成判斷自駕車能否部署的首要考量，看似合理，但它的根本問題是他這樣子感覺像是把一般公路當成免費的實驗室，因為它忽略了其他用路人所被迫承擔的風險,"限定(Qualify)：批評部分成立，但我的核心立場不變，只是需加上特定條件或在特定情形下成立。The objection is partly valid, but my core position remains the same. It only holds under certain conditions or in certain cases.",批判部分成立，但我的立場在大家都願意承擔這個風險的條件之下成立，因為如果大家都願意承擔這個風險，那確實就必須得好好規劃如果出事了，這個責任應該由誰承擔,成本增加，因為需要多花時間去討論各種事件發生的可能性，還有如何分配各種事情發生的責任歸屬,
2026/04/28 18:12:11,"一般用路人風險保護優先 (Road User Protection First)：自駕車的研發與測試風險，不應主要由行人、騎乘者與其他一般用路人承擔。The risks of developing and testing self-driving cars should not fall mainly on pedestrians, cyclists, and other road users.","P1（事實）
在 Uber 自駕車事故中，被撞的是一般路人，而不是開發自駕車的公司或使用這項技術的人。而且自駕車其實還在發展中，技術並不完全成熟，像是感測錯誤或反應不及都可能發生。一般用路人根本沒有選擇要不要參與這種測試，卻要承擔風險。

P2（規範）
我主張「一般用路人風險保護優先」，因為不能把風險強加在沒有同意的人身上。這牽涉到風險的公平分配跟基本的安全權。行人或騎士沒有從自駕車直接受益，卻要承擔可能的傷害，在風險分配上是不公平的；同時每個人本來就有不被隨意置於危險中的基本安全權。
所以比起一般用路人，應該是開發技術的公司或使用者來承擔這些風險，這樣才比較符合公平，也比較尊重人的基本權利。

C（結論）
所以在自駕車還不夠安全之前，不應該直接在一般道路上測試或大量使用。公司應該先在安全、可控的環境測試好，確定風險夠低再上路。政府也應該制定嚴格規範，避免讓無辜的用路人變成實驗對象。",把一般用路人風險保護優先當成判斷自駕車能否上路的首要考量看似合理，但它的根本問題是過度保守，可能阻礙技術發展與整體公共安全的提升，因為它忽略自駕車長期可能大幅降低交通事故、拯救更多生命的整體效益。,"限定(Qualify)：批評部分成立，但我的核心立場不變，只是需加上特定條件或在特定情形下成立。The objection is partly valid, but my core position remains the same. It only holds under certain conditions or in certain cases.",批評部分成立，但我的立場在自駕車已經夠安全，比人類駕駛更低風險，而且有清楚監管跟責任制度的條件下仍然能成立，因為這樣一來，一般用路人就不會被不公平地拿來承擔風險，同時也不會擋住技術帶來的整體安全提升。,"代價是自駕車技術的發展速度可能會變慢，因為需要更多測試、監管，甚至限制上路條件。這樣一來企業會增加成本，也可能延後自駕車帶來的整體好處，例如降低交通事故、提升運輸效率。

主要是科技公司、投資者，還有整體社會在短期內承擔這個代價，因為大家可能比較晚享受到自駕車的便利與安全提升。

我認為這個代價是值得付出的，不過可以用一些方式來減輕影響，比如多用虛擬情境測試，先在模擬環境裡測試各種可能發生的狀況，把很多風險先在電腦裡排掉，降低實際上路測試的次數和危險。等系統更穩定之後，再慢慢增加實體道路測試，這樣就可以在安全跟技術發展之間取得比較好的平衡。",到底要用什麼標準來判斷自駕車「已經夠安全、可以上路」。如果標準訂太嚴，技術發展會停滯；但如果太寬鬆，又可能讓一般用路人提早承擔風險。
2026/04/28 18:12:13,"一般用路人風險保護優先 (Road User Protection First)：自駕車的研發與測試風險，不應主要由行人、騎乘者與其他一般用路人承擔。The risks of developing and testing self-driving cars should not fall mainly on pedestrians, cyclists, and other road users.","P1：自駕車可能會出錯。
P2：一般用路人風險保護優先；科技進步不能建立在犧牲其他用路人的生命上。
C：自駕車的研發與測試風險，不應主要由行人、騎乘者與其他一般用路人承擔。",把一般用路人風險保護優先當成判斷自駕車能否部署的首要考量，看似合理，但它的根本問題是遇到大量人流的情況，自駕車可能沒辦法應付，因為它忽略了對「人類生命為首要原則」造成的機會成本。,"堅持(Defend)：批評不成立，我的立場完全不變，我能說明為什麼。The objection fails. My position does not change, and I can explain why.",批評不成立，因為可利用增加訓練的資料（例如：加入在人流很多的地方的資料）來增進自駕車對此情況的應對能力。,這可能導致自駕車公司要訓練的成本增加，但可以利用如政府補貼，或新增自駕車訓練園區等方法改善。,是否還有其他「一般用路人風險保護優先」導致被排在後面的利益？
2026/04/28 18:12:14,"一般用路人風險保護優先 (Road User Protection First)：自駕車的研發與測試風險，不應主要由行人、騎乘者與其他一般用路人承擔。The risks of developing and testing self-driving cars should not fall mainly on pedestrians, cyclists, and other road users.",事實是廠商在售出產品前，會進行測試跟訓練，要達到什麼成果後才出售是由廠商決定的。應該一搬用路人風險保護優先，核心價值是發售產品不該讓其他行人承擔隨時可能會出事的風險。所以廠商需要確保產品的訓練結果要有一定的安全保障。,把用路人的風險當成判斷自駕車能否部署的首要考量，看似合理，但他的根本問題是沒有人能確保說完全不會出現意外，因為他犧牲了開發商的權益，當問題越來越小，需要改正需要花費的資源就越多。,"堅持(Defend)：批評不成立，我的立場完全不變，我能說明為什麼。The objection fails. My position does not change, and I can explain why.",批評不成立，因為開發商選擇了要研發產品，必定要有足夠的能力面對眾多問題。,開發商需要承擔更多的代價，但我認為這個代價是開發商必須要承擔的。,好難
2026/04/28 18:12:27,"一般用路人風險保護優先 (Road User Protection First)：自駕車的研發與測試風險，不應主要由行人、騎乘者與其他一般用路人承擔。The risks of developing and testing self-driving cars should not fall mainly on pedestrians, cyclists, and other road users.","P1
2018年Uber自駕車撞死行人Elaine Herzberg，系統未偵測行人，安全駕駛員分心，風險轉嫁不知情用路人
P2
主張此原則優先，其核心價值為風險同意原則
一般用路人未同意承擔研發不確定風險，故不得暴露於公眾道路測試
C
開發公司不應公眾路測高風險自駕車，應限封閉場域
監管單位應強制第三方安全驗證與風險報告",把「一般用路人風險保護優先」當成判斷自駕車能否部署的首要考量，看似合理，但它的根本問題是過度保守阻礙技術進步，因為它忽略（或犧牲了）長期公共安全效益與人類整體福祉,"限定(Qualify)：批評部分成立，但我的核心立場不變，只是需加上特定條件或在特定情形下成立。The objection is partly valid, but my core position remains the same. It only holds under certain conditions or in certain cases.",批評部分成立，但我的立場在自駕車安全數據經獨立驗證優於人類駕駛條件下仍然能成立，因為此限定確保用路人保護不阻礙已證實的長期安全效益,"優先「一般用路人風險保護優先」的代價是延緩自駕車部署多年，開發公司承擔更高封閉測試成本。
值得付出，因避免用路人傷亡遠勝短期延遲，可透過政府補助測試場減緩。","最困惑點 如何精準定義自駕車安全門檻（如事故率低於人類50%）
決定從封閉測試轉公眾路測的時機？"
2026/04/28 18:12:41,"一般用路人風險保護優先 (Road User Protection First)：自駕車的研發與測試風險，不應主要由行人、騎乘者與其他一般用路人承擔。The risks of developing and testing self-driving cars should not fall mainly on pedestrians, cyclists, and other road users.",Uber 這次是在測試自駕車時撞到行人，結果一名 49 歲女子死亡；我主張 一般用路人風險保護優先。它的核心價值是：不要把產品試驗的代價，轉嫁給沒有選擇、也沒有同意的路人。這個價值應優先，因為路人不該替公司學習技術。在這類案例中，公司和系統設計者應先把風險擋住，不要讓自駕車在保護不足時上路；路人不應承擔測試風險。,把「一般用路人風險保護優先」當成判斷自駕車能否部署的首要考量，看似合理，但它的根本問題是可能過度限制技術測試，因為它忽略了長期整體交通安全的提升。,"堅持(Defend)：批評不成立，我的立場完全不變，我能說明為什麼。The objection fails. My position does not change, and I can explain why.",批評部分成立，但我的立場在安全機制尚未成熟前仍然能成立，因為此時不應讓路人承擔技術測試風險。,代價是自駕車上路會更慢、測試成本更高，很多技術也可能晚一點普及。這個代價主要由公司、工程團隊和投資者承擔，不該由路人承擔。我認為這個代價值得，因為可以用更嚴格測試、分階段上路、保險與賠償來減輕。,要到什麼安全程度，才算不再把風險轉嫁給路人。
2026/04/28 18:12:45,"一般用路人風險保護優先 (Road User Protection First)：自駕車的研發與測試風險，不應主要由行人、騎乘者與其他一般用路人承擔。The risks of developing and testing self-driving cars should not fall mainly on pedestrians, cyclists, and other road users.","P1（事實）：在 Uber 那起事故裡，其實自駕系統有偵測到行人，但因為軟體設計上為了避免誤判，把一些警示過濾掉，再加上車上的人為監控也沒有即時反應，結果就讓一個完全不知情的路人，去承擔這種還在測試中的技術風險。
P2（規範）：我的立場是一般用路人的安全應該優先，就是在還沒帶來什麼社會好處之前，開發者本來就有責任要先確保不要讓無辜的人暴露在額外風險裡，尤其是這些人根本沒有同意參與實驗。
C（結論）：我認為開發公司不應該在技術還不夠安全、也沒有完整應變機制的情況下，就直接把公共道路當成實驗場，讓一般用路人去承擔風險。",把一般用路人的風險保護當成判斷自駕車能否部署的首要考量，看似合理，但它的根本問題是會陷入技術發展變得過度保守，且陷入不敢測試、不敢上的創新停滯，因為它忽略了延後部署，會讓自駕車本來可以減少車禍、救人的好處被拖慢，甚至直接沒了。,"限定(Qualify)：批評部分成立，但我的核心立場不變，只是需加上特定條件或在特定情形下成立。The objection is partly valid, but my core position remains the same. It only holds under certain conditions or in certain cases.",批評部分成立，但我的立場在有完善風險分級和補償機制條件下仍然能成立，因為我們不能因為怕風險就完全不發展技術，但我們也不能讓不知情的路人去承擔這些風險，所以測試範圍要更小，也要講清楚、公開讓大家知道。,代價就是會讓技術變慢、花的錢也會變得更多，主要是由公司和消費者來承擔。我認為這個代價值得付出，因為如果大家對安全沒信心，自駕車只會被更排斥，反而更難發展。,我們要求自駕車必須像人一樣守規矩才算安全，但如果 AI 發現一種人類看不懂、不直覺的開法其實更安全時，我們敢不敢放手讓它去執行呢？
2026/04/28 18:12:55,"一般用路人風險保護優先 (Road User Protection First)：自駕車的研發與測試風險，不應主要由行人、騎乘者與其他一般用路人承擔。The risks of developing and testing self-driving cars should not fall mainly on pedestrians, cyclists, and other road users.","P1：
Uber 自駕車事故的問題在於，自駕車還在測試和改進階段，卻已經進入真實道路。一般行人、騎士或其他用路人，並沒有同意參與這個測試，但一旦系統判斷錯誤，他們卻可能直接承擔後果。

P2：
所以我認為，一般用路人的風險保護應該優先。這個原則的核心不是說不能發展自駕車，而是技術公司不能為了研發和商業利益，把尚未成熟的技術風險轉嫁給沒有選擇權的一般人。

C：
因此，自駕車若要在公共道路上測試或部署，企業和監管單位應該先證明它已經有足夠的安全性與監督機制。否則，不應該讓一般用路人成為技術發展過程中的主要風險承擔者。","把 [一般用路人風險保護優先] 當成判斷自駕車能否部署的首要考量，看似合理，但它的根本問題是 [可能讓技術發展過度保守 ] ，因為它忽略了 [自駕車若能在長期降低整體交通事故與死亡人數，延後部署本身也可能讓社會繼續承擔人類駕駛造成的風險] 。

其實反論就是太過保守，但我覺得應該在保守與科技優先之間取得平衡，不是不發展，而是要在一定規範下取得一定的保障，例如醫療法規一樣。","堅持(Defend)：批評不成立，我的立場完全不變，我能說明為什麼。The objection fails. My position does not change, and I can explain why.",批評不成立，因為「一般用路人風險保護優先」並不等於反對自駕車發展，也不是要求零風險後才能部署。它真正反對的是，在技術還不成熟、規範還不完整、責任還不清楚時，就把公共道路上的一般用路人當成實驗風險的主要承擔者。,選擇「一般用路人風險保護優先」的代價，是自駕車技術的發展與部署速度可能會變慢。企業需要投入更多時間與成本做安全驗證、模擬測試、封閉場域測試與法規審查，社會也可能比較晚享受到自駕車帶來的效率提升或交通事故減少。或是以政府或機構為主導，去整合一個通用規範，不應該由單一廠商球員兼裁判。,
2026/04/28 18:13:06,"一般用路人風險保護優先 (Road User Protection First)：自駕車的研發與測試風險，不應主要由行人、騎乘者與其他一般用路人承擔。The risks of developing and testing self-driving cars should not fall mainly on pedestrians, cyclists, and other road users.","p1:在Uber 自駕車事故案例中，發現系統的偵測技術尚未成熟，產生出系統延遲與邏輯判斷錯誤的問題，導致無法反映即時的路況
p2:我主張的是一般用路人風險保護優先，它的核心價值是維護生命的不可侵犯性與公平正義;雖然科技發展帶來許多便利，但我認為任何科技發展的根本是以不危害人類生命為前提，倘若為了創新而犧牲了生命權利便是本末倒置
C:為了確保駕駛與行人都得到平等的安全保障，政府應制定嚴僅的監督政策。包括在自駕技術還未成熟時，禁止在開放路段進行實測，並建立明確的法律賠償與責任歸屬機制，要求科技業者應優先對公眾安全負責",把路人安全當成判斷自駕車能否部署的首要考量，看似合理，但它的根本問題是可能限制了自駕車產業的發展，因為它犧牲了 生產者在自駕車產業的利益考量,"修正(Revise)：批評很可能成立，我的核心立場會有很大調整，即使整體方向不變。The objection is likely valid, so my core position needs major revision, even if its overall direction remains the same.",批評很可能成立，我需要調整對於路人安全風險的排他性議題的考量，但我整體方向仍是以確保在開發這項技術的過程中具備基本的安全與透明度的規範，因為抹煞掉研發這項技術的發展會無法擁有改善交通事故的機會，但忽視了路人安全則會讓科技失去道德的價值觀,為了保障路人的安全，其代價是需要花費更多的時間成本與資金來開發這項技術，然而這項技術可能要承擔延遲開發而無法讓民眾體驗到這項技術所帶來的好處，因此針對安全性考量，代價值得付出;那我認為科技業者可以與政府合作，以提供測試環境與建立標準化的安全規範的方式達成減緩代價的目的,倘若為了最大限度的維護生命安全的權利，技術發展在相關法律的約束下是否會影響開發這項技術的難度與利益的考量呢?
2026/04/28 18:13:21,"責任追溯與課責優先 (Accountability First)：若事故發生後無法清楚追溯責任、說明決策依據並進行有效課責，則不應部署。If, after an accident, responsibility cannot be clearly traced, the basis of the decision cannot be explained, and effective accountability cannot be imposed, then deployment should not be allowed.","P1: 自駕系統有造成事故的風險，但系統決策的邏輯是個""黑盒子""，這種技術黑箱使得事故發生時，責任往往在軟體工程師、測試駕駛、營運公司與演算法之間模糊不清。P2: 我主張 「責任追溯與課責優先 (Accountability First) 為首的原則。在道路上，若無法定義事故責任歸屬，則自動駕駛不得上路。C: 在自駕車上路前，研發企業與政府監管機構必須明確定義各項事故情況下的責任機制。企業必須建立可供審核的決策紀錄，且法律需預先定義當 AI 犯錯時，誰應承擔刑事與民事責任。",如果堅持要等到責任歸屬完全透明且無爭議才允許自駕車上市，將會導致技術研發的無限期延長，並造成社會福祉的損失(更多的公共交通、停車空間等等)，而且該立場忽略了自動駕駛技術在統計上降低事故率的潛力。,"限定(Qualify)：批評部分成立，但我的核心立場不變，只是需加上特定條件或在特定情形下成立。The objection is partly valid, but my core position remains the same. It only holds under certain conditions or in certain cases.","批評部分成立，我認同追求""絕對、單一的責任歸屬""可能會拖慢技術發展的速度，但我的立場在""建立事故責任""條件下仍然能成立，因為事故發生的受害者仍舊需要或的補償，不應發生機率較低就減少考慮發生事故時的責任歸屬。",創新速度減緩(承擔人: 企業)、早期售價提高(法律風險與責任保險費用)(承擔人: 使用者)。我認為這個代價是值得付出的，公共安全與法律正義不應被忽視，也許在規範不清楚時(希望是少數時間)，可以由政府與企業先行補償，代替漫長的法律爭訟，在維持責任原則的同時，也保留技術進步的空間。,不知道企業願不願意承擔大部分事故責任
2026/04/28 18:13:38,"一般用路人風險保護優先 (Road User Protection First)：自駕車的研發與測試風險，不應主要由行人、騎乘者與其他一般用路人承擔。The risks of developing and testing self-driving cars should not fall mainly on pedestrians, cyclists, and other road users.","在自駕車的測試與部署過程中，曾發生事故導致行人受傷甚至死亡
我主張應以「一般用路人風險保護優先」為原則。其核心價值在於風險分配的公平性與非自願風險的避免。個人不應在未同意的情況下承擔由他人或企業活動所帶來的風險，尤其是當這些風險可能造成重大傷害時。
因此，在Uber自駕車事故案例中，企業在尚未確保技術安全與風險可控之前，不應將測試風險轉嫁給一般用路人。應加強安全機制、限制測試環境，或在可控範圍內進行測試，以避免無辜路人承擔不必要的風險。",將「一般用路人風險保護優先」作為自駕車是否部署的首要考量，看似合理，但其根本問題在於它可能過度限制測試與技術發展，因為為了完全避免對用路人的風險，實際上將難以在真實環境中進行必要的測試，進而延緩自駕車技術的發展。,"限定(Qualify)：批評部分成立，但我的核心立場不變，只是需加上特定條件或在特定情形下成立。The objection is partly valid, but my core position remains the same. It only holds under certain conditions or in certain cases.","我認為該批評部分成立，但我的核心立場在特定條件下仍然成立。雖然限制自駕車測試可能影響技術發展，進而延緩整體交通安全的提升，但在涉及一般用路人安全時，仍應優先避免將未經同意的風險加諸於他們身上。
因此，我的立場是在安全機制尚未成熟、風險無法有效控制的情況下，應優先保護一般用路人；但在風險可控、監管完善的條件下，則可以逐步開放測試與部署。因為相較於長期效益，避免無辜路人承擔重大風險仍具有優先性。","選擇以「一般用路人風險保護優先」作為主要原則，其代價在於可能降低自駕車測試與開發的效率。由於需要限制測試環境、強化安全機制，或避免在人流密集的情境中進行測試，將使技術發展速度變慢，進而延緩自駕車在整體交通安全上的潛在效益。
這樣的代價主要由開發者與企業承擔，包括增加研發成本、延長開發時間，以及投入更多資源於安全驗證與監管配合。
然而，我認為這樣的代價在一定程度上是可以接受的，因為相比於將風險加諸於未同意的一般用路人，由企業承擔較高的成本更符合風險分配的公平原則。此外，這些代價也可以透過更完善的測試規範、模擬技術，以及分階段開放測試等方式加以緩解。",
2026/04/28 18:13:39,"效益優先 (Benefit First)：只要長期能顯著降低整體交通死傷，自駕車部署就可被接受。If self-driving cars can significantly reduce overall traffic injuries and deaths in the long run, their deployment can be justified.","P1 : 目前的交通事故仍有部份是駕駛人的問題，像是疲勞駕駛、酒駕、分心、情緒失控等問題，而自駕的話，就不會受到這些生理的影響

P2 : 我主張效益優先，其核心價值是最小化社會的總體損害。

C : 在自駕車技術成熟時，配合政府的推動和基本安全措施下，可以允許並鼓勵自駕車的部署與實測。",把效益優先當成判斷自駕車能否部署的首要考量，看似合理，但它的根本問題是這樣是拿用路人的生命當作實驗，因為它忽略了用路人是否同意當作自駕車的實驗者，就用自駕車來測試與部署。,"限定(Qualify)：批評部分成立，但我的核心立場不變，只是需加上特定條件或在特定情形下成立。The objection is partly valid, but my core position remains the same. It only holds under certain conditions or in certain cases.",批評部分成立，但我的立場在自駕車比人類駕駛還安全的條件下仍然能成立，因為我們不能用未來的利益來犧牲當前的用路人性命。,需要透過時間才能驗證自駕車是否安全，若是不安全，將可能會犧牲許多無辜用路人的生命，但我覺得這個代價雖然可能慘痛但值得，在自駕車技術成熟的情況下，並且為了更長遠的未來，這個代價前期可能比較不穩定，但隨之帶來的好處就是，未來可以更專注於造車，在安全的自駕車環境下，汽車公司只需要想辦法打造一台完美的車，不會因為零件、設備等問題造成車子失控即可。,
2026/04/28 18:13:39,"一般用路人風險保護優先 (Road User Protection First)：自駕車的研發與測試風險，不應主要由行人、騎乘者與其他一般用路人承擔。The risks of developing and testing self-driving cars should not fall mainly on pedestrians, cyclists, and other road users.","P1:自駕系統可能因為系統沒有成熟，導致車輛沒有及時減速。會把風險直接轉嫁給毫無防備的路人。
P2:​主張 一般用路人風險保護優先 。核心價值是確保技術不會對沒有參與的人造成額外 或者非自願的危害。
C:開發者應該不把沒有成熟系統放進道路，除非能證明對第三方的風險比人為駕駛低。另外 監管單位要必須嚴禁系統在緊急時刻犧牲路人或其他沒有參與度人。",把一般用路人風險保護當成首要考量，看似合理，但它的根本問題是過度保守，阻礙技術進步或普及，因為它犧牲了 自駕車降低整體事故 可能的進步。自駕車的產出是基於減少傷亡的話，這樣的考慮就可能會造成因為延遲部署而讓更多人死於人為駕駛失誤。,"限定(Qualify)：批評部分成立，但我的核心立場不變，只是需加上特定條件或在特定情形下成立。The objection is partly valid, but my core position remains the same. It only holds under certain conditions or in certain cases.","批評部分成立，但我的立場在 系統安全沒有達到人類水準前 仍能成立，因為 研發者不能在技術沒有成熟時，把無辜路人強制承擔不平等的風險。
路人是非自願的風險承擔。若被忽視，會違反生命權平等，也可能導致大家對技術的恐懼。","代價是 技術普及速度變慢，這個會由未來的可能會 因為自駕車獲救的人來承擔。但是我認為值得，因為社會正義不應該建立在無辜路人身上。
但​被放棄的好處可以透過封閉測試的場所來縮短開發時間。",用路人的權益和駕駛的權益是否一樣？
2026/04/28 18:13:49,"一般用路人風險保護優先 (Road User Protection First)：自駕車的研發與測試風險，不應主要由行人、騎乘者與其他一般用路人承擔。The risks of developing and testing self-driving cars should not fall mainly on pedestrians, cyclists, and other road users.","P1:在UBER自駕車事故中，測試車在公共道路上行駛，撞到了無辜的行人，事故風險是由不相干的路人承擔的，而不是測試車的駕駛人。
P2:我主張一般用路人風險保護優先，核心價值是事故風險應由測試車駕駛人承擔，不應該禍及無關人士。
C:測試車駕駛人不應該在公共道路駕駛讓無辜的路人承擔事故風險，而是應該選擇在類似駕訓班的安全地方行駛。",把一般用路人風險保護優先當成判斷自駕車能否部署的首要考量，看似合理，但它的根本問題是除了公共道路可能沒有那麼多的安全地方可以做測試，因為它忽略了效率的問題，如果今天有很多台車要做測試，那可能會測試不完，進而影響到測試車的功能測試。,"堅持(Defend)：批評不成立，我的立場完全不變，我能說明為什麼。The objection fails. My position does not change, and I can explain why.",批評不成立，因為測試車為了讓路人更安全的功能更健全而在公共道路上測試，反而危及了行人的安全，這是本末倒置，所以我認為測試車駕駛人應該在安全的地方駕駛。,在安全的地方駕駛測試車測試，會付出測試的功能可能不健全的代價，購買該車的駕駛人可能會因此承擔開車的功能沒那麼順的代價，但是車內和車外的安全性本來就不對等，所以更應該保障行人的安全為優先。,選擇立場的理由比較難想出來，其他還好。
2026/04/28 18:14:09,"責任追溯與課責優先 (Accountability First)：若事故發生後無法清楚追溯責任、說明決策依據並進行有效課責，則不應部署。If, after an accident, responsibility cannot be clearly traced, the basis of the decision cannot be explained, and effective accountability cannot be imposed, then deployment should not be allowed.",P1:若在事故後無法判斷責任歸屬，將侵害到受害人的權益。P2:主張責任追溯與課責優先，核心價值為責任歸屬之判定應可清楚追溯。,把事故後責任歸屬當成判斷自駕車能否部署的首要考量，看似合理，但根本問題是忽略了判斷責任歸屬可能依歷史資料所判斷，在擁有實體資料不完善的情況下較難判斷責任歸屬。,"限定(Qualify)：批評部分成立，但我的核心立場不變，只是需加上特定條件或在特定情形下成立。The objection is partly valid, but my core position remains the same. It only holds under certain conditions or in certain cases.",批評部分成立，但我的立場在設定及測試完整系統的條件下仍然能成立，因為我覺得就算判定責任歸屬需要有歷史資料，會對於在系統設定還不完善時的受害人造成不公。,為了將設備及系統完善，需要花費較多的人事成本，主要承擔者為自駕車開發公司。我認為此代價是值得付出的，若未將設備完善，可能會影響到一般用路人的安全。,要選擇第二個主題優先還是第三個
2026/04/28 18:14:15,"一般用路人風險保護優先 (Road User Protection First)：自駕車的研發與測試風險，不應主要由行人、騎乘者與其他一般用路人承擔。The risks of developing and testing self-driving cars should not fall mainly on pedestrians, cyclists, and other road users.","P1:無人駕駛交通對於突發狀況的判斷尚處於測試階段。
P2:一般用路人風險保護優先；無人駕駛上路測試後應安排隨測人員，並即時定位測試車輛。
C:隨測人員應專注車況及路況，紀錄結果並保證用其他路人生命安全。",把自動駕駛報告測試結果當成判斷自駕車能否部署的首要考量，看似合理，但它的根本問題是使用者違規抑或是疏忽使用導致的意外，因為它忽略路況並非絕對，而是有許多不確定性。,"堅持(Defend)：批評不成立，我的立場完全不變，我能說明為什麼。The objection fails. My position does not change, and I can explain why.",批評不成立，因為就算路況再怎麼改變，人為的突發狀況仍舊有限制，如果只是因不確定性而產生的疑問無法改變測試資料中的變因。,限制駕駛可能會導致部分路段無法正常行駛，但仍在可接受範圍內。,
2026/04/28 18:14:17,"責任追溯與課責優先 (Accountability First)：若事故發生後無法清楚追溯責任、說明決策依據並進行有效課責，則不應部署。If, after an accident, responsibility cannot be clearly traced, the basis of the decision cannot be explained, and effective accountability cannot be imposed, then deployment should not be allowed.","P1（事實）：在 2018 年亞利桑那州 Uber 致死案中，不僅顯示了自駕車目前還不完全安全這個表面事實，事故發生後的責任歸屬也十分混亂。
P2（規範）：我主張「責任追溯與課責優先」，其核心價值在於維護社會公平正義，因為任何企業推出新產品尤其是交通工具，本來就應該為產品可能造成的傷害負起全責，否則系統不成熟的風險會轉嫁給一般大眾。
C（結論）：廠商不應將未在封閉場域測試完全的系統直接放上公共道路。政府應制定自駕車專屬法規，規定測試與上市的門檻，根據事故發生當下的具體狀況來分配責任比重。",把責任追溯與課責優先當成判斷自駕車能否部署的首要考量，看似合理，但它的根本問題是設立了極高的試錯成本，扼殺了產業的市場競爭力，因為它忽略AI 演算法必須依賴大量真實道路數據才能持續優化技術。,"堅持(Defend)：批評不成立，我的立場完全不變，我能說明為什麼。The objection fails. My position does not change, and I can explain why.",批評不成立，因為技術的進步有極多安全且具備替代性的方法可以達成，若允許廠商將獲取數據建立在犧牲公眾安全的前提下，對社會公平會有嚴重的破壞。,產品測試期將拉長且市場競爭力流失，自駕車開發商與投資者必須承擔延遲上市帶來的利潤損失。不過這個代價值得付出，因科技的發展不能建立在剝奪少數無辜路人生命的基礎上，政府可以基於打造公共設施的責任提供測試場地來減緩上述代價。,
2026/04/28 18:14:19,"責任追溯與課責優先 (Accountability First)：若事故發生後無法清楚追溯責任、說明決策依據並進行有效課責，則不應部署。If, after an accident, responsibility cannot be clearly traced, the basis of the decision cannot be explained, and effective accountability cannot be imposed, then deployment should not be allowed.",鑑於 Uber 事故責任模糊，為捍衛問責價值，應優先建立公開透明的追蹤日誌與法律框架，確保技術在可追蹤責任下部署，以避免責任缺口並維護社會信任及受害者的基本正義。,把『責任追蹤與問責優先』當成判斷自駕車能否部署的首要考量，看似合理，但它的根本問題是這會讓法律程序變成創新的阻礙，導致能救命的技術被推遲，因為它犧牲了透過大規模部署自駕車來顯著降低人為駕駛事故機率所能帶來的集體安全利益。,"限定(Qualify)：批評部分成立，但我的核心立場不變，只是需加上特定條件或在特定情形下成立。The objection is partly valid, but my core position remains the same. It only holds under certain conditions or in certain cases.",「批評部分成立，但我的立場在『研發測試階段與大規模部署』條件下仍然能成立，因為我們可以在封閉環境或嚴格限制的實驗場域中先行完善技術，而非在法律與責任框架尚未成熟時，就以整體社會路人的性命作為換取技術進步的代價。,選擇問責優先的代價是自駕技術普及變慢，這將增加研發成本並延遲集體安全紅利。雖然高風險駕駛群體需承擔更長的等待時間，但這份「安全溢價」是值得的。因為唯有確保技術具備道德可解釋性，才能避免因責任缺失瓦解社會對 AI 的根本信任，守護法治社會中生命尊嚴的底線。,無
2026/04/28 18:14:19,"效益優先 (Benefit First)：只要長期能顯著降低整體交通死傷，自駕車部署就可被接受。If self-driving cars can significantly reduce overall traffic injuries and deaths in the long run, their deployment can be justified.","P1:事故率低於人類駕駛車輛的事故率（來源自新聞）
P2:效益優先，只要能夠長期穩定的降低事故率，那就有使用的可能
C:自駕車公司應該要確保技術足以有效辨認路況，而駕駛人應該仍保有戒心，不該全權交給自駕系統",把效益優先原則當成判斷自駕車能否部署的首要考量，看似合理，但它的根本問題是無法預測測試的成本，以及責任歸屬仍有爭議，因為它忽略我們能否承擔技術未成熟時期的社會成本，以及成熟後責任歸屬可能會更加分歧，例如駕駛者可以推責給自駕車公司,"修正(Revise)：批評很可能成立，我的核心立場會有很大調整，即使整體方向不變。The objection is likely valid, so my core position needs major revision, even if its overall direction remains the same.",批評很可能成立，我需要調整自駕車部署在不同技術階段的限制，以最大化降低社會成本，但整體方向仍是追求長期穩定，因為這樣才能追求最大效益，降低整體事故率,需要更多的時間才能夠得到足夠的測試數據，自駕車技術完善的效率會降低，某方面來說有可能變相增加社會成本,感覺會有數據上造假的潛在問題
2026/04/28 18:14:43,"一般用路人風險保護優先 (Road User Protection First)：自駕車的研發與測試風險，不應主要由行人、騎乘者與其他一般用路人承擔。The risks of developing and testing self-driving cars should not fall mainly on pedestrians, cyclists, and other road users.",在 Uber 的案例中，過馬路的行人並沒有同意參與這項自動駕駛測試，他們卻在不知情的情況下承擔了受傷的風險，這在倫理上是不公平的。我認為，道路安全不應該為了技術開發而打折扣，因為行人的生命權高於企業的研發利益。如果一個系統還無法準確辨識並保護路上的行人，它就不具備在公共道路上測試的資格。我們必須堅持一個原則：新技術的出現，不應該讓原本守法過馬路的人變得更危險，保護這些「非自願參與者」應是研發的最底線。,如果過度強調保護路人，可能會讓自駕技術的開發變得極度緩慢。批評者會認為，人類駕駛其實非常危險，每天都有很多人因為疲勞或分心而造成車禍。如果我們因為追求完美的行人安全而禁止測試，就會拖延這項技術成熟的時間。這意味著，原本未來可以被自駕車救活的成千上萬人，現在反而會因為技術延後推出，繼續死於人類駕駛的失誤中。這種「為了保護現在的少數人，而犧牲未來的多數人」的做法，在整體社會利益上是不划算的。,"限定(Qualify)：批評部分成立，但我的核心立場不變，只是需加上特定條件或在特定情形下成立。The objection is partly valid, but my core position remains the same. It only holds under certain conditions or in certain cases.",我同意研發速度很重要，但這不代表可以直接讓無辜路人承擔生命風險。我的立場可以調整為：在進入真實馬路測試前，企業必須先在模擬環境中證明系統已經足夠安全。我們不需要追求絕對的零風險，但必須有一個公開透明的標準，證明 AI 的反應能力已經明顯優於普通的人類駕駛。簡單來說，我支持技術進步，但研發單位應該先在實驗室與封閉場域做好功課，而不是直接把公眾馬路當作實驗場。,代價是自動駕駛技術的進步速度會變慢，且企業需要投入更多的研發經費與時間在模擬測試上。承擔者主要是開發技術的公司、相關的投資人，以及那些原本可能因為技術提早普及而能獲救的潛在車禍受害者。而我付出這樣的代價值得。因為保護無辜個體的生命權是社會正義的基礎，我們不能為了尚未發生的未來利益，而正當化當下對路人造成的傷害。,我最感到猶豫的是「到底要多安全才算夠安全？」。雖然數據可以告訴我們電腦開車的失誤率比人類低，但當意外真的發生時，社會大眾對於「機器犯錯」的容忍度通常遠低於「人類犯錯」。我不太確定我們該如何訂出一個讓社會大眾都能接受的法律或倫理數字，來決定自駕車什麼時候可以正式上路，這不只是技術問題，更是大眾心理接受度的問題。
2026/04/28 18:14:47,"責任追溯與課責優先 (Accountability First)：若事故發生後無法清楚追溯責任、說明決策依據並進行有效課責，則不應部署。If, after an accident, responsibility cannot be clearly traced, the basis of the decision cannot be explained, and effective accountability cannot be imposed, then deployment should not be allowed.","P1：新型技術推行時法規基本上不會快速跟上
P2：新技術在推行時應清楚責任追朔，事務發生時如未有責任歸屬受害者(弱勢團體)的利益會被忽略
C：在法律法規尚未完善前，若該技術無法在架構上實現明確的責任歸屬與，則不應被允許大規模部署或商業化。",把責任追溯與課責優先當成判斷自駕車能否部署的首要考量，看似合理，但它的根本問題是推行此方案會造成新創公司上架商品難以推行，因為它忽略（或犧牲了)效率以及執行性。,"限定(Qualify)：批評部分成立，但我的核心立場不變，只是需加上特定條件或在特定情形下成立。The objection is partly valid, but my core position remains the same. It only holds under certain conditions or in certain cases.",批評部分成立，但我的立場在責任追溯與課責優先條件下仍然能成立，因為雖會延期上是但是只要分清楚責任歸屬產品還是可以上架，且提高社會責任提升品牌形象長期效益下也會有正向的影響,代價為公司的短期效益會被忽略，販售科技產品的公司會負責承擔，但我認為這個代價值得，因為長期下來企業會更加把關如何良好的將商品上架，也可以建立起商品製造的架構，之後生產產品可以更快速。,
2026/04/28 18:14:50,"責任追溯與課責優先 (Accountability First)：若事故發生後無法清楚追溯責任、說明決策依據並進行有效課責，則不應部署。If, after an accident, responsibility cannot be clearly traced, the basis of the decision cannot be explained, and effective accountability cannot be imposed, then deployment should not be allowed.","P1（事實）： Uber 那場致命車禍，根本是個羅生門。系統一下覺得那是車、一下覺得是腳踏車，猶豫不決導致煞車太慢；加上車上的駕駛員又在分心。結果出人命了，大家都甩鍋：是演算法問題？感測器有問題？還是人類駕駛的錯？根本理不清。 ​
P2（規範）： 我主張應優先考量責任追溯與課責優先原則，因為這關乎公平跟別把路人當白老鼠。把一台有致命風險、裡面卻是個黑盒子的機器放上馬路，出事了卻不知道該抓誰去關或誰來賠錢，這等於讓不知情的路人免費承擔風險，這在道德上完全說不過去。 ​
C（結論）： 所以，除非車廠能清楚交代這段 Code 或這個預設值出錯是誰扛，而且系統 log 必須能讓人看懂它到底為什麼做這個決定，也就是可解釋性要夠，不然根本不該讓這些自駕車跑到一般大路上。 ","把責任追溯與課責優先當成判斷自駕車能否部署的首要考量，看似合理，但它的根本問題是它會嚴重卡死技術發展，因為它忽略自駕車長遠來看,能解決掉一堆酒駕、疲勞等駕駛,救下成千上萬條人命的巨大潛力。","限定(Qualify)：批評部分成立，但我的核心立場不變，只是需加上特定條件或在特定情形下成立。The objection is partly valid, but my core position remains the same. It only holds under certain conditions or in certain cases.",批評部分成立，但我的核心立場在區分測試期與商用期的條件下仍然能成立，因為在技術尚未成熟、系統邊緣運算與決策機制仍是黑盒子，且缺乏完善咎責機制的測試階段，讓不知情的用路人被迫承擔致死風險是不正義的。我們可以在可控環境來訓練模型以追求長期的效益優先，但不應在責任歸屬模糊時，就將公有道路視為推進技術的免費實驗室。,"代價：自駕車普及的時間會被大幅往後延。畢竟要在工程上讓一個複雜的神經網路講得出道理，難度超級高。 
誰來承擔：表面上是車廠跟 AI 公司要扛更高的研發成本；但真正的苦主是整個社會，因為在等待自駕車合法的這幾年裡，還是會有一堆人因為傳統人類駕駛的失誤而死掉。
​值得嗎： 還是值得，總不能為了解決一個問題去製造另一種不公義。
解法：乖乖去專用車道練車，或者往邊緣運算的方向走，確保每一台車在本地端就能完成快速、有隱私且清楚的運算日誌記錄，讓出事時的歸責變簡單，藉此加速過關。 ",是不是一定要有一個負責的東西
2026/04/28 18:14:56,"責任追溯與課責優先 (Accountability First)：若事故發生後無法清楚追溯責任、說明決策依據並進行有效課責，則不應部署。If, after an accident, responsibility cannot be clearly traced, the basis of the decision cannot be explained, and effective accountability cannot be imposed, then deployment should not be allowed.","P1 在自駕車事故中，系統由感測、定位、路徑規劃與決策等模組組成，AI 可能在關鍵情境下判斷錯誤；同時，人類駕駛員可能因分心或過度信任系統而未能即時介入。這種結構使事故發生後責任難以清楚歸屬。
P2 我主張應採取「責任追溯與歸責優先」原則，其核心價值是確保可問責性與制度正當性：在可能造成嚴重傷害的高風險技術中，若無法清楚追溯誰對結果負責，則該技術的部署就缺乏正當性。責任可追溯性不只是事後懲罰，更是確保決策透明、可解釋與可監督的前提，從而維持社會對技術的信任。
C ，根據 P1 和 P2，在這類情境中，企業與監管單位不應允許自駕車全面上路，除非已建立明確的責任歸屬與追溯機制，以確保事故發生時能有效問責並維持制度正當性。",把「責任追溯」作為判斷自駕車是否能部署的首要考量，看似合理，但其根本問題是它預設在複雜的人機系統中可以清楚界定責任歸屬，因為它忽略了自駕車的錯誤來自演算法、資料、系統設計與人類操作之間的交互作用，使責任在實務上難以被明確劃分。,"限定(Qualify)：批評部分成立，但我的核心立場不變，只是需加上特定條件或在特定情形下成立。The objection is partly valid, but my core position remains the same. It only holds under certain conditions or in certain cases.",這個批評部分成立，但我的立場在「可以透過系統設計來近似實現責任追溯」的條件下仍然成立，因為即使責任無法完全精確劃分，仍然需要某種制度化的追溯機制來維持公平性。,優先採取「責任追溯與歸責優先」的立場，意味著在責任機制尚未成熟之前，自駕車的部署可能被延後，進而犧牲潛在的交通安全提升與效率改善。這個代價主要由整體社會承擔，特別是仍需承受人類駕駛風險的用路人；我認為這個代價是值得的，因為若在責任不清的情況下部署高風險系統，一旦發生事故將無法有效問責，反而會削弱制度正當性與社會信任。不過這個代價可以透過技術與制度設計來減輕。,目前最讓我感到不確定的是，在高度複雜的人機系統中，責任是否真的可以被有效追溯。此外我也不確定應該設定什麼樣的標準，才算是足夠可追溯而可以允許部署。
2026/04/28 18:15:06,"一般用路人風險保護優先 (Road User Protection First)：自駕車的研發與測試風險，不應主要由行人、騎乘者與其他一般用路人承擔。The risks of developing and testing self-driving cars should not fall mainly on pedestrians, cyclists, and other road users.",P1對於駕駛，可降低長期的集中力和疲勞，可提高駕駛行駛中未注意到的危險風險，而無法承擔責任且沒有辦法透明化和責任化P2以國家和法律保護公民免於他人創造的任意風險。P3行動的ai無法進行完全規劃完善，所以國家應該設立透明化相關法規,把技術當成判斷自駕車能否部署的首要考量，看似合理，但它的根本問題是企業，因為它希望得到便利性 但犧牲人周圍的人安全性和自己所需要負責的責任性,"限定(Qualify)：批評部分成立，但我的核心立場不變，只是需加上特定條件或在特定情形下成立。The objection is partly valid, but my core position remains the same. It only holds under certain conditions or in certain cases.",批評部分成立，但我的立場在他人安全性和應該負起的責任性等條件下仍然能成立，因為法律在嚴謹和高等，多少還是會要漏洞百出的情況出現,付出的是賠償無法百分之百的讓對方滿足，自己也無法讓受害者或家屬得到心理所平復的心情,
2026/04/28 18:15:07,"責任追溯與課責優先 (Accountability First)：若事故發生後無法清楚追溯責任、說明決策依據並進行有效課責，則不應部署。If, after an accident, responsibility cannot be clearly traced, the basis of the decision cannot be explained, and effective accountability cannot be imposed, then deployment should not be allowed.","關於自駕車上路的倫理考量，我選擇把責任追溯與課責擺在第一位。這個立場最核心的價值，就是確保當科技造成真實的傷害時，一定要有明確的人或單位出來扛起責任。
 為什麼這個價值最重要？因為像自駕車這種物理 AI，它是在真實世界裡運作的，一旦判斷錯誤，像是 Uber 的例子一樣，是真的會鬧出人命的。如果出事了大家還在互推皮球，連該找誰負責都不知道，那就等於是放任科技公司拿一般路人的生命安全來當免費的白老鼠
  先看 P1 事實面，從 Uber 的致死車禍我們看到一個很扯的狀況：寫出有問題程式的工程師，還有收到內部警告卻還是決定讓車子繼續上路的 Uber 高層，最後幾乎都沒事。因為 AI 沒辦法被抓去關，所以所有的錯都推給了那個在車上不小心閃神的基層駕駛。這就是一個超大的「責任缺口」。
再來是 P2 規範面，我主張任何會對真實世界造成致命危險的新科技，如果在還沒確定一套合理的究責機制前，就不應該有上路的正當性。
最後得出 C 結論，在還沒建立好明確的法律與道德責任歸屬之前，像 Uber 這樣的開發者不應該為了追求研發進度，就輕易把自駕車開上一般道路測試。同時，政府或主管機關也應該要求企業提出明確的究責方案，確認出事了誰要負責，否則就不該發給他們上路許可"," 把責任追溯與課責當成判斷自駕車能否部署的首要考量，看似合理，但它的根本問題是會嚴重拖累自駕車技術的發展跟上路時間，因為它忽略了這項科技未來成熟後，其實可以大幅減少整體車禍死傷的長遠好處，同時也犧牲了讓自駕車在真實道路上累積經驗、進而幫助政府把法規修訂得更完善的機會。
 畢竟歷史上像飛機或新藥的法規，很多也都是在實際上路運作後，才慢慢修改到好的。如果我們堅持沒有完美的法律就不准測試，那科技可能永遠走不出實驗室。
我的改變是：我不再要求一開始就要有「完美的究責法規」，但我依然堅持在開放上路前，必須要有「最底線的負責機制」。例如，政府可以要求那些想上路測試的科技公司，必須先預繳一筆高額的意外賠償基金，或者簽署承諾書，約定在肇事責任還沒完全釐清前，企業端要先無條件承擔受害者的賠償。
","修正(Revise)：批評很可能成立，我的核心立場會有很大調整，即使整體方向不變。The objection is likely valid, so my core position needs major revision, even if its overall direction remains the same.","批評很可能成立，我需要調整是，我不再堅持一開始就要有「完美的究責法規」，但我整體的方向依然是「責任追溯與課責優先」。
因為我覺得，如果完全放棄究責，等於是讓科技公司可以為所欲為，把研發的風險全部轉嫁給無辜的路人。所以我的底線是，在開放上路前，政府至少要先規定一個「最底線的負責機制」，像是要求企業先簽署承諾書，或者先準備一筆賠償基金。這樣一來，就算出事了，受害者也不會求助無門。","如果堅持我這個「責任優先但可以微調」的立場，我們必須付出的代價，就是自駕車的研發和普及速度一定會變慢。因為企業必須花更多時間去配合法規、準備保證金，整體的營運摩擦力會變大。
這個代價的承擔者，一方面是研發自駕車的科技巨頭，他們要多花錢跟心力；另一方面就是我們一般大眾，要等更久才能享受到這項新科技。
但我認為這個代價絕對值得付出！因為人命關天，我們不能為了一家公司的研發速度，就犧牲掉行人的安全。
至於要怎麼減緩這個代價？我覺得可以用「分區、分階段測試」來補償。像是先在人比較少、封閉的園區或是特定路段測試，只要這區的安全證明夠了，再慢慢開放到一般市區。這樣既能讓研發繼續推進，也能把風險跟究責範圍控制在一定程度內，不至於讓大家覺得完全沒保障。",
2026/04/28 18:15:12,"效益優先 (Benefit First)：只要長期能顯著降低整體交通死傷，自駕車部署就可被接受。If self-driving cars can significantly reduce overall traffic injuries and deaths in the long run, their deployment can be justified.","我們本身開車的時候也因疲勞、酒駕和毒駕造成大量交通事故，相較之下自駕車如果稍微改進後，長期下來其實有機會可以更普及
我選擇「效益優先」的原則，因為此原則重視生命安全最大化為優先，而不是只避免個別風險。
以這點來說，政府與企業不該因為單一事故而去禁止自駕車發展，而是應該加強監督，而不是放任不管",把「效益優先當成判斷自駕車能否部署的首要考量，看似合理，但他的根本問題是把人命當成可交換的數字，因為它忽略了每一條生命的不可替代性,"限定(Qualify)：批評部分成立，但我的核心立場不變，只是需加上特定條件或在特定情形下成立。The objection is partly valid, but my core position remains the same. It only holds under certain conditions or in certain cases.",批評部分成立，但我的立場在自駕車有通過嚴格安全測試的條件下仍然能成立，因為整體的死傷率才能有效下降,自駕車還沒完全安全前，還是可能會有人因為事故受傷或死亡，這些風險會落在用路人身上，而不是車子本身。我覺得如果長期下來自駕車可以更安全，那這個代價可以接受，不過要增加法規來規範,如何同時兼顧安全與生命不被犧牲之間的界線
2026/04/28 18:15:14,"一般用路人風險保護優先 (Road User Protection First)：自駕車的研發與測試風險，不應主要由行人、騎乘者與其他一般用路人承擔。The risks of developing and testing self-driving cars should not fall mainly on pedestrians, cyclists, and other road users.","In fact, the drivers and passengers are more aware of the risks than other road users, so I choose road users protection first.
""Awareness of risk or not"" is my core value, I think  it's not reasonable that put the risk in the hands of the uninformed.",把風險知情與否當成判斷自駕車能否部署的首要考量，看似合理，但它的根本問題是路人的隨機性，因為他忽略了路人本身的行為是否合乎交通安全，盲目保護路人可能導致更大的傷亡。,"限定(Qualify)：批評部分成立，但我的核心立場不變，只是需加上特定條件或在特定情形下成立。The objection is partly valid, but my core position remains the same. It only holds under certain conditions or in certain cases.",批評部分成立，因此我認為保護路人的過程中，應該先判斷何者遵守交通規則，若兩者皆沒有明顯交通上的過失，才優先選擇保護路人,電動車的購買意願可能因此降低，因為駕駛和乘客的風險會高於路人。如果電動車實際上真的比油車安全，那就反而犧牲了整體的交通安全。,
2026/04/28 18:15:25,"一般用路人風險保護優先 (Road User Protection First)：自駕車的研發與測試風險，不應主要由行人、騎乘者與其他一般用路人承擔。The risks of developing and testing self-driving cars should not fall mainly on pedestrians, cyclists, and other road users.","P1： Uber 自駕車在公共道路進行測試時，導致了不知情的行人撞擊事故，主因包含感測器誤判與測試員分心。
P2： 研發新科技的風險與負擔不應產生嚴重的不對稱分配 。特別是針對一般用路人，他們在未獲益且未同意參與實驗的情況下，不應成為系統開發成本的犧牲品 。這保護的是個人的生命安全權 。
C： 自駕車開發者不應該在未確保極高安全性、或未對一般用路人提供足夠保障前進行公共道路測試。這類部署必須優先落實對第三方風險的最小化，而非優先考量技術研發的效率 。",把一般用路人風險保護優先當成判斷自駕車能否部署的首要考量，看似合理，但它的根本問題是它可能導致技術發展的停滯與延遲，犧牲了效益優先所能帶來的長期福祉，因為它忽略自駕車雖然在開發期有風險，但長期而言能大幅降低人類駕駛因疲勞或失誤導致的事故總數。,"限定(Qualify)：批評部分成立，但我的核心立場不變，只是需加上特定條件或在特定情形下成立。The objection is partly valid, but my core position remains the same. It only holds under certain conditions or in certain cases.",批評部分成立，但我的立場在確保開發者負擔完全的無過失責任賠償條件下仍然能成立，因為個人不應被僅僅當作實現集體長期利益的工具，且對於那些第三方用路人而言，這種不對稱的風險分配在倫理上是不可接受的,"選擇這個立場的代價是技術落地速度變慢，且開發成本大幅提升。
未來的社會大眾和科技開發者與企業會因此承擔這個代價。
但我認為這是為了守護生命權與環境空間隱私所必須付出的正當成本 。",最令我感到不確定的是，AI 的安全影響往往被描述為可預測地不可預測，我們明確知道 AI 系統必然會犯錯或發生失誤 ，但我們無法預知這些錯誤具體會在哪個場合、以何種形式出現。如果錯誤的形式是不可預知的，那麼無論我們在沙盒環境中進行多少次測試，是否永遠無法宣稱這套系統具備倫理上的部署正當性？
2026/04/28 18:15:30,"一般用路人風險保護優先 (Road User Protection First)：自駕車的研發與測試風險，不應主要由行人、騎乘者與其他一般用路人承擔。The risks of developing and testing self-driving cars should not fall mainly on pedestrians, cyclists, and other road users.","P1：Uber自駕車的技術仍未成熟，對環境的辨識與決策能力存在不確定性。Uber自駕車事故中，一般用路人往往會暴露在這種風險之中。
P2：我主張一般用路人風險保護優先。其核心價值是避免將這些風險加諸到無辜的用路人身上。
C：企業及政府不應該讓測試性質的自駕車在一般道路上行駛，不應將這些風險帶給一般用路人。",把一般用路人風險保護當成判斷自駕車能否部署的首要考量，看似合理，但它的根本問題是對風險採取過度保守、近乎要求零風險，可能導致存在任何微小的不確定性就會讓自駕車無法進入真實環境做驗證，因為它忽略（或犧牲了）這點微小不確定性造成的風險可能低於人類駕駛的風險，因此延後部署可能會讓本可以避免的傷亡發生。,"限定(Qualify)：批評部分成立，但我的核心立場不變，只是需加上特定條件或在特定情形下成立。The objection is partly valid, but my core position remains the same. It only holds under certain conditions or in certain cases.",批評部分成立，但我的立場在風險不被不成比例的轉嫁給一般用路人的條件下仍然能成立，因為公共道路上本來就存在著一定的風險，但這個風險應該要是公平分配且在合理範圍內的，而不該由無辜的一般用路人承擔技術不成熟所帶來的風險。,這個立場可能會造成延緩技術的發展以及發展技術的成本提高，這些代價應該由企業及社會共同承擔。我認為這是值得的，因為我們不能將無辜的一般用路人當作風險承擔者。我們可以透過分批部署或安全設計標準來減緩這些代價。,我覺得如果要求零風險才能上路，那自駕車可能就無法上路了。感覺是只要風險低於人類駕駛的風險就能上路了，只是不知道要如何得知這個風險，不知道有沒有辦法量化。
2026/04/28 18:15:30,"效益優先 (Benefit First)：只要長期能顯著降低整體交通死傷，自駕車部署就可被接受。If self-driving cars can significantly reduce overall traffic injuries and deaths in the long run, their deployment can be justified.","P1: 符合標準的自駕系統能減低事故率。
P2: 降低事故率能減少用路人傷亡，增進社會安全。
C: 在能降低事故率時，政府應允許部署自駕系統，以增進用路人安全。",把效益當成判斷自駕車能否部署的首要考量，看似合理，但它的根本問題是事前難以預知部署後的事故率，因為它忽略模擬情形與實際情況的不同。,"限定(Qualify)：批評部分成立，但我的核心立場不變，只是需加上特定條件或在特定情形下成立。The objection is partly valid, but my core position remains the same. It only holds under certain conditions or in certain cases.",批評部分成立，但我的立場在經過充足小規模測試後，能證明能降低事故率的條件下仍然能成立，因為能避免大範圍權益損害，並使能降低事故率的系統得以成熟化。,小規模測試時受影響者的權益仍然受損。,
2026/04/28 18:15:52,"責任追溯與課責優先 (Accountability First)：若事故發生後無法清楚追溯責任、說明決策依據並進行有效課責，則不應部署。If, after an accident, responsibility cannot be clearly traced, the basis of the decision cannot be explained, and effective accountability cannot be imposed, then deployment should not be allowed.",由於責任歸屬有太多層面 (包含駕駛、廠商、工程師、路人、甚至環境)，因此很難咎責。也因此我主張責任追朔與課責優先。在無法完全釐清肇事後責任歸屬前，不應讓自駕車上路。,把主張責任追朔與課責做為優先考量，但實際問題是，即便真的這麼做，要完全釐清責任歸屬，並給出正確公平的判決仍是有點不太可能達成，且可能增加行政成本。因此，與其如此，不如以全體人的利益為主。,"堅持(Defend)：批評不成立，我的立場完全不變，我能說明為什麼。The objection fails. My position does not change, and I can explain why.",批評不成立，即便可能無法做出完全公平之最後判決，也不應該在一開始就放棄主張責任追朔與課責。這樣至少在真的出事時，先有辦法做出初步的責任判定。,會增加行政成本，且犧牲了累積資料庫的機會。,和先前一樣，所有的主張都無法互補，因此很難做抉擇，或思考有無折衷的方式。
2026/04/28 18:16:02,"責任追溯與課責優先 (Accountability First)：若事故發生後無法清楚追溯責任、說明決策依據並進行有效課責，則不應部署。If, after an accident, responsibility cannot be clearly traced, the basis of the decision cannot be explained, and effective accountability cannot be imposed, then deployment should not be allowed.","P1：自駕車在測試期間駛於公共道路上卻因系統判斷失誤導致行人死亡，事後沒有人在刑事層面被明確追究，在制度上沒有留下有人必須回答的結果。
P2：當一個行動者選擇將風險加諸於他人，就代表這個人應該對那個風險的後果保持回應的道德關係。我主張課責機制的核心價值不是懲罰，是維繫公共信任的必備條件。如果企業可以在課責框架不清楚的情況下使用公共道路測試技術，等於允許風險的利益由私人獲取，代價卻由不知情的公眾承擔。
C：自駕車在進入公共空間之前，監管機構應先建立明確的責任歸屬框架，讓課責對象在事故發生前就是可識別的。企業不應以技術複雜、責任難以釐清為由迴避問責，若複雜性本身可以免責，將引發社會一定的混亂與究責問題。",把責任追溯當成判斷自駕車能否部署的考量根本的問題是將制度完備程度凌駕於實際的生命保護，課責框架建立需要時間，而在這段時間裡仍可能發生人為駕駛疏失。如果自駕技術在統計上能減少事故，那堅持課責不清就不能部署等於是用還沒出生的制度去換已經在發生的死亡，但它保護的是制度的乾淨而不是真實的人，受害者家屬更想要的是少一起事故，而不是多一份清楚的責任歸屬書。,"堅持(Defend)：批評不成立，我的立場完全不變，我能說明為什麼。The objection fails. My position does not change, and I can explain why.",我覺得這個批評不成立，因為這個批評預設建立課責框架是事後制度的補救，但實際上我認為的要建立清楚的責任歸屬，開發者就必須事先想清楚系統在各種情境下可能如何出錯、錯了算誰的責任。這個事先釐清的過程本身就會逼使技術設計得更嚴謹保守。換句話說課責優先不是在拖延部署、等制度趕上技術，而是在要求企業把安全思考內建進開發流程裡。,這個要求會讓部署速度放慢很多，如果自駕技術在統計上確實比人為駕駛更安全，那每延遲一年部署就意味著某些原本可以避免的事故沒有被避免。課責框架要求企業或政府事先想清楚所有出錯情境，但試想所有情境在現實中幾乎是不可能的，這個標準若被嚴格執行可能變成一個永遠達不到的門檻。,這個議題的三個選項對我來說我只能選出最優解，但只要有更好的選項我可能改變答案。
2026/04/28 18:16:05,"一般用路人風險保護優先 (Road User Protection First)：自駕車的研發與測試風險，不應主要由行人、騎乘者與其他一般用路人承擔。The risks of developing and testing self-driving cars should not fall mainly on pedestrians, cyclists, and other road users.",她並未參與自駕技術的開發，也沒有購買相關服務，我主張一般用路人風險保護優先。其核心價值在於正義分配。倫理上，當研發商為了獲取利益或驗證技術而製造風險時，該風險不應轉嫁給對此技術既無獲益意願、也沒有知情同意權的第三方。行人與騎士在道路交通中屬於弱勢，法律與倫理應該要優先保障其生存權與自主權。我認為在技術還沒辦法保證能百分之百優先保護路人之前，政府不該隨便讓自駕車在一般道路上測試。研發單位應該在封閉的場地練好再出來，而不是把公共馬路當成試車場，讓路人承擔不屬於他們的風險。,把一般用路人風險保護當成首要考量，但最大的問題是它太過保守。因為它忽略了人類開車其實更危險的也有更多不確定性。如果我們因為怕傷到路人就一直禁止自駕車上路，ai無法學習到實際上開上路會遇到甚麼問題。這種為了保護少數路人而阻礙技術進步的想法，實際上是犧牲了未來ai發展的權利。,"限定(Qualify)：批評部分成立，但我的核心立場不變，只是需加上特定條件或在特定情形下成立。The objection is partly valid, but my core position remains the same. It only holds under certain conditions or in certain cases.",如果一直不測試，技術就永遠不會進步。但我的立場在大幅縮小風險差距的前提下還是成立的。我的修正方案是：自駕車可以測試，但它對路人造成的風險必須遠低於人類開車，而且廠商要證明他們已經做了所有可能的安全措施。,"研發速度會變慢，因為在虛擬環境或封閉場地裡要把所有路況都模擬完， 開發商要花更多錢，而我們這些一般大眾，可能要多等好幾年、甚至幾十年，才能享受到完全不用自己開車的便利。
我覺得非常值得。我覺得安全感是社會運作的基礎。如果大家走在路上都要擔心會被一台還在實習中的機器人撞到，這種心理壓力跟集體恐懼，是再進步的技術都補償不了的。科技進步應該是為了讓人生活得更安心。",
2026/04/28 18:16:08,"責任追溯與課責優先 (Accountability First)：若事故發生後無法清楚追溯責任、說明決策依據並進行有效課責，則不應部署。If, after an accident, responsibility cannot be clearly traced, the basis of the decision cannot be explained, and effective accountability cannot be imposed, then deployment should not be allowed.","P1 ： 在 Uber 自駕車事故中，技術系統的決策黑盒導致事故發生後，難以釐清是感測器失效、演算法邏輯錯誤，還是安全駕駛員的疏忽。
P2 ： 我主張「課責性」應優先。其核心價值在於「正義與透明度」。如果一個系統在造成損害後無法解釋原因，也無法明確法律或道德責任歸屬，那麼該系統就缺乏社會契約中的正當性。
PC ： 基於上述理由，自駕車研發公司與政府應在無法確保「透明課責機制」前，禁止其在大規模公共道路部署；在事故發生時，必須有明確的機制判定責任歸屬，而非以「演算法隨機性」脫罪。",把課責性當成判斷自駕車能否部署的首要考量，看起來合理，但它的根本問題是過於保守且可能阻礙技術進步，因為它忽略整個社會的安全效益。如果因為法律責任難以釐清就禁止部署，可能會讓原本能透過 AI 降低的 90% 人為車禍傷亡繼續發生。,"限定(Qualify)：批評部分成立，但我的核心立場不變，只是需加上特定條件或在特定情形下成立。The objection is partly valid, but my core position remains the same. It only holds under certain conditions or in certain cases.",若選「限定，是因為：批評部分成立，但我的立場不變，只是需加上特定條件。我承認過度追求課責可能延緩技術發展，但我的立場在「必須建立事故緩解與黑盒記錄強制化』的前提下依然能成立。因為缺乏課責的進步是危險的，我們應在確保技術可以追朔的前提下，分階段開放測試。,"代價：研發速度變慢、法律合規成本大幅增加。
誰承擔： 自駕車開發廠商以及原本可能受惠於自駕技術的潛在受益者。
值得嗎： 我認為值得。雖然為了安全必須要監控並課責，但我還是對技術黑盒可能剝奪被害者求償權力。",當 AI 的決策邏輯演化到人類完全無法理解的程度時，我們是否還能用人類現有的「過失責任論」來衡量它？
2026/04/28 18:16:08,"效益優先 (Benefit First)：只要長期能顯著降低整體交通死傷，自駕車部署就可被接受。If self-driving cars can significantly reduce overall traffic injuries and deaths in the long run, their deployment can be justified.","P1:自駕車的事故率低於人類
P2:就是因爲現在的效益不足才會撞到人，所以應該提高效率
C:自駕車廠商應該提供事故率低的車種",把效益優先當成判斷自駕車能否部署的首要考量，看似合理，但它的根本問題是不一定能有效的降低事故率，因為它忽略實驗的環境和現實環境的不同,"修正(Revise)：批評很可能成立，我的核心立場會有很大調整，即使整體方向不變。The objection is likely valid, so my core position needs major revision, even if its overall direction remains the same.",批評很可能成立，我需要調整車廠在部署前應該保證使用電動車的事故率低，但整體方向仍是效益優先，因為事故率確實有下降,廠商的測試時間被拉長且部署效率降低，使其成本增加,
2026/04/28 18:16:10,"效益優先 (Benefit First)：只要長期能顯著降低整體交通死傷，自駕車部署就可被接受。If self-driving cars can significantly reduce overall traffic injuries and deaths in the long run, their deployment can be justified.",在台灣發生眾多事故的情況下就算為了好處而快速投入實用，自駕會出事故的機率也會比人還低,把不會發生事故當成判斷自駕車能否部署的首要考量，看似合理，但它的根本問題是路上會發生的突發事件是非常多是設計者無法預估的，因為它忽略（或犧牲了）路上的突發性事件,"堅持(Defend)：批評不成立，我的立場完全不變，我能說明為什麼。The objection fails. My position does not change, and I can explain why.",批評不成立，因為台灣的交通狀況真的很差，與其培養台灣人遵守交通法規不如大量投入自動駕駛,沒有,
2026/04/28 18:16:10,"效益優先 (Benefit First)：只要長期能顯著降低整體交通死傷，自駕車部署就可被接受。If self-driving cars can significantly reduce overall traffic injuries and deaths in the long run, their deployment can be justified.","P1 - 自駕車技術雖有感測裝置，但在過渡期仍無法完全避免意外。
P2 - 我主張「效益優先」原則應優先考量。其核心價值在於「社會總體損害最小化」。我們應該追求的是全體交通致死率的穩定下降，而非因道德猶豫導致更隨機、無序的傷亡。
C - 社會應共同承擔技術未成熟時的風險，並由社會補償機制對受犧牲者進行補償。",把效益優先當成判斷自駕車能否部署的首要考量，根本問題是它將人的生命簡化為可以加減計算的成本，因為它忽略了個體生命的絕對尊嚴與不可侵犯性，導致守法的路人可能因為人數較少而被迫成為集體安全的祭品。,"堅持(Defend)：批評不成立，我的立場完全不變，我能說明為什麼。The objection fails. My position does not change, and I can explain why.",批評部分成立，但我的立場在「社會補償制度完備且決策邏輯完全透明」的條件下仍然能成立，因為批評者認為生命不應被量化為加減成本，這在道德上確實成立，任何一個個體的犧牲對於其家庭都是百分之百的毀滅。然而，在自駕車技術尚未成熟的過渡期內，社會必須共同承擔這種風險，這是一種為了換取未來更高安全性的路徑抉擇。。,"代價是犧牲「個體基本價值」。
承擔者： 由事故情境中處於少數的一方承擔。
我認為這個代價在短期內是值得付出的，因為這是換取未來零傷亡社會的必經路徑。但代價應透過建立國家級自駕事故基金來減緩，讓受犧牲者及其家屬獲得足夠的尊嚴補償，而非由其個人自認倒楣。",法律該如何定義那個被犧牲者的權利被剝奪
2026/04/28 18:16:16,"責任追溯與課責優先 (Accountability First)：若事故發生後無法清楚追溯責任、說明決策依據並進行有效課責，則不應部署。If, after an accident, responsibility cannot be clearly traced, the basis of the decision cannot be explained, and effective accountability cannot be imposed, then deployment should not be allowed.","P1:如果無法明確歸屬責任會導致受害者無法獲得好的賠償。 
P2: 我主張責任追溯與課責優先。該原則的核心價值是在發生任何事故時，都要有明確的對象能承擔法律與道德責任。
C: 車商應該事先擬定責任歸屬。若無法擬定，則不能進行買賣。",「把責任歸屬當成判斷自駕車能部署的首要考量，看似合理，但它的根本問題是過度要求責任歸屬而犧牲了自駕車帶給我們的安全性。」,"限定(Qualify)：批評部分成立，但我的核心立場不變，只是需加上特定條件或在特定情形下成立。The objection is partly valid, but my core position remains the same. It only holds under certain conditions or in certain cases.",「批評部分成立，但我的立場在完善歸責制度條件下仍然能成立，因為明確的責任歸屬是公共領域的基本正義底線，否則將瓦解大眾對社會的信任。」,"主要代價是技術研發成本上升。企業需投入大量資源進行合規紀錄與法律保險，開發者與社會大眾則需承擔暫時無法享受便利的方法。
值得。 因為在現代社會，新技術的推廣應該要確保有人負責，技術才能長久。",如何在法治底線與科技之間找到真正的平衡點，這是我目前最掙扎的地方。
2026/04/28 18:16:26,"效益優先 (Benefit First)：只要長期能顯著降低整體交通死傷，自駕車部署就可被接受。If self-driving cars can significantly reduce overall traffic injuries and deaths in the long run, their deployment can be justified.",根據新聞報導，車禍大多都是人為疏失，以效益優先應該要嚴格設計開發和測試流程，確保能降低意外風險，因此自駕車在設計上應該要能輔助駕駛者並降低車禍死傷的狀況,把效益優先當成判斷自駕車能否部署的首要考量，看似合理，但它的根本問題是每個角色承擔的風險不平均，因為它忽略非自駕車使用者的權益，像是行人被迫承擔生命威脅的風險。,"限定(Qualify)：批評部分成立，但我的核心立場不變，只是需加上特定條件或在特定情形下成立。The objection is partly valid, but my core position remains the same. It only holds under certain conditions or in certain cases.",批評部分成立，但我的立場在自駕車開發和測試環境有政府嚴格把關與政府設立完整的法規條件下仍然能成立，因為自駕車要長期監控，才能有效降低交通事故的死傷，讓大家的利益最大化。,非自駕車使用者需要承擔生命威脅的風險，以及企業需要花費更多成本開發自駕車以確保品質，若自駕車使用者和企業主動分擔後續責任，政府協助自駕車的開發過程，可以減緩代價,
2026/04/28 18:16:48,"一般用路人風險保護優先 (Road User Protection First)：自駕車的研發與測試風險，不應主要由行人、騎乘者與其他一般用路人承擔。The risks of developing and testing self-driving cars should not fall mainly on pedestrians, cyclists, and other road users.","P1：自駕車存在未被訓練的場景或即使訓練過仍然誤判路況等造成反應失靈的事實
P2：我主張一班用路人風險保護優先原則、此原則的核心價值為將第三方人車可能傷亡的風險降至最低。
C：廠商在開發自駕車時，應該挑選不會傷及無辜的路段，避免造成任何可能的人車損傷或傷亡。",此原則有個重大問題。它會使自駕車缺乏在高車流量的道路上行駛的數據。若是堅持開發測試期間必須遵守風險最低的這個原則，犧牲的是大眾對自駕車的信心，與相較開放更低的安全度。,"堅持(Defend)：批評不成立，我的立場完全不變，我能說明為什麼。The objection fails. My position does not change, and I can explain why.",批評不成立，因為可以透過類似AR的技術，模擬自駕車在面對如此情況應該如何應對，再透過人工糾正，實現訓練的過程。,"1.公司：需付出更高的開發週期，技術，成本等代價。可透過給與公司補貼與促成產業合作解決。
2.用路人和大眾：大眾的信心可能是被犧牲的一個隱藏價值。面對沒有實際上路試驗的自駕車，用路人真的能抱持樂觀嗎？可以透過透明化與普及製造過程稍微彌補。",
2026/04/28 18:16:50,"一般用路人風險保護優先 (Road User Protection First)：自駕車的研發與測試風險，不應主要由行人、騎乘者與其他一般用路人承擔。The risks of developing and testing self-driving cars should not fall mainly on pedestrians, cyclists, and other road users.","P1（事實）：目前行動Ai的運作程序仍然是個黑箱，人類無法完全瞭解其運作和思路，導致Ai只能以主觀評判去進行
P2（規範）：我認為法律或國家應該設定以保障人民的權益優先的安全標準為優先。若Ai處罰，企業應該承擔所有不成比例的風險比例的承擔風險。
C（結論）：既然自駕AI的決策過程無法被外部檢驗，且風險由不知情的公民承擔，則在透明度與問責機制尚未建立前，國家不應允許企業將黑箱系統部署於公共空間。一旦發生事故，企業應承擔嚴格責任，而非以「技術尚在學習」為由卸責。",把一般用路人風險保護優先 (當成判斷自駕車能否部署的首要考量，看似合理，但它的根本問題是會犧牲科學家們的權利，因為它忽略（或犧牲了）科學家陷入創新和法律準則。,"堅持(Defend)：批評不成立，我的立場完全不變，我能說明為什麼。The objection fails. My position does not change, and I can explain why.",批評部分成立，但我的立場可以在法律責任上透明化，而可保障權利條件下仍然能成立。,創新與安全倫理的兩難，讓我選擇以安全倫理為優先，但可以透過第三方責任方去評估和協調“非主流”的規範是否成立,
2026/04/28 18:16:53,"一般用路人風險保護優先 (Road User Protection First)：自駕車的研發與測試風險，不應主要由行人、騎乘者與其他一般用路人承擔。The risks of developing and testing self-driving cars should not fall mainly on pedestrians, cyclists, and other road users.","p1.在公共道路的車輛訓練與優化未完全成熟，面對複雜的真實路況，仍無法辨識行人或辨識障礙物
p2. 我主張一般用路人風險保護優先，一般用路人不該承擔自駕車的潛在風險
c.自駕車開發企業在系統未成熟前，不應該將未成熟的車輛直接上路進行測試",堅持一般用路人風險保護優先雖然合理，但過度保守可能反而拖累科技發展，即使早期有風險，過渡期的社會成本也是必要的,"堅持(Defend)：批評不成立，我的立場完全不變，我能說明為什麼。The objection fails. My position does not change, and I can explain why.",核心立場沒有改變。雖然絕對禁止公共測試會阻礙進步，我主張在堅持保護優先的前提下，允許極度受限的公共測試，必須先在封閉環境達到極高安全標準，這樣守住倫理底線，又不錯失長期效益。,代價是為了安全就會失去科技發展的速度，全體人類都會受影響，社會將延後享有自駕車帶來的整體安全效益，科技公司會承擔開發時間與難度變高的成本，我認為這個代價值得付出，人類的安全大於一 切，路人不該是免費的白老鼠,有看到說法是自駕車最終若能成熟，可能每年挽救數十萬甚至上百萬條人命，現有的少數犧牲換取未來的廣大效益是否值得，並且要等科技成熟才能廣泛使用，成熟並沒有定義，
2026/04/28 18:16:53,"一般用路人風險保護優先 (Road User Protection First)：自駕車的研發與測試風險，不應主要由行人、騎乘者與其他一般用路人承擔。The risks of developing and testing self-driving cars should not fall mainly on pedestrians, cyclists, and other road users.","P1：自駕車非必要，如果要額外犠牲一般人權利的話不如不用。因此不造成一般用路人負擔應該是首要條件。
P2：主張一般用路人風險保護優先。新技術的應用前提是不會額外壓縮到一般人安全。
C：自駕車公司應該確認模擬環境可能會有的狀況，並告知使用者自類車輛應避免行駛於太超出測試環境的路段。",把「一般用路人風險保護優先」當成判斷自駕車能否部署的首要考量，但風險保護是到什麼程度？以及限制太多可能導致技術發展停滯，無法更快達到原本計畫的最佳成果。,"堅持(Defend)：批評不成立，我的立場完全不變，我能說明為什麼。The objection fails. My position does not change, and I can explain why.",批評不成立，基於保障一般人權益，物理AI科技應該要將安全風險降到最低才能公開給民眾使用，若還無法達成，就應該在模型訓練、發展都合格後才上路。,科技發展的人類福祉會被排到後面。但若是要犧牲現在的一般人安全，且無法證明絕對可以大幅改善生活品質的情況下，我覺得這樣的計畫沒有必要性。,
2026/04/28 18:18:10,"一般用路人風險保護優先 (Road User Protection First)：自駕車的研發與測試風險，不應主要由行人、騎乘者與其他一般用路人承擔。The risks of developing and testing self-driving cars should not fall mainly on pedestrians, cyclists, and other road users.",在 Uber 自駕車事故中，最明顯的事實是：自駕車仍處於測試與發展階段時，真正承擔風險的人不只有公司、工程師或車內安全駕駛，還包括路上的行人、腳踏車騎士與其他用路人。這些人沒有主動同意參與測試，卻可能因為系統辨識錯誤、監督失靈或反應太慢而受害。Uber 案就顯示出，自駕系統與人類備援都可能同時失效，而一旦失效，最先承受後果的往往是最脆弱、也最沒有選擇權的一般用路人。我主張應優先考慮「一般用路人風險保護優先」，因為這個原則保護的核心價值是公平分配風險與基本人身安全。技術創新本身不是錯，但不能把研發與部署的風險，主要轉嫁到沒有同意、也無法有效拒絕的一般人身上。尤其道路是公共空間，不是科技公司可以隨意把他人暴露在高風險下的實驗場。即使自駕車未來可能帶來好處，現階段也不能為了追求技術進步，就默許普通用路人成為主要風險承擔者。因此，在 Uber 這類自駕車事故案例中，企業與政府不應只問「這技術有沒有前景」，而應先問「它是否把過高的測試風險加在一般用路人身上」。如果答案是有，那麼部署就不應被輕易允許。比較合理的做法是：只有在安全表現已經有充分證據、測試範圍受到嚴格限制、且對一般用路人的額外風險被降到可接受程度時，自駕車才可以逐步上路。,"把「一般用路人風險保護優先」當成判斷自駕車能否部署的首要考量，看似合理，但它的根本問題是，它可能忽略了長期整體效益。
因為如果過度強調不能讓任何一般用路人承擔額外風險，那自駕車技術就會很難進入真實道路環境，也就無法累積足夠資料進一步改善。結果反而可能讓社會繼續承受人類駕駛長期造成的大量車禍、酒駕、疲勞駕駛與分心駕駛事故。換句話說，過度保護當下的個別風險，可能犧牲了未來大規模降低交通傷亡的機會。","限定(Qualify)：批評部分成立，但我的核心立場不變，只是需加上特定條件或在特定情形下成立。The objection is partly valid, but my core position remains the same. It only holds under certain conditions or in certain cases.","我承認反對者提出的一點很重要：如果完全不讓自駕車進入真實環境，那技術確實很難進步，也可能延後未來整體交通安全改善的可能性。所以「一般用路人風險保護優先」不能被理解成「只要有風險就全面禁止」。真正比較合理的理解是：風險可以存在，但不能主要落在沒有同意的一般人身上，也不能高到超出可接受範圍。

因此，我的立場沒有改變方向，但要加上條件：
自駕車可以在限定區域、限定時段、限定場景下逐步部署，而且必須有足夠透明的安全標準、即時監督機制，以及事故後的補償與檢討制度。這樣才能在技術發展與保護一般用路人之間取得比較合理的平衡。","這個選擇的代價是：自駕車技術的發展速度可能會變慢，企業的測試成本也會更高。
因為如果把一般用路人的安全放在第一位，就代表公司不能輕易把還不成熟的系統直接放到開放道路上大量測試，而必須先投入更多資源在模擬測試、封閉場域測試、安全驗證、監督設計與保險補償機制上。這樣做一定會增加時間與成本，甚至可能讓某些創新延後。

承擔這個代價的人，主要是自駕車公司、投資者，以及期待技術快速成熟的消費者。某種程度上，整個社會也會承擔一部分代價，因為未來可能更安全、更便利的交通技術會來得比較慢。

但我認為這個代價仍然值得，因為它避免的是把風險直接壓到最沒有選擇權的人身上。至於這個代價能不能被減輕，我認為可以：例如透過更完整的模擬環境、分階段部署、特定區域試營運、外部安全審查，以及建立事故補償基金等方式，都能降低「保護用路人」所帶來的創新成本。","目前最讓我猶豫的是：我們到底要用什麼標準判斷「可接受的風險」？
因為如果標準太嚴，自駕車幾乎永遠都很難上路；但如果標準太寬，又可能只是把風險合理化，讓一般用路人替技術發展承擔代價。我不確定的是，自駕車到底要做到「比平均人類駕駛更安全」就夠了，還是應該做到「明顯更安全」才可以部署。

另外，我也會猶豫一件事：如果自駕車長期真的能減少更多車禍，那我們是否可以接受短期內某些事故作為過渡代價？這個問題最難的地方就在於，統計上的長期好處，往往是建立在當下某些具體受害者真的受傷甚至死亡的基礎上。這種把長期效益和個體傷害放在一起衡量的做法，正是我目前最不確定、也最難下定論的地方。"
2026/04/28 18:18:10,"責任追溯與課責優先 (Accountability First)：若事故發生後無法清楚追溯責任、說明決策依據並進行有效課責，則不應部署。If, after an accident, responsibility cannot be clearly traced, the basis of the decision cannot be explained, and effective accountability cannot be imposed, then deployment should not be allowed.","P1：
Uber 自駕車事故顯示，自駕系統即使已部署於公共道路，仍然可能在技術尚未成熟、監督不足或決策邏輯不透明的情況下，直接讓無辜用路人成為測試風險的承擔者。更嚴重的是，一旦事故發生，如果責任無法清楚界定於開發公司、軟體設計者、安全駕駛員或監管機構之間，受害者不僅難以獲得正義，也可能使制度無法從錯誤中修正。當決策黑箱、責任分散時，社會將失去對技術部署的信任，甚至讓企業以技術進步的名義去逃避應有責任。
P2：
因此，我主張責任追溯與課責優先應該做為首要原則，其核心價值是正義、可問責與制度信任。倫理上可以接受的公共技術部署，不只是追求結果上的效益，更必須去確保每一次風險分配都能夠被說明、每一次傷害都能夠有人負責。如果一項技術在造成傷害後無法被解釋、無沒有辦法被追責，那麼它等於將風險轉移給公眾，違反了程序正義。公共道路不是企業可以去任意試錯的地方，而是涉及所有人生命安全的共同空間，因此自駕車的運行必須建立在清楚的責任結構之上。
C：
基於我上述的言論，自駕車如果無法在制度上做到事故責任可追溯、決策依據可審查、法律責任的可執行，政府與企業就不應該允許其進入公共道路部署。企業必須先建立透明紀錄、責任分配與外部監管機制，監管者也必須以課責能力作為上路前提，而非等事故發生後才補救。",把責任追溯與課責優先當成判斷自駕車能否部署的首要考量，看似合理，但它的根本問題是過度強調程序完備，可能去阻礙能夠大幅降低整體交通死亡的技術進步，因為它忽略了現實中任何重大創新都不可能在初期完全無風險或完全無責任。若要求近乎完美的可追責性才允許部署，可能導致更安全的技術被延後，結果反而讓更多人持續死於人類駕駛造成、其實本可減少的交通事故之中。,"限定(Qualify)：批評部分成立，但我的核心立場不變，只是需加上特定條件或在特定情形下成立。The objection is partly valid, but my core position remains the same. It only holds under certain conditions or in certain cases.",批評部分成立，所以我的立場在自駕技術已經明顯比人類駕駛更安全，且已經有基本責任歸屬、補償與監管制度時不成立，因為如果仍然要求完全可追溯才允許部署，可能延誤更安全的技術、讓更多人持續承受人類駕駛風險；但在一般情況下，只要事故責任不清、決策無法被審查，我依舊主張責任追溯與課責優先，因為公共安全不應該建立在無法被問責的制度上。,"此立場的代價是：自駕技術的研發速度、商業化進程與部分潛在交通安全效益可能被延後。主要承擔者包括企業、消費者，以及可能因此錯失較早交通事故降低效益的社會整體。
我認為這個代價在一定程度上值得付出，因為如果缺乏責任制度便就貿然使用這項技術，受害者將更可能是無法同意風險的一般用路人。不過這代價可以透過許多方式去減緩，像是可以分階段測試、封閉場所驗證、強制紀錄、保險基金與受害者補償制度，而不是只靠全面禁止或全面放行的二分法。","最困難的是：我們究竟應該把自駕車拿來和理想安全標準比較，還是應該和現實中充滿人為錯誤的現有交通系統去比較？
如果自駕車只需比人類平均更安全，也許應該更早的部署；但如果它涉及責任黑箱，即使事故更少，也可能破壞社會對正義的基本要求。如何在降低總傷亡與維持可問責正義兩者畫出合理門檻，是我目前最猶豫的地方。"
2026/04/28 18:18:30,"一般用路人風險保護優先 (Road User Protection First)：自駕車的研發與測試風險，不應主要由行人、騎乘者與其他一般用路人承擔。The risks of developing and testing self-driving cars should not fall mainly on pedestrians, cyclists, and other road users.",Uber 自駕車測試在技術尚未成熟的情況下，部署在真實交通環境，而測試風險最終由不知情的一般用路人承擔，這起事故顯示了系統在偵測與決策上的缺陷，與企業在風險評估的不足。我主張採取一般用路人風險保護優先原則，因為這起事故的發生，企業應該避免將不可控的風險轉嫁給不知情的第三方。在自駕車的開發與測試過程中，企業應承擔風險責任，並採取更嚴格的安全措施，在技術尚未達到足夠安全標準之前，不應將測試直接部署於真實交通環境。,把一般用路人風險保護優先當成判斷自駕車能否部署的首要考量，看似合理，但它的根本問題是將風險降到接近零為前提，這樣幾乎無法在真實環境中開發與驗證，因為它忽略自駕技術必須透過實際道路測試才能持續改進，並且自動駕駛在長期上可能降低整體交通事故與提升公共安全的潛在利益。,"限定(Qualify)：批評部分成立，但我的核心立場不變，只是需加上特定條件或在特定情形下成立。The objection is partly valid, but my core position remains the same. It only holds under certain conditions or in certain cases.",批評部分成立，但我的立場在自駕車測試能將風險控制在可接受範圍，且由企業承擔主要風險責任的條件下仍然能成立，因為一般用路人無法選擇是否承擔風險，且一旦喪失生命是不可逆的，不應該被技術發展所犧牲。,採取一般用路人風險保護優先的立場，代價在於可能減緩自駕技術的發展速度與實際部署速度，因為企業需要投入更多時間與資源來進行安全測試、無法快速在真實環境中大規模驗證技術，可能延遲自駕技術在長期上降低交通事故的潛在利益的實現。這些代價主要由企業與技術開發者承擔，包括更高的研發成本、較長的產品上市時間，整體社會也同時承擔較晚體驗到自駕技術帶來的便利與安全改善。但我認為這個代價是值得付出的，因為與技術發展的效率相比，一般用路人的生命安全在風險分配上應被優先考量。不過可以透過在特定區域進行測試、建立明確的安全標準與審查機制來降低影響。,
2026/04/28 18:18:34,"效益優先 (Benefit First)：只要長期能顯著降低整體交通死傷，自駕車部署就可被接受。If self-driving cars can significantly reduce overall traffic injuries and deaths in the long run, their deployment can be justified.","P1:深度學習的決策過程具有高度不透明性，當事故發生時，難有完善的數據紀錄，在責任的劃分上難去判定是硬體故障、軟體設計瑕疵，或是人為疏失。
P2:我主張「責任追溯與課責優先」應作為首要考量，這個原則的核心價值在於維護「矯正正義」與 「人類的生命權」，因深度學習決策的不透明性，使得責任難以畫分，進一步影響受害者後續的法律救濟破壞了「矯正正義」，此外，課責並非為了懲罰，主要是為了「修正錯誤並重建信任」，只有責任歸屬明確，系統開發者才會有足夠的經濟與道德誘因去修正演算法，避免下一個無辜者受害，若缺乏課責機制，人類的生命將被貶低為科技發展中可被忽略的「統計誤差」，嚴重侵害人類的生命權。
C:政府機關「應該」將「可解釋性」與「明確的法律究責依據」作為發放自駕車上路許可的絕對前提條件。若系統設計方無法證明其系統在事故後能被有效課責，則該項技術的部署就不具備倫理與法律上的正當性，無論其長期的預期效益有多龐大。",把責任追溯與課責優先當成判斷自駕車能否部署的首要考量，看似合理，但它的根本問題是無法有效避免事故發生的機率，因為它忽略了自駕車本身肇事率較高於人為駕車，在此情形下僅規範責任歸屬明確即可上路，是默許事故高機率發生。,"限定(Qualify)：批評部分成立，但我的核心立場不變，只是需加上特定條件或在特定情形下成立。The objection is partly valid, but my core position remains the same. It only holds under certain conditions or in certain cases.",批評部分成立，但我的立場在系統開發商能確保其決策系統的肇事率低於一定比率的條件下仍然能成立，因為沒有準確的歸責機制，系統開發商也難以知道系統具體有甚麼問題，無法有效的修改系統問題，降低事故發生率。,為了歸責機制的建立，自駕車商的需額外多投入資金研發，增加了其設計製造的成本，降低了其利潤，但我認為這個代價是值得付出的，因技術成本會隨時間平攤，剛推出的初期或許利潤不高，但隨著時間推移該技術被社會大眾認可，開始有更多的訂單，初始的成本就被均攤，原本該賺取的利潤仍會獲得，我們亦可以有更安全更有法律保障的行車環境。,
2026/04/28 18:18:40,"責任追溯與課責優先 (Accountability First)：若事故發生後無法清楚追溯責任、說明決策依據並進行有效課責，則不應部署。If, after an accident, responsibility cannot be clearly traced, the basis of the decision cannot be explained, and effective accountability cannot be imposed, then deployment should not be allowed.","P1 uber自駕測試車 偵測到障礙物但因分類系統反覆改變判斷 導致緊急剎車系統被停用
P2 我主張責任追溯與課責優先事實 因為我認為如果事故發生後無法找到人要負責 那對於用路人 駕駛 公司都是沒有保障且不公平的
P3我認為雖然車上有緊急剎車的技術 但駕駛也需要注意 不能因過度相信技術而放鬆滑手機",把責任追溯與課責優先事實當成判斷自駕車能否部署的首要考量 看似合理 但它根本問題是如果太注重事故發生後的責任歸屬 那可能會忽略了如何預防事故發生 無法真正改變公共安全 因為它忽略了檢討與技術發展,"限定(Qualify)：批評部分成立，但我的核心立場不變，只是需加上特定條件或在特定情形下成立。The objection is partly valid, but my core position remains the same. It only holds under certain conditions or in certain cases.",批評部分成立 但我的立場在如果責任歸屬完後 能立即修正且檢討事故發生問題的條件下仍然能成立 因為這樣的話要負責任的人將來也會更加謹慎 減少事故發生增加公共安全 並且能修正問題,我認為付出的代價是安全性問題並沒有因責任追溯而解決 只是能知道是誰要負責而已 一般用路人的安全問題仍然還有隱患 所以我認為 在責任追溯的過程中 也需要提升技術 並檢討事故來解決這個隱患,雖然我選了責任追溯 但我也認為用路人與行人安全一樣重要 兩者都不能忽略 所以我的提倡也有一點把用路人與行人的問題一起帶入討論且有一點被混淆
2026/04/28 18:19:06,"責任追溯與課責優先 (Accountability First)：若事故發生後無法清楚追溯責任、說明決策依據並進行有效課責，則不應部署。If, after an accident, responsibility cannot be clearly traced, the basis of the decision cannot be explained, and effective accountability cannot be imposed, then deployment should not be allowed.","P1：觀察目前的事故案例，意外往往源於兩大因素：一、開發商在情況預想上的缺失，例如系統無法處理特定光影、非正規路口或特殊的物件重疊案例；二、使用者分心，因為過度依賴自動化而忽略了環境監控。這顯示事故並非單點失效，而是技術限制與人為疏忽共同導致的結果。
P2：應優先考量責任追溯與課責。其核心價值在於權責分工的明確化。在AI技術尚未成熟的過渡期，我們不能將正當性建立在系統絕對不會出錯或人類必須完美監督的假設上，而是應該建立一個能清楚界定誰在何時、對何種失效負責的機制。
C：為了讓部署具有正當性，開發商必須透明化其系統的限制，並負起改進預想缺失的責任；同時，使用者不應被賦予完全不必注意的假象，而應在特定的分工框架下承擔行車安全義務。若無法在技術上與法律上釐清這兩者的分界，該系統就不應部署。",把責任追溯與課責當成判斷自駕車能否部署的首要考量，看似合理，但它的根本問題是容易陷入責任互推的泥沼，因為它忽略了系統設計與人類生理極限之間的結構性矛盾。當開發商將使用者分心列為事故主因時，往往是犧牲了普通人難以長時間維持高度專注的生理事實，將系統設計的預想不足轉嫁給個人承擔。,"限定(Qualify)：批評部分成立，但我的核心立場不變，只是需加上特定條件或在特定情形下成立。The objection is partly valid, but my core position remains the same. It only holds under certain conditions or in certain cases.",批評部分成立，但我的立場在開發商必須同時負擔技術透明化與預防性設計的條件下仍然能成立。因為我認為開發商在預想上的缺失與使用者的分心並非獨立事件，而是互為因果的共生關係；在AI感知技術尚未能百分之百處理所有邊界案例的現狀下，人類的監督義務仍是不可或缺的最後防線。課責原則的首要意義並非單純事後懲罰，而是透過明確責任歸屬，倒逼開發商必須針對預想缺失進行技術優化，並設計出能有效防止使用者分心的警示機制。我主張一種動態的分工課責：開發商應誠實揭露技術邊界，而使用者在享有便利的同時也需承擔相應的監控義務，唯有在這種雙向的權責框架下，自駕車的部署才具備倫理上的正當性。,優先選擇責任課責的主要代價在於技術研發成本的劇增與使用者便利性的犧牲。開發商為了達成技術可解釋性並防止使用者分心，必須投入龐大資源開發監測與決策日誌系統，這將導致研發時程拉長並增加技術普及的阻力；而使用者在享有輔助駕駛的同時，仍須背負高度的監控義務與法律責任，這使得自駕技術解放雙手的誘因大幅降低。此外，嚴苛的課責框架可能迫使系統設計趨於過度保守，進而放緩社會整體邁向自動化交通的安全願景。我認為這些代價是必須承擔的，因為唯有建立明確的責任界線，才能避免在事故發生時陷入互推責任的倫理僵局。即便如此，對於被排在後位的一般用路人風險保護，我仍感到有補償的必要，開發商在追求課責制度的同時，應在技術前端投入更多心力，以彌補用路人在這場技術演進過程中所被迫承擔的原始風險。,最讓我感到猶豫的是，雖然我們主張責任課責，但在實務上人類專注力與技術局限的邊界極難定義。身為開發者，我知道模型永遠存在無法預測的邊界，但社會往往對AI抱持零容忍的完美期待。我困惑的是，當事故發生時，我們該如何精確判定那是開發商的預想缺失，還是使用者在該介入時沒介入的分心？這種責任分配在技術數據與法律標準之間存在巨大的灰色地帶，讓我懷疑是否真能達成絕對的公正。
2026/04/28 18:19:25,"一般用路人風險保護優先 (Road User Protection First)：自駕車的研發與測試風險，不應主要由行人、騎乘者與其他一般用路人承擔。The risks of developing and testing self-driving cars should not fall mainly on pedestrians, cyclists, and other road users.","在 Uber 自駕車事故案例中，車子仍處於測試與開發階段，感測系統尚未成熟，難免會有失誤的風險，然後又因為是在公共道路上施行的，所以一般用路人必須承擔風險。
我主張應優先採取「一般用路人風險保護優先」，其核心價值是：避免將自駕車所造成的風險影響到一般用路人身上以維護公平正義。
所以開發商應該在封閉的區域進行測試，如果要在公路上測試必須得獲得那塊地區的一般用路人的許可(他們願意承擔風險)。",把一般用路人風險保護優先當成判斷自駕車能否部署的首要考量，看似合理，但它的根本問題是對風險管理過度嚴格，因為它忽略了人類本來就會自己造成車禍或交通意外，例如酒駕或划手機分心等等...，但如果是自駕車就不會有上述的問題。,"修正(Revise)：批評很可能成立，我的核心立場會有很大調整，即使整體方向不變。The objection is likely valid, so my core position needs major revision, even if its overall direction remains the same.",批評很可能成立，我需要調整對自駕車的限制，稍微放寬標準，但整體方向還是避免將風險施加於一般用路人身上，假如真的發生了，那就要對開發商罰錢或其他懲罰，因為我覺得發展成熟的自駕車是能夠彌補人們的缺點，像是反應力或是判斷路況等等。,我選 一般用路人風險保護優先 為立場，付出的主要代價有技術發展速度變慢，整體的交通安全改善被延後。承擔者除了開發商還有全體用路人。但我覺得這些代價是值得付出的，因為技術發展看起來會因此變慢，但是綜觀整個星球的文明發展史，就會覺得近十年的技術發展已經非常快速了。,比較不確定我的立場改變那邊到底要寫限定還是修正。
2026/04/28 18:19:44,"效益優先 (Benefit First)：只要長期能顯著降低整體交通死傷，自駕車部署就可被接受。If self-driving cars can significantly reduce overall traffic injuries and deaths in the long run, their deployment can be justified.","P1：自駕車已有一定技術、現有交通傷亡很多由人為疏失造成
P2：效益原則，核心價值在於現有交通傷亡可以透過技術革新改善（真的只有討論到這樣）
C：主管機關應允許自駕車在適當實際場外道路進行測試，自駕研發公司也應該落實",根本問題是風險不應由其他使用者承擔，因為它忽略了開發過程不確定性額外的風險（沒辦法討論到）,"限定(Qualify)：批評部分成立，但我的核心立場不變，只是需加上特定條件或在特定情形下成立。The objection is partly valid, but my core position remains the same. It only holds under certain conditions or in certain cases.",批評部分成立，但是立場在技術一直革新的條件下仍然能成立，因為技術革新可以讓人為疏失減少，總體效益比較高（前面同學提過類似論點）,對於技術不能革新的私部門，政府監管不利，用路人安全難以保障。,同學好像不知道各個 stakeholders 的角色差異是什麼，只很模糊的提出立場，很難討論
2026/04/28 18:19:55,"一般用路人風險保護優先 (Road User Protection First)：自駕車的研發與測試風險，不應主要由行人、騎乘者與其他一般用路人承擔。The risks of developing and testing self-driving cars should not fall mainly on pedestrians, cyclists, and other road users.","P1（事實）： 自駕車在開放道路上的研發與測試，不可避免地會將潛在的致命風險強加在行人、腳踏車騎士等一般用路人身上，而這些用路人通常是在不知情且未提供「知情同意（Informed Consent）」的情況下參與了這場大型實驗（例如 Uber 事故中的受害者）。
• P2（規範）： 我主張「一般用路人風險保護優先」。該原則的核心價值是**「不傷害原則（Non-maleficence）」與「尊重自主權」**。在醫學與人體實驗倫理中，我們不能為了未來的整體利益，而犧牲未同意參與實驗者的基本生命安全。這個價值應優先實現，因為基本人權與生命不應被簡化為功利主義下的統計數字。
• C（結論）： 根據 P1 和 P2，在這類自駕車案例中，企業不應該在無法確保對外在弱勢用路人達到極高安全標準前，就貿然於公共道路部署自駕測試車；政府與企業應該將測試限制在封閉場域，或要求必須配備能隨時完美接手的安全駕駛，直到技術能證明其風險低於人類駕駛為止。",把一般用路人風險保護優先當成判斷自駕車能否部署的首要考量，看似合理，但它的根本問題是可能嚴重阻礙並延遲拯救無數生命的技術發展，因為它忽略（或犧牲了）長期的整體社會效益，以及目前每天因『人類駕駛疏失』而造成的龐大交通事故傷亡。,"限定(Qualify)：批評部分成立，但我的核心立場不變，只是需加上特定條件或在特定情形下成立。The objection is partly valid, but my core position remains the same. It only holds under certain conditions or in certain cases.","優先選擇保護一般用路人，所需付出的代價是自駕技術的研發進度會變慢，且企業的測試成本會大幅增加。這個代價主要由研發企業（承擔更高測試成本）以及未來可能因為自駕車普及延遲而無法避免車禍的潛在受害者來承擔。
我認為這個代價是值得付出的，因為保護未同意者的生命權是民主與法治社會的底線。但這個代價可以透過其他方式減緩：例如，政府可以補助或擴建專門的擬真封閉測試城鎮，讓企業有安全的場域累積數據；或者建立嚴格的『沙盒（Sandbox）測試法規』與強制設立龐大的風險補償基金。雖然為了安全必須限制企業的自由測試權，但我仍對研發進度受阻感到遺憾，因此需要政策介入來平衡。",目前最讓我猶豫的點是：**『風險閾值（Risk Threshold）的界線究竟該由誰、以什麼標準來客觀訂定？』**如果我們要求自駕車必須『絕對零風險』才能上路，那科技永遠無法進步；但如果我們允許『一定程度的風險』，這個『一定程度』到底是多少比例的傷亡？社會大眾願意為了未來的交通安全，容忍當下多少無辜生命的犧牲？這似乎是一個科學與工程無法完全解答的道德與政治分配問題，這點讓我感到非常困惑。,無
2026/04/28 18:20:19,"一般用路人風險保護優先 (Road User Protection First)：自駕車的研發與測試風險，不應主要由行人、騎乘者與其他一般用路人承擔。The risks of developing and testing self-driving cars should not fall mainly on pedestrians, cyclists, and other road users.","用路人的安全應為第一優先 不論是否是自動駕駛 所以我原則一般用路人風險保護優先
根據上述只要自動駕駛有危害用路人的可能都不應該上路 當然也有不遵守用路規則這另外討論",把一般用路人風險保護優先當成判斷自駕車能否部署的首要考量，看似合理，但它的根本問題是自駕車的相對法規，因為它忽略了其他便利資源減少浪費等優點,"限定(Qualify)：批評部分成立，但我的核心立場不變，只是需加上特定條件或在特定情形下成立。The objection is partly valid, but my core position remains the same. It only holds under certain conditions or in certain cases.",部分成立，當所有用路人都能遵守法規且自駕車技術成熟，那一般用路人就不會有風險,期待技術的發展但是卻又害怕傷害目前相對安全的用路環境,
2026/04/28 18:20:40,"一般用路人風險保護優先 (Road User Protection First)：自駕車的研發與測試風險，不應主要由行人、騎乘者與其他一般用路人承擔。The risks of developing and testing self-driving cars should not fall mainly on pedestrians, cyclists, and other road users.",一般用路人並未同意參與自駕車的研發與測試，卻要承擔測試技術的不確定性和風險，而自駕車研發公司在可以選擇其他測試環境的情況下，沒有一定的必要需要直接上路進行測試，所以我認為應該優先保障未同意承擔風險的用路人，以保護用路人的生命財產安全。自駕車研發公司應在保障一般用路人的生命財產，有完整的配套措施的情況下才可上路測試，若無法完全確保，則應該只在封閉場域進行測試。,把一般用路人風險保護優先當成判斷自駕車能否部署的首要考量，看似合理，但它的根本問題是技術發展緩慢，因為它犧牲了自駕車能在實際路上的環境中可以學習到的資訊，可以遇到的狀況。,"堅持(Defend)：批評不成立，我的立場完全不變，我能說明為什麼。The objection fails. My position does not change, and I can explain why.",批評不成立，因為自駕車能造成的傷亡實在太大，生命無法挽回，但技術可以發展的緩慢一些。,自駕車研發廠商可能因為沒有足夠的實際資訊而導致技術發展緩慢，但缺乏實際資訊的情況可以透過足夠真實的模擬來彌補，例如數位孿生這項技術，但這同時也會增加研發成本。研發商可能因為責任歸屬不明確而對自己的工作疏忽，但這也可以透過完善的員工訓練來彌補。,暫無，謝謝老師
2026/04/28 18:20:42,"效益優先 (Benefit First)：只要長期能顯著降低整體交通死傷，自駕車部署就可被接受。If self-driving cars can significantly reduce overall traffic injuries and deaths in the long run, their deployment can be justified.",自駕車系統可以透過長期資料的持續訓練與系統維護，來優化系統功能，理論上能降低整體交通死傷的風險；我選擇了效益優先是因為自駕車其實是以思考更縝密的系統所訓練而成的(包括定位系統、路徑規劃系統、通訊系統、決策系統等)，其決策與行為都更有根據，長期來看其效益應該會顯著大於風險，所以應該支持讓自駕車上路。,把利益優先當成判斷自駕車能否部署的首要考量，看似合理，但他的根本問題是民眾的接受度，因為他忽視了民眾的不安想法(一般民眾在缺乏宣導下，無法理解為何要因為利益問題而讓機器取代人類開車)、且無法在出意外時完整歸咎責任，這點民眾接受度有限。,"限定(Qualify)：批評部分成立，但我的核心立場不變，只是需加上特定條件或在特定情形下成立。The objection is partly valid, but my core position remains the same. It only holds under certain conditions or in certain cases.",批評部分成立，但我的立場在大多數人支持此政策的條件下才成立，因為這樣才能確保大多數民眾是有共識的，且對於自駕車的利益與風險都有普遍的認知。,在自駕車交通事故的責任歸屬法規出來為止，因為自駕車而出了意外的人們，他們沒有對象可以追究後續的法律責任、保險理賠等。我認為沒有人應該要承受這個代價，因此就算利益優先，也應等自駕車訓練穩定再上路會比較妥當。,無
2026/04/28 18:21:04,"一般用路人風險保護優先 (Road User Protection First)：自駕車的研發與測試風險，不應主要由行人、騎乘者與其他一般用路人承擔。The risks of developing and testing self-driving cars should not fall mainly on pedestrians, cyclists, and other road users.",在一條繁忙的道路上，會有汽車、機車、腳踏車和行人。在這些行走在道路之中只有行人沒有足夠的保護措施，如護具或安全帽等。因此，我選擇一般用路人風險保護優先。一旦發生事故，行人最有可能受到最大的傷害。在設計與自駕車的相關技術，如導航或防撞系統，應將行人納入考量。供應商必須在開發階段，確認自家的系統可以保障行人的權益，並在正式上路前，現在封閉的地方進行假人測試，以確保未來自駕車不會發生撞上行人的事故。,把一般用路人風險保護優先當成判斷自駕車能否部署的首要考量，看似合理，但它的根本問題是自駕車無法在封閉的場域學習到迅速應變的技能，因為它忽略真實道路上其他用路人的駕駛行為，如果有人故意逆向撞你或行人不遵守號誌，自駕車若沒有相關預防措施就無法應對。,"限定(Qualify)：批評部分成立，但我的核心立場不變，只是需加上特定條件或在特定情形下成立。The objection is partly valid, but my core position remains the same. It only holds under certain conditions or in certain cases.",批評部分成立，但我的立場在一般用路人風險保護優先條件下仍然能成立，因為行人才是在道路上最需要被保護的個體，開發商不僅要在設計及開發階段納入考量，更要加強自駕車對於突發狀況有迅速應變的能力，如：遇到逆向的要迅速閃避，遇到行人違規穿越馬路能夠自主報警和減少事故的發生。,對於變化多端的道路，無法準確預測未來自駕車在行駛過程中會不會發生事故的機率。因為真實的道路上，存在著各式各樣的問題，如：汽機車違停、行人不遵守號誌、駕駛逆向…等。沒有一個系統不會發生任何事故，只能降低可預期的對於人的事故。,真實道路很難準確預測，不存在完美系統
2026/04/28 18:21:17,"一般用路人風險保護優先 (Road User Protection First)：自駕車的研發與測試風險，不應主要由行人、騎乘者與其他一般用路人承擔。The risks of developing and testing self-driving cars should not fall mainly on pedestrians, cyclists, and other road users.",Uber 在測試時沒有用更多的行人與騎乘者的風險，由控制者產生，但又要讓無辜人承擔造成事故後又重新檢討，並不是很優良，所以結論企業應承擔所有責任把風險降到最低在發行出來,把一般路人放在優先當成依據，看似合理，但他也忽略了不可能什麼事情都無風險這個問題，所以我們應該看待長期的交通安全的規定和法規,"堅持(Defend)：批評不成立，我的立場完全不變，我能說明為什麼。The objection fails. My position does not change, and I can explain why.",我依然堅持站在行人為優先，但隨時都伴隨著風險，應該是在有限的情況下要降低風險，有限的風險也能讓技術更為進步，讓風險慢慢變低,是自駕技術發展會變慢、上路更多的限制，企業研發成本會更高，這些都要企業承擔、和國家也要。代價有但值得，因為他不會讓無辜的路人承擔風險，所以很好,如果風險標準太嚴，技術可能無法成熟
2026/04/28 18:21:22,"責任追溯與課責優先 (Accountability First)：若事故發生後無法清楚追溯責任、說明決策依據並進行有效課責，則不應部署。If, after an accident, responsibility cannot be clearly traced, the basis of the decision cannot be explained, and effective accountability cannot be imposed, then deployment should not be allowed.","P1：
在事故中，AI分類系統辨識失效、緊急煞車系統被停用，並且測試員出現自動化倚賴而未查看路況，即使Uber高層已收到員工關於頻繁肇事的警示，卻仍無視風險繼續進行測試。此外，雖然AI系統在技術上具有因果責任，但並不具備承擔法律或道德責任的主體資格。
P2：
我主張應優先採納「責任追溯與課責優先」原則，若事故發生後無法清楚追溯責任、說明決策依據並進行有效課責，則不應部署。該原則的核心價值在於落實「落實責任分配」，這不僅僅只是探討如何避免事故發生，更必須解決當系統引發事故或傷害時「究竟該由誰負責」這項問題。
C：
根據上述前提，在無法清楚追溯責任並進行有效課責之前，企業與管理層不應該將這類自駕系統部署於公共道路上。這個價值應優先實現的理由在於，一旦系統因多層面問題而產生了「無法決定責任落在誰身上」的問題，若執意執行系統，其結構性問題或其引發的問題將無法有系統性地追溯與分析。因此，優先確認課責機制，才能確保開發者採取合理的預防措施",把事後的責任追溯與課責機制是否完備當成判斷自駕車能否部署的首要考量，看似合理，但他的根本問題是預設了「若有人負責，即默認傷害發生的可能性」的事後補救心態，因為他忽略未同意參與測試的一般用路人（如行人、機車騎士），在事前根本不應承受這類潛在風險的權益。,"限定(Qualify)：批評部分成立，但我的核心立場不變，只是需加上特定條件或在特定情形下成立。The objection is partly valid, but my core position remains the same. It only holds under certain conditions or in certain cases.",批評部分成立，但我的立場在事故無可避免地發生時條件下仍然能成立，因為在真實的情況下，路況是動態且具備部分無法預測的機率 ，即使事前採取最高標準保護用路人，仍無法達成絕對的零風險。當未知的情境導致事故無可避免地發生時，若缺乏事前確立的完備課責機制，便會產生多層次問題與責任分散。這不僅會讓受害者求償困難，更會使開發者與企業無意識地降低避免AI傷害的考量 。因此，課責機制並非用來默認或合理化傷害，而是確保企業必須承擔風險成本、避免其將測試風險轉嫁給社會。,堅持「責任追溯與課責優先」的代價是犧牲了科技創新的速度，使企業或開法者必須承擔大量地的研發與合法成本，延緩社會大眾享受自駕車帶來的效益。但我認為這個代價值得付出，因為自駕車作為物理AI，其發生錯誤可能直接造成不可逆的人身傷害（如死亡或永久殘廢），科技發展的紅利不該以未同意參與測試的用路人作為試錯空間。但為了減緩這項代價，我們可以要求企業強化虛擬模擬與封閉場域測試，並採取在測試員處於低風險環境下保留「人類介入」的空間(如遠端控制)等受控方式進行漸進式部署。,有可能建立一個貼近真實的路況嗎?
2026/04/28 18:21:49,"一般用路人風險保護優先 (Road User Protection First)：自駕車的研發與測試風險，不應主要由行人、騎乘者與其他一般用路人承擔。The risks of developing and testing self-driving cars should not fall mainly on pedestrians, cyclists, and other road users.",無論甚麼情況下，生命的價值都是不能被衡量的，所以我主張一般用路人風險保護優先，自駕車的研發與測試風險，不應主要由行人、騎乘者與其他一般用路人承擔。在這類自駕車案例中，發行商在規範自駕車運作與招募培養騎乘者下應該對自駕車做一定的人為干涉及對騎乘者有準確完整的規則與説明，避免自駕車發生意外與騎乘者對失控的自駕車手足無措。,把一般用路人風險保護優先當成判斷自駕車能否部署的首要考量，看似合理，但它的根本問題是自駕車無法完全沒有發生意外，因為它忽略了作為販賣的自駕車一定會行走在路上，而即便在研發與測試上確保了人的安全，無法保證在實際運行上以研發與測試的數據是否能完全回避突發狀況，從而發生意外也應該有人承擔。 ,"限定(Qualify)：批評部分成立，但我的核心立場不變，只是需加上特定條件或在特定情形下成立。The objection is partly valid, but my core position remains the same. It only holds under certain conditions or in certain cases.",批評部分成立，但我的立場在確保人安全條件下仍然能成立，因為如果在研發與測試上便發生人命傷亡的情況下，該自駕車本不應該被販賣，而繼續被販賣承擔後果的應該是發行商，社會也會在研發與測試意外上注意到此事，令其負責相應的代價。,該選擇所需付出的代價是發行商要背負較大的責任，與研究員會承擔更多的研究經費及研發時間，駕駛員需要學習如何正確使用自駕車並避免經驗不足而恍神。 ,
2026/04/28 18:21:52,"責任追溯與課責優先 (Accountability First)：若事故發生後無法清楚追溯責任、說明決策依據並進行有效課責，則不應部署。If, after an accident, responsibility cannot be clearly traced, the basis of the decision cannot be explained, and effective accountability cannot be imposed, then deployment should not be allowed.","責任通常能提升一個人主動解決問題的動機。
任何行為都應當有相應的責任。
因此我選擇責任追溯與與課責優先，因為，自駕車事故的責任不應完全推給 AI 系統，而應由參與使用、設計與管理的人依其影響程度承擔相應責任，並促使他們主動改善問題。",把責任追溯與與課責優先當成判斷自駕車能否部署的首要考量，看似合理，但它的根本問題是沒有考慮其他用路人的安全，因為它忽略（或犧牲了）並非參與測試的人不應該跟測試人員共同承擔該風險。,"限定(Qualify)：批評部分成立，但我的核心立場不變，只是需加上特定條件或在特定情形下成立。The objection is partly valid, but my core position remains the same. It only holds under certain conditions or in certain cases.",批評部分成立，但我的立場在測試環境有考慮其他用路人安全的條件下仍然能成立，因為考慮其他用路人安全與責任優先本質是不衝突的，在優先考慮責任的情況下，應也可以同時顧慮用路人的安全，如使用高訓練程度的測試駕駛人員。,部分企業可能在其自駕車符合責任優先的最低標準後，魯莽地部署，導致其他用路人將需承受較大的風險。且不排除某些企業因階層等因素，以此規避已經明確歸類的責任。,為何三者不能兼具呢？
2026/04/28 18:21:55,"責任追溯與課責優先 (Accountability First)：若事故發生後無法清楚追溯責任、說明決策依據並進行有效課責，則不應部署。If, after an accident, responsibility cannot be clearly traced, the basis of the decision cannot be explained, and effective accountability cannot be imposed, then deployment should not be allowed.","在 Uber 事故中，事後的調查陷入了複雜的責任推諉：Uber 軟體修改了感測器數據的處理方式，導致系統在撞擊前幾秒處於猶豫狀態；而車上的安全駕駛員當時正在用手機看影片。當技術黑箱與人為疏忽交織時，受害者家屬與社會大眾難以在第一時間釐清誰該為這條命負責。
我主張責任追溯與課責優先應作為首要考量。該原則的核心價值在於法治穩定性與透明度。如果一個系統在造成損害後，無法說明其決策邏輯，也無法明確界定開發者、操作者與演算法之間的責任分配，這將破壞社會對法律體系的信任。缺乏課責性的技術部署，等同於賦予企業技術豁免權，這在倫理上是不正義的。
根據上述，在自駕車部署前，政府應強制要求廠商安裝類似飛機黑盒子的透明紀錄系統，並在法律上預先制定責任推定原則。若廠商無法解釋系統為何失效，應承擔全部法律責任；在法律框架完備且技術可解釋之前，不應允許其在公共道路大規模部署。",把責任追溯與課責優先當成判斷自駕車能否部署的首要考量，看似合理，但它的根本問題是法律滯後於科技，且對透明度的要求可能演變成過度監管，因為它忽略了深度學習技術本質上就具有某種程度的不可解釋性。如果我們要求每一秒的決策都要符合人類能理解的邏輯才能上路，這將導致最精進、反應最快的 AI 演算法被禁用，反而犧牲了更有可能達成零事故的技術路徑。,"修正(Revise)：批評很可能成立，我的核心立場會有很大調整，即使整體方向不變。The objection is likely valid, so my core position needs major revision, even if its overall direction remains the same.",批評很可能成立，我需要調整對可解釋性的定義，但整體方向仍是建立明確的責任歸屬框架，因為我認同科技不應因法律無法理解而停滯。我將原先要求的決策邏輯透明修正為功能性課責：我們不一定要完全理解神經網路內部幾百萬個參數如何運作，但必須在法律上建立一套嚴格責任制，即只要自駕系統啟動中發生事故，廠商即負起首要賠償與刑事責任，除非能證明受害者有蓄意干擾行為。這樣既能保護技術創新，又能確保社會正義不因黑箱技術而消失。,"最大的代價是企業成本的劇增與創新風險。由於採取嚴格責任制，開發商必須支付極高昂的保險費用與法務成本，這可能會拖垮中小型的新創公司，導致自駕技術變成只有少數科技巨頭才能玩的金錢遊戲。這份代價由科技產業的競爭力與市場多樣性承擔。
我認為值得。比起保護企業的利潤，保護法律秩序不因 AI 的介入而崩潰更為重要。
政府可以透過建立公共賠償基金來協助分擔極端案例的風險，或是在技術達標後提供稅務減免，以補償企業在法律合規上投入的成本。",如果一台自駕車為了閃避路人而撞向牆壁導致乘客死亡，我們要求廠商說明決策依據。但如果是一個普通人在緊急時刻下意識的反應，法律通常會寬容處理。當我們要求 AI 必須比人類更懂倫理、更會解釋時，我們是在追求正義，還是在潛意識裡恐懼那種我們無法掌控的理性？
2026/04/28 18:21:56,"責任追溯與課責優先 (Accountability First)：若事故發生後無法清楚追溯責任、說明決策依據並進行有效課責，則不應部署。If, after an accident, responsibility cannot be clearly traced, the basis of the decision cannot be explained, and effective accountability cannot be imposed, then deployment should not be allowed.",自駕車若無法落實透明課責，便不應部署，以維護社會信任與法律正義。,把責任追溯與課責優先當成判斷自駕車能否部署的首要考量，看似合理，但它的根本問題是陷入了對技術完美透明度的執著，因為它忽略了推遲部署所造成的現實機會成本，等於犧牲了那些在等待規範完善期間、本可因自駕車技術而獲救的寶貴生命。,"限定(Qualify)：批評部分成立，但我的核心立場不變，只是需加上特定條件或在特定情形下成立。The objection is partly valid, but my core position remains the same. It only holds under certain conditions or in certain cases.",批評部分成立，但我的立場在『開放道路商業部署』條件下仍然能成立，因為若缺乏責任架構，重大事故將引發社會恐慌導致產業停擺，反而斷送長期安全改善的機會。,代價是延後安全提升，由過渡期用路人承擔。能避免技術遭全面封殺。建議受控場域先行部署，減緩延遲並加速安全落地。,
2026/04/28 18:22:05,"責任追溯與課責優先 (Accountability First)：若事故發生後無法清楚追溯責任、說明決策依據並進行有效課責，則不應部署。If, after an accident, responsibility cannot be clearly traced, the basis of the decision cannot be explained, and effective accountability cannot be imposed, then deployment should not be allowed.","UBER自駕事件突顯了現行法律對無人車技術犯罪認定的不足，因此我主張責任追溯與課責優先，若事後無法追朔責任、說明決策依據並進行有效課責責不應部屬。
在自駕車上路之前，開發公司應該要事先確保各種風險的責任歸屬",把責任追溯與課責優先當成判斷自駕車能否部署的首要考量，看似合理，但它的根本問題是課責框架需要經過實際案例來完善，不能因為課責框架不足而禁止部屬,"堅持(Defend)：批評不成立，我的立場完全不變，我能說明為什麼。The objection fails. My position does not change, and I can explain why.",事故發生後，若無事先規範責任歸屬，那可能會導致後續追朔責任的時候花費太多時間甚至會損害受害者的權益,會犧牲開發商研發產品的效益,該自駕車為何是在公共道路上測試，而不是在封閉道路模擬實際路況呢?
2026/04/28 18:22:19,"一般用路人風險保護優先 (Road User Protection First)：自駕車的研發與測試風險，不應主要由行人、騎乘者與其他一般用路人承擔。The risks of developing and testing self-driving cars should not fall mainly on pedestrians, cyclists, and other road users.","P1：自駕車在研發和測試中，沒有將可能發生的變數考慮進去，導致有用路人因此被波及而受傷甚至損失性命
P2：我主張一般用路人風險保護優先，核心價值是不能讓科技的進步或研發與科技公司的利益凌駕於用路人的生命權和免受傷害的權利。
C：開放商和政府需要制定更嚴格的規定跟標準，確定將風險降到最低之後再讓科技公司去讓自駕車上路。",把一般用路人風險保護優先當成判斷自駕車能否部署的首要考量，看似合理，但它的根本問題是不符合現在各國積極推動自駕車的趨勢，因為它忽略大部分國家都是風險管理而非風險消除，大部分國家都願意用風險來換科技的進步。,"堅持(Defend)：批評不成立，我的立場完全不變，我能說明為什麼。The objection fails. My position does not change, and I can explain why.",批評不成立，因為我認為人的生命應該凌駕於任何的事物上面，科技是用來使我們更便利而非多一種危害，只要有一點風險就該消除，而不能只是管控。,付出的代價是科技技術的發展會變緩慢，而科技公司會承擔這個代價，不只技術發展受阻，成本也會因此跟著提高，因為需要用更多的時間、金錢和研發更好的技術。但我認為這個代價值得付出，需要把用路人安全放在第一位。,如果這樣限制自駕車的推行，路上的肇事率是否真的會變少？自駕車和現在的人開車哪一種比較安全？
2026/04/28 18:22:41,"一般用路人風險保護優先 (Road User Protection First)：自駕車的研發與測試風險，不應主要由行人、騎乘者與其他一般用路人承擔。The risks of developing and testing self-driving cars should not fall mainly on pedestrians, cyclists, and other road users.","P1: 在 Uber 的事故中，測試車的 AI 系統還沒辦法穩定辨識路人推著腳踏車這種情況，公司卻還是讓它上一般道路測試，結果撞死了一位根本沒有參與測試的無辜路人。
P2: 我主張一般用路人風險保護優先。該原則的核心價值在於風險分配的正義與知情同意。一般大眾既沒有同意成為科技公司產品開發階段的免費除錯數據，也無法直接分享企業未來成功商業化後的鉅額利潤。
C: 根據 P1 和 P2，在 Uber 這類案例中，企業絕對不該在感測和辨識系統還沒完全成熟前，就把一般道路當作測試場。政府和企業應該要做到，自駕車必須先在沒有一般路人的封閉場地裡證明自己夠安全，才能開放上路，不能把開發過程的風險丟給毫不知情的弱勢用路人。",把一般用路人風險保護優先當成判斷自駕車能否部署的首要考量，看似合理，但它的根本問題是誤以為封閉測試環境能完美複製真實道路的極端複雜度，因為它忽略（或犧牲了）在充滿不確定性的真實開放環境中，才能獲取關鍵的數據以完善感知與決策系統的機會。,"限定(Qualify)：批評部分成立，但我的核心立場不變，只是需加上特定條件或在特定情形下成立。The objection is partly valid, but my core position remains the same. It only holds under certain conditions or in certain cases.","雖然我承認反論所說的真實數據是 AI 進化的必要條件，但這不代表我們可以跳過知情同意的基本門檻。我認為保護優先的立場應修正為技術研發的陣痛期，不該由未受利益的第三方來買單。  
物理 AI 的決策具有不可逆的傷害性。在系統尚未能在封閉環境證明其具備處理極端情境的基本能力前，強行在公共道路測試，是非常危險的。因此，我的立場限定在：開放測試必須以受控的真實環境為前提，且企業必須在技術上提供透明的決策路徑，並在法律上承擔 100% 的因果與法律責任，如此才能在數據需求與用路人安全之間取得倫理上的平衡。",嚴格的保護標準會拉高開發與合規門檻，導致自駕車技術普及的時程被大幅推遲，這意味著整體社會會多忍受幾年由人類駕駛所造成的現有交通傷亡。此外，研發企業將承擔巨額的虛擬模擬與封閉場地測試成本，這可能會淘汰缺乏資金的小型創新公司，導致產業資源向少數科技巨頭集中。但我認為這個代價是必要且值得付出的，因為科技進步不能建立在強制剝削未同意承擔風險的弱勢用路人權利上。為了減緩技術發展受限的代價，政府可以透過政策與資金補助，建立國家級的高精度模擬場域，來填補企業在實體開放道路測試受限下的數據缺口，讓技術開發不至於因保護原則而徹底停擺。,在簡報中提到，定義任務環境與設定安全距離參數本身就是一種價值排序。如果我們在系統的程式碼中，將一般用路人風險保護設為最高優先權重，這在技術實作上，是否隱含了自駕車在面臨無可避免的極端碰撞危機時，演算法必須優先犧牲車內乘客來保全路人？
2026/04/28 18:23:30,"一般用路人風險保護優先 (Road User Protection First)：自駕車的研發與測試風險，不應主要由行人、騎乘者與其他一般用路人承擔。The risks of developing and testing self-driving cars should not fall mainly on pedestrians, cyclists, and other road users.","P1: 在Uber自駕車事故中，受害者通常是一般路人（例如行人），而這些人並沒有同意參與任何測試或承擔風險。此外，試駕車技術仍在發展，系統判斷仍可能出現錯誤，導致不可預期的傷害。也就是說，目前的風險其實是被外部轉嫁給第三方無辜的人
P2: 我主張一般用路人風險保護優先其核心價值是風險分配的公平性於基本安全權，也就是說，不應該讓沒有選擇權也沒有參與決策權的一般人去承擔科技發展的風險
C: 在這類自駕車案例中，企業應該優先確保技術成熟到不會對一般用路人造成明顯風險，否則不應該貿然的上路測試",把一般用路人風險保護優先當作首要考量看似合理，但這個的根本就是過度保守，因為他可能忽略了長體的整體效益（例如減少交通事故死亡率）。如果完全不允許任何風險外部化，自駕車的技術可能永遠無法進步，反而讓更多人繼續死於傳統交通事故,"限定(Qualify)：批評部分成立，但我的核心立場不變，只是需加上特定條件或在特定情形下成立。The objection is partly valid, but my core position remains the same. It only holds under certain conditions or in certain cases.",我覺得這個批評部分是成立的，但站在我的立場：風險需要被嚴格控制且透明的條件下，我的論點仍然是成立的。因為即使具有長期效益也不能無限制的犧牲特定群體的安全，換句話說，可以允許一定程度的測試，但必須有明確的安全標準、風險測試最小化措施以及對路人的保護機制,選擇一般用路人風險保護優先的代價在於：可能會延緩自駕車的發展技術，讓整體的交通安全提升的效益較晚出現，同時也限制企業在真實環境中的測試機會。 這些影響不只由科技公司承擔，也會影響整體的社會，然而我覺得這樣的代價是可以接受的。因為基本的安全權與風險分配的公平性應該被優先保障，不應該讓未同意參與的用路人去承擔風險。此外，這些代價也可以透過封閉場域測試或是加強監管來部分緩解,
2026/04/28 18:23:46,"一般用路人風險保護優先 (Road User Protection First)：自駕車的研發與測試風險，不應主要由行人、騎乘者與其他一般用路人承擔。The risks of developing and testing self-driving cars should not fall mainly on pedestrians, cyclists, and other road users.","P1（事實）：在Uber自駕車事故中，測試中的車輛多在封閉場地運行，而實際道路運作時一般行人並沒有同意參與這種實驗，也無法選擇是否承擔風險，且當時技術尚未成熟，風險卻直接外部化到無辜用路人身上。

P2（規範）：我主張一般用路人風險保護優先，核心價值是：不能把風險丟給沒有選擇的人承擔。行人或其他用路人又沒有同意參加測試，也沒辦法閃避，那就不應該讓他們去承擔這種新技術的不確定風險。

C（結論）：在自駕車尚未達到足夠安全性之前，企業不應將測試放在開放道路上，應設計更嚴格的安全機制與責任制度，或至少公告測試路段確保一般用路人不會成為主要風險承擔者。",把一般用路人風險保護優先當成判斷自駕車能否部署的首要考量，看似合理，但它的根本問題是過度保守，可能阻礙技術進步，因為它忽略了自駕車長期可能大幅降低整體交通死亡率的潛在效益。（考量到人類可能會有酒駕、或邊開車邊聊天等行為，自駕車還是比較安全）,"限定(Qualify)：批評部分成立，但我的核心立場不變，只是需加上特定條件或在特定情形下成立。The objection is partly valid, but my core position remains the same. It only holds under certain conditions or in certain cases.",批評部分成立，但我的立場在技術尚未達到明確安全門檻的條件下仍然能成立，因為在高度不確定的情況下，把風險轉嫁給無辜用路人仍是不正當的；但當技術已證明比人類駕駛更安全時，可以逐步放寬限制。,"這個選擇的代價是延緩自駕車發展與商業化，企業需要投入更多成本在封閉測試或安全驗證，甚至可能讓社會延後享受到整體交通安全提升的好處。承擔者主要是企業與整體社會（例如較慢的科技進步）
我認為這個代價是可以接受的，但應該被減緩，例如透過模擬測試、封閉場域實驗、或建立補償機制來降低影響。","我最猶豫的是：安全門檻應該設在哪裡才算足夠？
因為如果標準太高，技術永遠無法上路；但如果太低，又可能讓無辜的人承擔不必要的風險。"
2026/04/28 18:23:51,"責任追溯與課責優先 (Accountability First)：若事故發生後無法清楚追溯責任、說明決策依據並進行有效課責，則不應部署。If, after an accident, responsibility cannot be clearly traced, the basis of the decision cannot be explained, and effective accountability cannot be imposed, then deployment should not be allowed.","P1:在Uber自駕車事故中，因為ai與人類共同參與，且系統具有黑箱的特性，使事故發生後的責任難以被清楚追述。
P2:應優先確立責任追溯及與課責原則，其核心價值在於，確保高風險技術上的決策過程透明，且責任結構可以被治理。
C:在此類案例中，若無法建立清楚的責任鏈與課責機制，就不應正當化自駕車的部署，與上路測試。",把責任追述與課責優先當成判斷自駕車能否部署的首要考量，看似合理，但它的根本問題是把理想的責任可追述性設為過高的門檻，因為它忽略了即時責任尚未完全清楚的情況下，自駕車仍可能存在整體上反而是降低交通傷亡的潛在效益，與現實中的必要性。,"限定(Qualify)：批評部分成立，但我的核心立場不變，只是需加上特定條件或在特定情形下成立。The objection is partly valid, but my core position remains the same. It only holds under certain conditions or in certain cases.",批判部分成立，但我的立場在具備最低限度可追述與分階段部署的條件下仍成立，因為自駕車的關鍵不是完全可被追責，而是至少要能夠去辨識責任來源，避免在責任真空下擴大風險。,我的立場的代價是會使自駕車的創新速度變慢，但換來的是風險不會在責任真空的環境中擴散，而這種交換是可以透過分階段制度設計部分補償的。,責任還不夠清楚時，到底要不要讓可能更安全的自駕車系統上路，這兩個很難同時兼顧。
2026/04/28 18:24:27,"效益優先 (Benefit First)：只要長期能顯著降低整體交通死傷，自駕車部署就可被接受。If self-driving cars can significantly reduce overall traffic injuries and deaths in the long run, their deployment can be justified.","P1:人類駕駛的風險性很高，交通事件中有90%屬於人類分心或酒駕等。
P2:決策應該要看長期而不是短期，不應該因為一兩個單一事故，來影響一項計劃。核心價值就是預防未來的傷害，系統思考很縝密，可以防治比較多事情。
C:政府應該認同並推廣自駕車的部署和相關知識。
廠商應該要持續將技術進步，讓它更安全。
民眾應該要去慢慢相信自駕車的安全，而不是一昧拒絕。",把效益優先當成判斷自駕車能否部署的首要考量，看似合理，但它的根本問題是將效率這件事凌駕在民眾的職業生存上，過於專注在技術上，從而不管勞動力，因為它犧牲了全部司機的生計，以及一般民眾在交通上的判斷價值。,"限定(Qualify)：批評部分成立，但我的核心立場不變，只是需加上特定條件或在特定情形下成立。The objection is partly valid, but my core position remains the same. It only holds under certain conditions or in certain cases.",批評部分成立，但我的立場在司機跟AI相互合作的條件下仍然能成立，因為這樣能同時解決技術上可能導致的錯誤與社會上的失業危機。,"可能會導致出事的話不知道找誰負責，因為不確定是AI還是司機出錯，受害者要花更多時間去釐清這其中的關係。
民眾自由選擇的權利也被放棄，因為他們就算不情願也無法改變。",感覺每個面向都有灰色地帶，無法做到完美或是說可以百分百說服大家。
2026/04/28 18:24:50,"一般用路人風險保護優先 (Road User Protection First)：自駕車的研發與測試風險，不應主要由行人、騎乘者與其他一般用路人承擔。The risks of developing and testing self-driving cars should not fall mainly on pedestrians, cyclists, and other road users.","P1：在Uber自駕車事故案例中，受害者並非自駕技術的受益者或主動測試參與者，而是在公共空間行駛權利受法律保障的一般市民。事實顯示，當時系統雖偵測到障礙物，卻因軟體設定排除誤判而未及時煞車，且隨車安全員分心，導致風險完全由毫無防備的用路人承擔。
P2：我主張一般用路人風險保護原則應優先實現。該原則的核心價值在於分配正義與負面權利的保障。具體來說，任何人都不應被當作他人達成技術進步或商業利益的工具。一般用路人有權要求其生命安全不受到非必要的、未經同意的外部風險侵害。
C：根據上述事實與規範，在自駕車測試階段，開發商與政府不應在未確保最高等級安全防護情況下，將未經完全驗證的系統部署在開放路段。開發商必須承擔起保護一般用路人的義務，若技術尚無法證明其安全性優於現有環境，則不應為了縮短開發週期而犧牲市民的生命安全，政府則應嚴格限制測試條件，確保技術進步不以剝奪他人的基本安全權利為代價。",把一般用路人風險保護當成判斷自駕車能否部署的首要考量，看似合理，但它的根本問題是會陷入技術開發的僵局並導致研發遲滯陷阱，因為它忽略了技術成熟後能挽救的更多潛在生命。,"限定(Qualify)：批評部分成立，但我的核心立場不變，只是需加上特定條件或在特定情形下成立。The objection is partly valid, but my core position remains the same. It only holds under certain conditions or in certain cases.",批評部分成立，但我的立場在確保技術開發與社會風險之間存在對等補償與透明度條件下仍然能成立，因為我們不應為了追求未來的不確定利益，而無視當下可被避免的個體權利侵害。,這個選擇所需付出的代價是技術成熟的推遲以及研發成本的劇增。這意味著社會需要更長的時間才能享受到全自動駕駛帶來的交通效率與安全性，而這段等待期中因人類駕駛失誤而產生的傷亡，本質上是由全體社會成員共同承擔的。此外，對於自駕車企業而言，更嚴苛的測試限定也意味著更高的商業風險與資金壓力。,
2026/04/28 18:24:56,"一般用路人風險保護優先 (Road User Protection First)：自駕車的研發與測試風險，不應主要由行人、騎乘者與其他一般用路人承擔。The risks of developing and testing self-driving cars should not fall mainly on pedestrians, cyclists, and other road users.",在 Uber 自駕車事故案例中，系統仍在測試與部署階段，但真正承擔風險的卻常是行人、騎士與其他一般用路人；他們既沒有參與設計，也沒有同意成為測試對象。因此我主張「一般用路人風險保護優先」，因為這個原則要保護的核心價值是風險分配的公平性，也就是不能把高風險先轉嫁給最無辜、最缺乏控制能力的人。根據這個原則，企業與監管機關不應在無法證明一般用路人風險已被充分降低前就允許大規模部署，而應先提高安全門檻、加強監管，並在更可控的環境中完成測試。,把一般用路人風險保護當成判斷自駕車能否部署的首要考量，看似合理，但它的根本問題是過度保守，因為它忽略了自駕車長期可能顯著降低整體交通死亡的公共利益。,"限定(Qualify)：批評部分成立，但我的核心立場不變，只是需加上特定條件或在特定情形下成立。The objection is partly valid, but my core position remains the same. It only holds under certain conditions or in certain cases.",批評部分成立，但我的立場在自駕車已能證明其風險低於一般人類駕駛、且有嚴格監管與補償機制的條件下仍然能成立，因為技術進步不能建立在把未同意風險轉嫁給無辜用路人的基礎上。,這個選擇的代價是會放慢自駕車的測試、商業化與普及速度，也可能延後它未來帶來的整體安全效益。主要承擔者是企業、投資者與期待更便利交通服務的使用者。我認為這個代價值得付出，但可透過封閉場域測試、分階段部署、強制保險與事故補償制度來減輕。,我最猶豫的是：如果自駕車整體上真的比人類駕駛更安全，那麼我們應該多早允許它上路？因為過早部署可能不公平，過晚部署又可能錯失減少更多事故的機會。
2026/04/28 18:25:26,"一般用路人風險保護優先 (Road User Protection First)：自駕車的研發與測試風險，不應主要由行人、騎乘者與其他一般用路人承擔。The risks of developing and testing self-driving cars should not fall mainly on pedestrians, cyclists, and other road users.","P1: Uber為追求搭乘體驗，刻意停用了系統緊急煞車，且受害者是在未經同意下承擔了測試風險。
P2: 核心價值是生命權不可工具化。不應將無辜者的生命，視為優化演算法的耗材。
C: 企業不應在公共道路部署具有刻意安全妥協或未經充分驗證的系統。",把用路人保護當成判斷自駕車能否部署的首要考量，看似合理，但它的根本問題是會推遲技術創新，因為它犧牲了技術提早落地所能挽救的潛在生命，導致更多人死於現有的人類駕駛失誤。,"限定(Qualify)：批評部分成立，但我的核心立場不變，只是需加上特定條件或在特定情形下成立。The objection is partly valid, but my core position remains the same. It only holds under certain conditions or in certain cases.",批評部分成立，但我的立場在必須區分技術極限風險與惡意設計疏失下仍成立。我們能容忍技術瓶頸，但絕不接受為了商業進度而主動削弱安全方面。,代價是為延遲自駕車的普及，而承擔者會是未來本可受益於自動駕駛的潛在車禍受害者。但我認為值得。失去社會信任的技術將不會落地，建立透明的數據模擬補償機制是更好的折衷方案。,若AI統計上比人類安全，但出事原因非常愚蠢時，大眾對這種風險的容忍底線在哪？
2026/04/28 18:25:37,"責任追溯與課責優先 (Accountability First)：若事故發生後無法清楚追溯責任、說明決策依據並進行有效課責，則不應部署。If, after an accident, responsibility cannot be clearly traced, the basis of the decision cannot be explained, and effective accountability cannot be imposed, then deployment should not be allowed.",Uber公司是營利導向，為了能更快搶占自駕車市場，很可能採用缺乏足夠安全性測試的AI系統。所以我主張應優先考量責任追溯與課責。透過制定法規使得公司負責人以及相關的開發人員負擔法律責任，透過強制力來監督自駕車的安全性。,把責任追溯與課責當成首要考量看似合理，實則隱藏了最重要的問題：誰該被究責？如果有一個工程師在未參與決策的情況下，依照主管指示編寫了有安全問題的程式碼，那這位工程師該被究責嗎？那如果主管也說他是按照更上面的人的意見做事，那又該罰誰呢？而這些供述到底哪些是真，哪些是假又該如何知道？,"修正(Revise)：批評很可能成立，我的核心立場會有很大調整，即使整體方向不變。The objection is likely valid, so my core position needs major revision, even if its overall direction remains the same.",批評很可能成立，將法律責任交由公司底下的人來承擔，很可能導致公司開始鑽漏洞，導致真正的決策者逃過一劫，而底下不重要的人成為替罪羊。所以應該改成懲罰公司整體，透過罰金或是強制回收具安全問題的汽車型號來督促公司。,社會的科技、經濟發展可能因為嚴格的法律規定而受限制。但我認為這是可以承擔的，因為自駕車室可能危及人的生命安全的，所以應該以更嚴格的標準來看待,
2026/04/28 18:26:29,"一般用路人風險保護優先 (Road User Protection First)：自駕車的研發與測試風險，不應主要由行人、騎乘者與其他一般用路人承擔。The risks of developing and testing self-driving cars should not fall mainly on pedestrians, cyclists, and other road users.","在此事故中，受害者是在未知此技術測試下受到傷害，並非事前知情或同意。
我主張以保護用路人安全為優先，核心價值是任何技術的進步不應該構築在人身安全上，而是應該在確保人類安全的狀況下執行，才不會反而有點本末倒置。
所以結論是在測試自駕車前，公司應該掌握住測試環境，並確保不會有路人受到傷害。",把路人安全當成第一考量，其根本問題是忽略了真實世界的環境，以及限縮了科技商的發展空間，因為若想要確保在測試以及上路後都能守護路人安全，那測試時不真實上路便很困難，且在守護路人安全的狀況下，科技發展便可能變得緩慢。,"限定(Qualify)：批評部分成立，但我的核心立場不變，只是需加上特定條件或在特定情形下成立。The objection is partly valid, but my core position remains the same. It only holds under certain conditions or in certain cases.",批評部分成立，但我的立場在一般的部分測試條件下仍然能成立，因為整體討論的立場還是以保護一般民眾的安全為優先,代價是科技進步可能因此變得緩慢，以及真實上路後用路人的潛在風險可能提高，對於科技進步因為測試條件變得更嚴格把控而緩慢，我認為可以透過政府方補助而補償。而對於真實世界用路人的風險有可能因為測試環境變得更封閉的模擬式場所，反而風險提高，我認為可以透過多步驟的測試模擬，逐步使測試環境逐漸真實，或透過逐漸開放真實環境的測試的漸進式測試達成。,
2026/04/28 18:26:34,"責任追溯與課責優先 (Accountability First)：若事故發生後無法清楚追溯責任、說明決策依據並進行有效課責，則不應部署。If, after an accident, responsibility cannot be clearly traced, the basis of the decision cannot be explained, and effective accountability cannot be imposed, then deployment should not be allowed.",要進步，一定要跨出第一步，應該就事論事，出了事故應該要頗析是誰的錯誤，沒有誰絕對的錯絕對的對,把責任追溯與課責優先當成判斷自駕車能否部署的首要考量，看似合理，但它的根本問題是大家怕發生意外或事故所以都不進行研發，因為它犧牲人類的安全風險,"限定(Qualify)：批評部分成立，但我的核心立場不變，只是需加上特定條件或在特定情形下成立。The objection is partly valid, but my core position remains the same. It only holds under certain conditions or in certain cases.",批評部分成立，但我的立場在大家共同討論出來的規則條件下仍然能成立，因為如果沒有一個公開大家共同支持的協議，這些計劃都只是空想而已,自駕車要普遍化，要更久一段時間，在研究階段會提高用路人的風險,階段性的研發，法規上以及民眾上會遇到什麼樣的困難
2026/04/28 18:26:41,"一般用路人風險保護優先 (Road User Protection First)：自駕車的研發與測試風險，不應主要由行人、騎乘者與其他一般用路人承擔。The risks of developing and testing self-driving cars should not fall mainly on pedestrians, cyclists, and other road users."," P1（事實）： 在 Uber 事故中但沒辦法預測特殊狀況譬如行人假踏車等無法一般可以設定的情境下，這會加升判斷的難度，在正常的決策下系統可以爭側物體，但可能無法在資料庫找到分類，繼而延遲，開車的人會分心，系統一但遲疑就好比分心一樣，行人沒有預警會非主動邀請下參與測試導致風險提高。
P2（規範）： 優先考量「一般用路人風險保護」。核心價值在人命關天，風險分配需有公正性，用路人因此傷亡是為了讓自駕車獲利或是技術開法者獲利，應該在絕對安全之前，讓大家變成白老鼠測試。
C（結論）： 研發單位在公共道路部署前，可能需要將人配戴安全識別降低在開放空間測試，具有絕對的規避，否則就不應該公共道路進行具有潛在致死風險的開放測試。",保護路人看似最對，但會迫使技術停擺因為設計師不斷嘗試，仍出現問題，如果怕測試就射下一個不能完成的門檻，等於為了保護那一個路人放棄自駕車的發展。,"限定(Qualify)：批評部分成立，但我的核心立場不變，只是需加上特定條件或在特定情形下成立。The objection is partly valid, but my core position remains the same. It only holds under certain conditions or in certain cases.",批評有道理，但我的立場在「先做好模擬與降速」的條件下還是成立。因為我們不能為了這些負面案例，就心安理得放棄研究。研發可以繼續，但請先把封閉場地測試先做好，不能直接在大馬路上快速而直接測試。,"代價： 自駕車變得很貴、很難研發，對於少子化而超高齡的社會會很急迫。
誰承擔： 車廠（賠錢）和那些想早點用自駕車的人。或是認為人的駕駛風險明顯大於自駕。
值得嗎？ 值得。因為生命不能重來，我們可以等技術成熟，但不能讓負面案例沒有正確判斷書出來之前，需要老好想一想。","「我最困惑的是，為什麼大家還在討論這種單一事故的誰對誰錯，而不去討論如何建立一套像飛機或郵輪那樣、能提前『預測與投射』的大系統來徹底解決問題？」
"
2026/04/28 18:27:41,"責任追溯與課責優先 (Accountability First)：若事故發生後無法清楚追溯責任、說明決策依據並進行有效課責，則不應部署。If, after an accident, responsibility cannot be clearly traced, the basis of the decision cannot be explained, and effective accountability cannot be imposed, then deployment should not be allowed.","P1： 在 Uber 案中，車輛內建的目標分類軟體將行人誤判為未知對象且在碰撞前未能啟動緊急煞車，導致無辜用路人在未被告知且未同意的情況下，成為了測試階段的風險承擔者。

P2： 我主張此原則應優先，其核心價值是脆弱性保護與非自願風險拒絕。在公共空間中，行人與騎士相較於企業車輛極其脆弱，且他們並未從這場技術測試中獲得對等利益，不應在未經同意下被強制作為研發的代價。

C： 開發者與測試廠商不應在公共道路上部署尚未在封閉場域證明其感測安全性、且未具備完備冗餘機制的自駕系統，必須優先確保外部用路人的生命權不受實驗性技術侵犯。",把一般用路人風險保護優先當成判斷自駕車能否部署的首要考量，看似合理，但它的根本問題是過度阻礙技術迭代與社會整體利益的實現，因為它忽略了延遲部署所造成的隱形成本，即人類駕駛因疲勞或疏忽持續造成的死傷，可能遠高於測試階段的風險。,"限定(Qualify)：批評部分成立，但我的核心立場不變，只是需加上特定條件或在特定情形下成立。The objection is partly valid, but my core position remains the same. It only holds under certain conditions or in certain cases.",批評部分成立，但我的立場在「必須區分實驗場域與正式部署階段」條件下仍然能成立。因為雖然為了社會長期利益應鼓勵研發，但在開放道路測試時，若技術尚未成熟到能確保外部用路人的基礎安全基準，其開發的正當性不能僅建立在未來的願景之上，必須對當下的風險進行嚴格控管。,此選擇的代價是技術發展的延遲與更高的研發成本，這將由科技公司承擔營運壓力，大眾則承擔享受「全自動駕駛社會」成果時間延後的成本,當人類駕駛的事故率本身就不為零時，我們對 AI 要求的「安全基準」究竟應設在哪裡才算合理？
2026/04/28 18:28:25,"一般用路人風險保護優先 (Road User Protection First)：自駕車的研發與測試風險，不應主要由行人、騎乘者與其他一般用路人承擔。The risks of developing and testing self-driving cars should not fall mainly on pedestrians, cyclists, and other road users.","P1：自駕實際運作時，系統的感知與決策錯誤會直接對真實環境造成不可逆的致命傷害，且一般用路人沒有主動同意參與這項系統的道路測試。
P2：我主張一般用路人風險保護優先。核心價值在於保障人類基本生命權與自主權。從義務論的角度來看，不應該將無辜用路人的生命安全換取科技的進步或是當成測試數據的工具。
C：自駕車案例中，除非系統可以在辨識模糊或其他危險情況下也能優先減速或煞車保障用路人的安全，否則不應該直接在路上測試自駕車系統的穩定性。",把一般用路人風險保護優先當成判斷自駕車能否部署的首要考量，看似合理，但它的根本問題是存在了人類與機器的雙重標準，因為它忽略人類駕駛也同樣會判斷失誤或是造成事故的事實，對於機器卻要求其完美的駕駛。,"限定(Qualify)：批評部分成立，但我的核心立場不變，只是需加上特定條件或在特定情形下成立。The objection is partly valid, but my core position remains the same. It only holds under certain conditions or in certain cases.",雖然批評部分成立，但我的立場在堅持用路人保護優先，而前提是開發者必須承擔明確的設計責任與或是法律的課責下才成立。因為人類與AI的決策上本質並不相同，無法因為人類駕駛也會失誤就合理化AI的犯錯。,我選擇優先保護一般用路人，其付出的代價可能是造成全自動駕駛的技術的研發會更加的複雜以及延後完成。但我認為這個代價是非常值得的付出的，因為真實的交通情況難以捉摸，無法完美的預測所有人的行為，所以更應該要求對自駕車技術的檢驗。而對於測試的環境，或許企業間可以相互合作，提供一個虛擬的環境來讓自駕系統做比較極端的測試，強化其資料集或是修正AI決策的過程。,AI其實一直都存在技術與倫理上的衝突，要如何權衡兩者來研發新技術確實很挑戰各個企業與政府的決策。特別是這次的自駕車主題，對於路上如此難以捉摸的情形，又因為如此才要實際上路測試，跟用路人的安全保障上，確實不好拿捏兩者的平衡。
2026/04/28 18:28:28,"一般用路人風險保護優先 (Road User Protection First)：自駕車的研發與測試風險，不應主要由行人、騎乘者與其他一般用路人承擔。The risks of developing and testing self-driving cars should not fall mainly on pedestrians, cyclists, and other road users.","P1 因為能事故的發生不會是受害者的主動參與。
P2只有可能是系統的設計、汽車的製造、駕駛的操作不良所導致，就不應由第三方承擔該風險。
C所以在自駕車能完全確保不會發生事故之前就不應該隨便上路",但如果無法上路就無法讓自駕系統有所進步，因為真正用路上會發生的情況無法預估，這樣就無法讓該技術更加進步，而且也不能肯定的蓄意為之或是自身不注意來導致事故的發生。,"堅持(Defend)：批評不成立，我的立場完全不變，我能說明為什麼。The objection fails. My position does not change, and I can explain why.",如果在研發階段就默許用路人權益被犧牲，就會導致社會大眾對 AI 技術產生極大的恐懼與不信任。長期來看，缺乏信任的技術更難以在社會落實，反而會阻礙AI真正的進步。所以我認為雖然研發會變慢，但換來的是社會的安全感與對技術的長遠信任。,這份代價主要會由研發企業承擔。代價是技術研發速度會變慢以及開發成本大幅增加。我認為這是值得的，因為社會大眾對 AI 信任才是技術能長久的前提。,
2026/04/28 18:28:45,"一般用路人風險保護優先 (Road User Protection First)：自駕車的研發與測試風險，不應主要由行人、騎乘者與其他一般用路人承擔。The risks of developing and testing self-driving cars should not fall mainly on pedestrians, cyclists, and other road users.","P1（事實）：Uber 自駕車在 2018 年亞利桑那州事故中，因感測器未能準確辨識橫越馬路的行人，導致自動駕駛系統未及時煞車，最終撞死一名推自行車的婦女。當時自駕車處於「自動模式」，但安全駕駛員卻在分心看手機。統計顯示，目前自駕車在複雜路況下仍無法完全避免「邊緣案例」（edge cases），失誤機率雖低於人類，但一旦發生即為致命事故。
P2（規範）：我主張在判斷自駕車部署正當性時，「保護一般用路人（尤其是行人、腳踏車騎士等弱勢用路人）的生命安全」 應作為首要考量。其核心價值是**「不傷害原則」（Non-maleficence）** 與人類生命的神聖性——自動化系統帶來的便利與潛在整體效益，不應建立在犧牲無辜第三方生命安全的基礎上。
C（結論）：因此，在自駕車技術尚未達到極高可靠度、且無法有效處理所有邊緣案例之前，不應大規模在公共道路上無限制部署完全自動駕駛（Level 4/5）；至少必須維持人類安全駕駛員的高度警覺，或先在封閉環境、特定路線上進行嚴格測試與監管。企業與監管單位不應為了商業競爭或技術進展，而過早將風險轉嫁給一般民眾。
","把「保護一般用路人安全」作為自駕車部署的首要考量原則看似合理，但其根本問題是過度保守與恐懼導向，因為它忽略（或犧牲了）自駕車所能帶來的巨大整體效益。人類駕駛每年造成全球超過百萬人死亡，自駕車即使目前仍有失誤，其長期統計安全表現已優於人類平均水準；若因少數事故就嚴格限制部署，將大幅延緩這項能大幅降低交通事故總數、減少塞車、幫助老人與殘障人士出行的技術普及，最終反而導致更多人因人類駕駛失誤而喪命。這是一種「用看得見的風險，去阻擋看不見的更大救贖」的不理性保守態度。
","限定(Qualify)：批評部分成立，但我的核心立場不變，只是需加上特定條件或在特定情形下成立。The objection is partly valid, but my core position remains the same. It only holds under certain conditions or in certain cases.","批評部分成立，但我的立場在「分階段、條件式部署，並搭配嚴格的漸進式安全驗證機制」的條件下仍然能成立。
因為完全禁止自駕車發展確實可能犧牲整體社會福祉，但我仍堅持「保護無辜用路人」是不可逾越的底線。因此我調整為：允許自駕車在特定條件下（如特定路段、高度監控環境、達到一定安全門檻）逐步部署，但必須搭配即時遠端監控、人類後備介入系統，以及公開透明的事故責任歸屬機制。整體方向仍是「安全優先」，只是從「全面保守」調整為「謹慎推進」。
","這個選擇的主要代價是技術發展速度變慢與商業機會的延遲，自駕車公司（如 Uber、Waymo）與投資者將承受較高的測試成本與較慢的市場進入時間，部分消費者也無法及早享受到自駕車帶來的便利。
我認為這個代價值得付出，因為生命安全無法用經濟效益完全衡量。不過，為了減緩代價，可以透過政府提供研發補助、建立公開的共享測試資料庫，以及要求企業強化模擬訓練來加速安全驗證，同時在安全門檻內逐步放寬限制。
關於這個議題，目前最讓你感到困惑、不確定或猶豫的點是什麼？
目前最讓我困惑的是「如何客觀定義與驗證『足夠安全』的門檻」。自駕車要達到比人類駕駛安全多少倍才算合格？是 10 倍？100 倍？誰來決定這個數字？此外，在真實複雜的城市環境中，永遠會有無法完全預測的邊緣案例，這是否意味著自駕車永遠無法達到「絕對倫理可接受」的部署條件？這點讓我感到相當猶豫。",無
2026/04/28 18:29:07,"一般用路人風險保護優先 (Road User Protection First)：自駕車的研發與測試風險，不應主要由行人、騎乘者與其他一般用路人承擔。The risks of developing and testing self-driving cars should not fall mainly on pedestrians, cyclists, and other road users.","事實：如果自駕車發生意外事件，路上的所有用路人都會受到影響，可能造成傷害甚至死亡
規範：科技的進步不應該建立在一般人的生命危害上，人的生命權本就不應被隨意損害，況且一般用路人並不知情也並非科技既得利益者
結論：政府應定好相關制度，確保自駕車只能在不造成用路人風險的模擬環境下執行測試，也只有在確保一定程度的安全性後，才能正式上路",在測試階段時，模擬環境很難能完美複製現實情況，在缺少實際的狀況下，技術便難以繼續發展完善，自駕車也就遲遲無法上路，在延遲的這段時間內，說不定自駕車真正上路造成的傷害，比現在人為的車禍意外還要少。,"限定(Qualify)：批評部分成立，但我的核心立場不變，只是需加上特定條件或在特定情形下成立。The objection is partly valid, but my core position remains the same. It only holds under certain conditions or in certain cases.",政府提供協助與支持，更新模擬環境的多樣性。並開放小區域的真實道路測試，同時設立警告牌告知所有用路人，在何地進行自駕車測試。旁邊也隨時有多人注意，而非只有一個測試員在車上。,"自駕車公司：原本不符法規的測試要重新砍掉再來，能夠上路的規則變嚴格，推出的時間可能延遲
使用者：較晚才能買到自駕車並開上路

確保安全性後才上路，對公司來說能降低未來爭議，對使用者的生命安全更有保障，所以代價仍值得付出。",
2026/04/28 18:29:23,"一般用路人風險保護優先 (Road User Protection First)：自駕車的研發與測試風險，不應主要由行人、騎乘者與其他一般用路人承擔。The risks of developing and testing self-driving cars should not fall mainly on pedestrians, cyclists, and other road users.","P1:在整個 Uber 事故中，死者完全沒參與測試卻被系統誤判結果被撞死
P2:我覺得一定是用路人的安全為優先，研發新的科技去便民很重要，但是我覺得有更好的方式可以去做測試，可能像是跟政府申請封閉道路之類的，或是在私人場地等等的來做測試，所以我決定總體來說還是要以安全為原則
C:我認為那些公司不應該在系統還沒具備穩定的偵測能力之前，比如説辨識行人並主動煞車達到99%之類的，就為了收集數據所以讓實驗車在公共道路上，政府的監管單位也應該設置更嚴格的要求標準",把一般用路人安全風險優先當成判斷自駕車能否部署的首要考量，看似合理，但它的根本問題是這其實是一種對Ai過於嚴格的要求而且是過於保守的觀念，因為它忽略了（或犧牲了）人類駕駛每天造成的意外事故，像是酒駕或是疲勞駕駛等等，所以收集更實際的數據對自駕技術來說可以帶來長期的社會總體安全,"放棄(Concede)：批評成立，我改變立場了。The objection is valid, and I change my position.",批評成立，因此我放棄原來的立場，改變的理由是後來仔細想反對自己主張的點的時候，覺得那種雙重標準的說法好像真的可以說服我自己，因為如果我們因為怕出事，就死守著絕對不能傷到無辜用路人的底線的話，那其實等於放縱現在路上那一堆酒駕、疲勞駕駛繼續害死更多人，所以後來想說從大局來看，只要機器的整體車禍率真的比人類低，我覺得可以為了長期的效益能救下更多人的生命，而去妥協，不過前提還是要政府的監管機構訂下更多更嚴格的標準來保障用路人,"所需付出的代價是什麼？在系統還沒百分之百完美之前，也許會有一些原本不會被人類駕駛撞到，但是卻因為機器的 bug 或判斷失誤導致結果犧牲的用路人
誰會因此承擔？剛好遇到系統故障的人
你認為這個代價值得付出，還是可以透過其他方式減緩代價或補償？我覺得是值得付出，像是以前用炸隧道的方式來開闢道路的時候也發生很多公安意外，也有很多人犧牲，但我覺得不能因為這樣就退卻，不然我們現在也沒有辦法這麼便利的交通，所以對我來說更像是不得不的代價，但政府和科技公司可能就要做好賠償的配套",最讓我猶豫的點是當我們把人命變成一個整體數據來計算效益，萬一那個無辜的路人是我或是我的家人可能還是會有點難接受
2026/04/28 18:29:28,"效益優先 (Benefit First)：只要長期能顯著降低整體交通死傷，自駕車部署就可被接受。If self-driving cars can significantly reduce overall traffic injuries and deaths in the long run, their deployment can be justified.","很多交通事故的發生 都是人類駕駛的內在缺陷 例如心理層面（因盲目自信而知法犯法、蓄意違規）認知層面（對於黃燈等模糊情境的判斷標準存在主觀歧異）以及生理層面（煞車反應時間的先天極限與個體差異）而相對的自駕系統沒有情緒與僥倖心態 且能以毫秒級的反應速度和一致的標準運行

我主張效益優先原則 其核心價值為社會整體生命安全的客觀最大化 既然我們已知人類駕駛充滿上述不可控的致命缺陷 如果自駕車在長期的數據上能證明其整體死傷率遠低於人類 我們就有道德義務優先推動其部署 若僅因自駕車仍會發生局部事故就全面抵制 實際上是選擇了容忍現行人類駕駛因 個人主觀與生理限制 所造成的龐大無辜傷亡 這有違追求最大社會福祉的倫理原則

政府不應該因爲自駕的失誤而全面廢除測試與部署 而廠商應該要承擔事故責任任且持續優化系統",把 效益優先 當成判斷自駕車能否部署的首要考量 看似合理 但它的根本問題是 將社會大眾當成了未經同意的實驗白老鼠  因為它忽略少數個體的生命不可侵犯性與分配正義，讓無辜的行人不成比例地被迫承擔了科技發展過渡期的致命風險,"堅持(Defend)：批評不成立，我的立場完全不變，我能說明為什麼。The objection fails. My position does not change, and I can explain why.",批評不成立 因為維持現狀由人類駕駛同樣是在迫使無辜的路人承擔未經同意的致死風險 而且這個風險在統計上甚至遠高於自駕車 反對者批評效益優先把路人當作未經同意的白老鼠 但現實中每天走在路上的行人也從未同意被酒駕 疲勞或盲目自信的人類駕駛撞死 既然我們面臨的是兩害相權的現實處境 選擇能將無辜犧牲人數降到最低的系統恰恰是對生命最負責任的做法 效益優先並沒有忽視個體權益 它只是在殘酷的現實中 盡可能拯救最多原本會死於人類固有缺陷下的無辜個體,"我所付出的最大代價是犧牲了 少數個體免於承擔實驗風險的權利 以及 傳統責任歸屬的明確性 承擔這個代價的，是不幸遭遇自駕系統事故的少數用路人 他們被迫在未經同意的情況下 成為科技發展過渡期的犧牲品

我依然認為這個代價是值得付出的，因為長遠來看它拯救了更多免於死於人類駕駛缺陷（酒駕、疲勞）的無辜生命
我放棄了絕對保護個體不受強迫風險侵害的價值這確實需要給予強烈的補償 這可以透過建立 無過失高額理賠基金 來減緩 只要是自駕車造成的傷亡受害者家屬不需經過漫長且困難的技術究責訴訟 就能立刻獲得優渥的實質補償 同時 企業必須受到極度嚴格的監管 強制公開事故數據 以此來彌補大眾對 生命被當作統計數據的不安",
2026/04/28 18:30:34,"責任追溯與課責優先 (Accountability First)：若事故發生後無法清楚追溯責任、說明決策依據並進行有效課責，則不應部署。If, after an accident, responsibility cannot be clearly traced, the basis of the decision cannot be explained, and effective accountability cannot be imposed, then deployment should not be allowed.","P1：自駕車事故涉及多重系統，責任容易不清。
P2：我選擇責任追溯優先，其核心是確保可追責與促進安全改進。
C：因此，在責任制度未完善前，不應全面部署自駕車。",把「責任追溯與課責優先」當成判斷自駕車能否部署的首要考量，看似合理，但它的根本問題是過度重視事後責任，而忽略事前風險預防與整體效益提升，因為它犧牲了即時降低交通事故與拯救更多生命的可能性。,"限定(Qualify)：批評部分成立，但我的核心立場不變，只是需加上特定條件或在特定情形下成立。The objection is partly valid, but my core position remains the same. It only holds under certain conditions or in certain cases.",批評部分成立，但我的立場在責任制度明確且部署受控的條件下仍然成立，因為責任機制是確保安全與信任的基礎。,此選擇的代價是技術發展變慢與企業成本增加，由企業與消費者承擔。我認為這是值得的，但可透過法規與測試機制減緩。同時，我也認為應補償被犧牲的技術發展與整體效益價值。,我最困惑的是如何在短期風險與長期效益之間取得平衡，以及在自駕車事故中如何公平分配各方責任。
2026/04/28 18:30:50,"責任追溯與課責優先 (Accountability First)：若事故發生後無法清楚追溯責任、說明決策依據並進行有效課責，則不應部署。If, after an accident, responsibility cannot be clearly traced, the basis of the decision cannot be explained, and effective accountability cannot be imposed, then deployment should not be allowed.","P1(事實):在Uber案例中，AI系統因分類失效且停用緊急煞車而釀災，但責任卻分散在測試駕駛、工程師、管理層與州政府之間，形成「多人手問題」與「責任缺口」。
P2(規範):我主張「責任追溯與課責優先」，核心價值在於社會正義與系統透明度。如果無法落實課責，將會降低所有人類行為者應避免 AI 傷害的動機。
C(結論):根據上述事實，除非研發團隊能提供具備「有意義的人類控制」之架構，且政府建立明確的法律歸因標準，否則Uber不應在公共道路上部署測試車 。",「把[責任追溯與課責優先]當成判斷自駕車能否部署的首要考量，看似合理，但它的根本問題是[過於保守且阻礙創新]，因為它忽略了[法律與課責框架的完善，往往有賴於實際部署後累積的案例才得以修訂]。」,"限定(Qualify)：批評部分成立，但我的核心立場不變，只是需加上特定條件或在特定情形下成立。The objection is partly valid, but my core position remains the same. It only holds under certain conditions or in certain cases.",若選「批評部分成立，但我的立場在[研發端必須落實「決策透明化」與「資料黑盒子」條件下仍然能成立，因為[雖然監管制度需要時間累積案例，但這不代表我們可以容忍沒人負全責的情況。在部署測試的同時，要求系統能還原事故現場的判斷邏輯，我們就能在法律完善前，先透過技術與證據來界定是駕駛、工程師還是管理層的責任。」,"研發成本會變高，因為公司不能只顧著讓車子會動，還要花額外資源去寫程式並建立昂貴的紀錄系統。這可能會讓自駕車正式上路的時間推遲。
承擔的主要是開發商以及急需新科技的特定族群，例如身障者，因為技術成熟變慢了。
我認為這個代價值得付出。因為物理 AI 的行動受物理條件限制，錯誤可能造成不可逆的傷亡。如果我們為了求快而犧牲「搞清楚誰該負責」的機制，那對那些沒同意承擔風險的第三方用路人是非常不公平的。",無
2026/04/28 18:31:53,"一般用路人風險保護優先 (Road User Protection First)：自駕車的研發與測試風險，不應主要由行人、騎乘者與其他一般用路人承擔。The risks of developing and testing self-driving cars should not fall mainly on pedestrians, cyclists, and other road users.",行人在不知情且未同意的情況下，承擔了自駕車的測試風險。而我選擇一般用路人風險保護優先，其核心價值是負責任的創新與非自願風險的規避。因此在這類自駕車案例中，研發者在部署自駕車前，必須證明其安全性至少不低於人類駕駛，且在測試階段應嚴格限制在受控環境，而非直接讓一般用路人成為有風險的實驗樣本。,把一般用路人風險保護優先當成判斷自駕車能否部署的首要考量，看似合理，但它的根本問題是過於保守的風險規避可能導致科技發展停滯，因為它忽略了長遠來看自駕車全面普及後能帶來例如大幅降低因人類疲勞或酒駕造成的交通事故死傷等的巨大社會效益。,"限定(Qualify)：批評部分成立，但我的核心立場不變，只是需加上特定條件或在特定情形下成立。The objection is partly valid, but my core position remains the same. It only holds under certain conditions or in certain cases.",批評部分成立，但我的立場在確保開發者承擔相對應的安全驗證責任條件下仍然能成立，因為我並非反對創新，而是反對不對等的風險分配。只要開發者能建立更透明的模擬測試數據與第三方監督機制，證明風險已降至合理範疇，保護優先的原則與技術推進是可以並行的。,主要的代價是科技進步的時代會延後。研發者需要投入更高的成本進行封閉場域測試與其餘系統開發，投資者與企業必須承擔較慢獲利甚至失去先機的風險，社會大眾也需要更長的時間才能享受到完全自動化駕駛帶來的便利。而我認為這個代價是值得付出的，因為生命是不可逆的。我們可以透過先在專屬車道運行，並建立強制的事故補償機制或保險基金，確保一旦意外發生，受害者能得到最迅速且充分的賠償與法律支持。,自駕車可以減少酒駕或疲勞駕駛所帶來的交通危害，但回歸問題本身其駕駛人本就不應該在當時駕駛汽車，若有自駕車後，其當事人可能更不在意這些問題，在還未確立自駕車的安全性前，就更可能導致意外的頻繁發生，使我在自駕車的發展上更為猶豫。
2026/04/28 18:32:12,"一般用路人風險保護優先 (Road User Protection First)：自駕車的研發與測試風險，不應主要由行人、騎乘者與其他一般用路人承擔。The risks of developing and testing self-driving cars should not fall mainly on pedestrians, cyclists, and other road users.","P1 ：社會科技技術的發展是為了促進人們整體的生活福祉。
P2 ：我主張的原則是一般用路人風險保護優先。我認為唯有我們先確保人們不會因新技術的演進而受到傷害，才能提供我們更便利的社會。
C ：自駕車開發商端應該要在審慎評估此技術施行於社會中是否對人類會產生負面的影響後，再引入市面做測試。而我們用路人也應該對此項新技術所施行的測試區域保有一定程度的警覺心態。我想如此才能盡可能地避免在自駕車測試階段可能造成的負面影響。",把一般用路人風險保護優先當成判斷自駕車能否部署的首要考量，看似合理，但它的根本問題是它沒辦法在測試階段都不犯錯，因為現實的交通情況太複雜了，它在未測試前不可能預測出所有真實情境下可能發生的狀況。,"堅持(Defend)：批評不成立，我的立場完全不變，我能說明為什麼。The objection fails. My position does not change, and I can explain why.",批評不成立，因為我始終認為人們的福祉為技術進步首要考量之處。自駕車就像一般駕駛一樣，在剛學習如何開車時，必然會不熟悉，必然會犯錯。然這也正是我們需要監督員隨車監督的原因。此次事件的發生，就我的觀點，程式不完全是一回事，但監督員未時刻緊盯前方路況我想是主要的原因。或許自駕車真的需要再測試階段去熟悉各種環境因素，也可能因判斷錯誤而造成事故，但我會認為只要不是傷害到人，其他的傷害事實上就和人出事故般，透過不斷修正，定能為人們提供更加便利的社會。,"以這樣子的主張，我會認為自駕車的開發商將會承擔較大的責任。雖然因為他們的發明，將有助於降低社會上事故的發生率，然而，在推行階段，開發廠商定會面對到居民的質疑以及更高標準的檢驗。
若我們再更深入的去探討，的確自駕車開發商中的每種職位可能皆有不同的責任需要承擔。誠然，我會認為隨車的監督員所背負的責任會是最大的，在測試的第一現場，面對到一切不對勁時，會是他需要去應對與阻止悲劇的發生。因此，我會認為隨車監督員福利應考量此而作出相應的補償。",假設我們以用路人風險保護優先原則，的確能確保人們不會受到任何的傷害，但若再測試階段，不斷地發生事故，東撞西撞是不是也會對社會造成負面的影響呢？不能說因為是測試階段，所有就可以不斷地出現事故，因此是不是在進入測試階段前，目前技術也先需要已經滿足某項的指標呢。
2026/04/28 18:32:31,"一般用路人風險保護優先 (Road User Protection First)：自駕車的研發與測試風險，不應主要由行人、騎乘者與其他一般用路人承擔。The risks of developing and testing self-driving cars should not fall mainly on pedestrians, cyclists, and other road users.",我選擇一般用路人風險保護優先，該核心價值是建立在行人應該被優先保護，在出車禍的情況下，大多數車撞人時，車主的風險往往比行人還要低，倘若在撞到行人時轉向分隔島，對於行人的風險會最低，所以應該是要將對人的風險，分散到開車的人上，使路人的致死率降低，所以我們應該是要將一般用路人的風險降低，可以不用降到0，但是人被車撞死的機率是偏高的，但若科技成熟至能將致死率降到0，我們也應該讓自動駕駛上路，且不該由開車人所造成的傷害由行人來承擔。,把一般用路人風險保護優先當成判斷自駕車能否部署的首要考量，看似合理，但它的根本問題是忽略了行車的出世多樣性，因為它忽略若只在侷限的模擬內，很難模擬出每種車禍的狀況，若要完全訓練完再上路，反而會造成自動駕駛的可行性會非常低，或是訓練成本過高，又或是沒有數據樣本用來訓練。,"限定(Qualify)：批評部分成立，但我的核心立場不變，只是需加上特定條件或在特定情形下成立。The objection is partly valid, but my core position remains the same. It only holds under certain conditions or in certain cases.",批評部分成立，但我的立場在ai訓練車輛同步進行的條件下仍然能成立，因為老師在課堂上有提到，車輛與車輛間也有互通的感測器，能夠知道對方是否為自動駕駛，在此狀況下兩台車的配合下，行人的傷害會在進一步降低，若能降低到這種程度，也不需要極高的訓練樣本來輔助。,按照我的立場的話，若公司並非非常富有，純自動駕駛的公司都可以收一收回去了，市場上的自動駕駛也會銳減，但是出來的會是菁英中的菁英,在一開始責任追溯與課責優先中兩個在做選擇，不確定是否要選哪一個，因為大家的看法都有各自的道理
2026/04/28 18:32:44,"一般用路人風險保護優先 (Road User Protection First)：自駕車的研發與測試風險，不應主要由行人、騎乘者與其他一般用路人承擔。The risks of developing and testing self-driving cars should not fall mainly on pedestrians, cyclists, and other road users.","P1：一般用路人無法享受到自駕車的便利性，卻要承受自駕車帶來的風險
P2：一般用路人風險保護優先，即便自駕車標榜著安全，但一般用路人還是應注意路況，畢竟你沒有AI的輔助，當車子衝來時，你仍須自己緊急避險
C：一般用路人與自駕車駕駛皆應注意路況，不論是否為自駕車，畢竟以現在來說，人為的介入與經驗仍有機會超越AI判斷",把一般用路人風險保護優先當成判斷自駕車能否部署的首要考量，看似合理，但它的根本問題是否認了人類的脆弱(情緒、注意力、體力)不如科技，因為它忽略現實中的車禍大多來自於人類的分心與疲勞。,"限定(Qualify)：批評部分成立，但我的核心立場不變，只是需加上特定條件或在特定情形下成立。The objection is partly valid, but my core position remains the same. It only holds under certain conditions or in certain cases.",批評部分成立，但我的立場在自駕車無法證明事故率小於等於當前人類事故率條件下仍然能成立，因為如果自駕車的事故率無法小於等於人類，那他無法說服非自駕車駕駛外的用路人它帶來的效益。,忽略了科技的可能性，但其風險仍是問題(自駕車系統若被駭入，駕時及乘客等同於被脅持),
2026/04/28 18:34:09,"效益優先 (Benefit First)：只要長期能顯著降低整體交通死傷，自駕車部署就可被接受。If self-driving cars can significantly reduce overall traffic injuries and deaths in the long run, their deployment can be justified.","在自駕車的速度降低的情況，並且將煞車靈敏度提升，按理說可以減少事故發生率。
我覺得是效益優先，在風險降到比較低的情況然後讓自駕車上路。該原則的核心是以公司的效益為主，並且盡力降低風險，雖然風險可能沒辦法降到0。
在這類自駕車案例中，自駕車公司需要降低車速，提高環境掃描能力並且加強煞車的靈敏度，而且政府教育也需要讓人民都知道自駕車的存在需要讓行人更注意安全，不能在道路上違規。",把效益優先當成判斷自駕車能否部署的首要考量，看似合理，但它的根本問題是無法將風險降到最低，未來還是有機氯因為路人未注意而導致出事故，因為它忽略了許多圖方便而違反道路安全的行人。,"堅持(Defend)：批評不成立，我的立場完全不變，我能說明為什麼。The objection fails. My position does not change, and I can explain why.",批評不成立，雖然聽起來殘酷，但是我覺得如果我們將自駕車的速度降低了，但還是出現事故，那我覺得行人的生命力很弱，這可能算是一種淘汰弱者的方案(但我覺得真的挺殘酷的，但以利益來說我覺得這是合理的)。,這個立場放棄了部分行人的安全，還有自駕車後面的車的速度，可能因為自駕車太慢導致後面的車主路怒症發作。我覺得這個代價值得付出，在大量數據慢慢收集起來後，可以慢慢的將速度加快，未來的安全性也會變高。,自駕車如果自燃，那車內的測試人員該怎麼辦呢? 如果是像在大陸的部份自駕車，因為該電池製作不良，或是因為AI判斷失誤撞上路邊物品並自燃，那這樣該怎麼辦呢?
2026/04/28 18:35:27,"責任追溯與課責優先 (Accountability First)：若事故發生後無法清楚追溯責任、說明決策依據並進行有效課責，則不應部署。If, after an accident, responsibility cannot be clearly traced, the basis of the decision cannot be explained, and effective accountability cannot be imposed, then deployment should not be allowed.","P1:在 Uber 自駕車事故中，自駕車不是完全由人類駕駛控制，而是由感測器、電腦系統和公司設定的程式來判斷路況。如果發生事故後，無法知道系統當時為什麼沒有正確反應，也不知道公司有沒有做好測試和監督，就會很難釐清責任。
P2:我主張責任追溯與課責優先。核心價值是在第三者的角度客觀判斷責任歸屬，自駕車所承擔的責任會偏多，但不完全都是自駕系統要承擔。
C:在類似自駕車案例中，車商在製造自駕車時應該採用嚴格的決策系統標準且配備完善的影像紀錄系統，因為這樣才能在發生事故或糾紛時讓第三者以客觀角度判斷責任歸屬。",把責任追溯與課責優先當成判斷自駕車能否部署的首要考量，但它的根本問題是無法有效降低事故發生的機率，因為它忽略了自駕車本身到底夠不夠安全、能不能減少事故發生，在此情況下僅規範責任歸屬明確即可上路，就是默許事故繼續發生。總之太在意出事誰負責，反而忽略了自駕車能不能減少事故發生的機率。,"限定(Qualify)：批評部分成立，但我的核心立場不變，只是需加上特定條件或在特定情形下成立。The objection is partly valid, but my core position remains the same. It only holds under certain conditions or in certain cases.",雖然目前自駕車事故發生率偏高，不過若是透過這項原則來找出事故原因，慢慢找出系統問題及修正自駕車使用方式，以長期而言也許會是個安全的交通方式。,需付出的代價是自駕車的發展和上路速度會變慢。如果要求公司要建立完整的責任追蹤、行車紀錄、監督制度，就需要花更多時間和成本準備，也會需要經過更嚴格審查。承擔這個代價的人主要是自駕車公司以及期待自駕車帶來便利的使用者。公司要花更多錢，社會也許會比較晚才能享受到自駕車可能帶來的交通便利。但我認為這個代價是值得的，如果只是為了快速發展自駕車卻沒有完整的責任制度的話，事故發生後可能無法知道問題出在人還是車本身。因此可以用較嚴格但合理的規範來降低這個代價，而不是完全放任自駕車直接上路。,令我猶豫的點是自駕車到最後能否變成人們期待的樣子，由於機器不像是人有隨機應變的能力，很多時候都是要經過很多次的試錯才能做出完美的產品，而且現實中會發生的意外太多，無法保證自駕車有能應變所有事情的能力，更何況連人開車都會犯錯了。
2026/04/28 18:36:38,"效益優先 (Benefit First)：只要長期能顯著降低整體交通死傷，自駕車部署就可被接受。If self-driving cars can significantly reduce overall traffic injuries and deaths in the long run, their deployment can be justified.","P1：大多數的交通事故都是人為疏失造成的（就是單純是車子的問題比人為疏失的還少很多），但隨著自駕系統的發展，它能降低人類感官的限制，所以比起傳統駕駛，自駕車長期發展是可以將整體社會的交通傷亡降低。
P2：我主張效益優先，該原則的核心價值應該是將交通事故的社會總體傷害降到最低，長期發展自駕系統並且將技術在可控的風險內進步，使未來的交通環境更安全。
C：我覺得政府與相關管理機構應該允許自駕技術在公共道路上進行受控的測試（像是考駕照的路考考試一樣）；不應該因為單一事故就全面禁止自駕車的改善。因為從長遠來看，如果推遲這項技術，就等於讓更多人暴露在人為駕駛的高事故風險中。",把效益優先當成判斷自駕車能否部署的首要考量，看似合理，但它的根本問題是它將人的生命視為可以被計算的數據，因為它忽略（或犧牲了）在技術還在研發階段時，那些非自願承擔風險的無辜受害者。,"限定(Qualify)：批評部分成立，但我的核心立場不變，只是需加上特定條件或在特定情形下成立。The objection is partly valid, but my core position remains the same. It only holds under certain conditions or in certain cases.",批評部分成立，但我的立場在建立更嚴格的測試與責任補償條件下仍然能成立，因為雖然效益優先是為了長遠的社會安全，但不應該無視開發過程對無辜個體的權利侵害。所以自駕車的開發需建立在更嚴謹的架構上，像是測試環境必須將非自願風險降到最低，或是政府設立專門的補償機制，並強制車輛使用者投保針對自駕技術的特殊保險，確保在開發自駕技術中如果發生不可預見的傷害時，受害者能獲得充分保障，而不是數據下的犧牲品。,"代價是無法完全歸零的生命風險。
儘管規劃了補償與保險，代價仍由在技術研發階段中遭遇事故的少數受害者及家屬承擔。
雖然不太合乎倫理道德，但從社會整體的長期損益來看，如果不承擔技術開發成本，社會將持續面臨更高的人為駕駛事故率。
除了前面的金錢補償與保險外，還要透過分階段上路測試，將風險管理限制在最小範圍內。",
2026/04/28 18:37:03,"一般用路人風險保護優先 (Road User Protection First)：自駕車的研發與測試風險，不應主要由行人、騎乘者與其他一般用路人承擔。The risks of developing and testing self-driving cars should not fall mainly on pedestrians, cyclists, and other road users.","Uber 自駕車還處在測試階段，也還沒成熟，卻在公共道路上行駛，一般用路人會在不知情的情況下承擔風險而不是那些開發人員承擔這個風險。我主張一般用路人風險保護優先，他的核心價值在於風險分配的正當性跟基本安全保障，不應該將未成熟的技術所造成的風險轉嫁給一般民眾，比起社會科技進步，民眾的安全重要得多。
因此在這類自駕車事故中，開發者應該要確保測試過程中的風險不會讓一般用路人承擔，可以限制特定地點測試等等，無法確保用路人安全前不應讓自駕車行駛於公共場所。",把一般用路人風險保護優先當作判斷自駕車能否部署的首要考量，看似合理，但他根本的問題是過度強調短期的風險，而忽略了長期整體安全的提升，因為他犧牲了若自駕車技術成功發展，可能大幅降低人為的交通事故，用自動化的交通系統取代人類有可能犯的錯誤。如果不想讓一般人承擔這個風險而不開發，那這個社會就會一直維持更高風險的人為駕駛，導致整個社會累積更多風險。,"限定(Qualify)：批評部分成立，但我的核心立場不變，只是需加上特定條件或在特定情形下成立。The objection is partly valid, but my core position remains the same. It only holds under certain conditions or in certain cases.",批評部分成立，但我的立場在風險可被有效控制且具完善的監管機制條件下仍然能成立，因為雖然自駕車技術發展可以帶來長期安全的提升，但在技術尚未成熟之前，仍不應將不可避免的風險轉嫁給無法選擇的用路人上。,"採用一般用路人風險保護優先的立場，其代價在可能減緩自駕車技術研發與部署的速度，使得原本要被改善的交通被延後。代價主要在由科技公司、整體社會承擔，因為自駕車若能成熟，理論上可以降低人為交通事故，但在嚴格限制下，這個效益將較晚實現。

我認為這個代價是可以被接受的，因為相較於無分選擇的一般用路人風險，延後發展是一個比較合理的取捨，而這個代價也可以透過其他方式減緩，像是特定區域實施等等，可以兼顧安全與進步。",
2026/04/28 18:38:19,"一般用路人風險保護優先 (Road User Protection First)：自駕車的研發與測試風險，不應主要由行人、騎乘者與其他一般用路人承擔。The risks of developing and testing self-driving cars should not fall mainly on pedestrians, cyclists, and other road users.","P1：Uber事故中，行人海茨伯格並非受測者也並未從中獲利，卻因系統誤判導致在公共空間承擔了技術研發的致命風險。
​P2：我主張一般用路人風險保護優先，其核心價值是分配正義。研發風險不應由未同意參與、且無法掌控風險的第三方承擔。
​C：研發單位在證明系統對路人的風險低於傳統駕駛前，不應在開放道路部署。",把一般用路人風險保護當成判斷自駕車能否部署的首要考量，看似合理，但它的根本問題是阻礙了技術普及的速度，因為它忽略了延遲部署會導致更多人死於人類駕駛的人為失誤。,"限定(Qualify)：批評部分成立，但我的核心立場不變，只是需加上特定條件或在特定情形下成立。The objection is partly valid, but my core position remains the same. It only holds under certain conditions or in certain cases.",批評部分成立，但我的立場在風險可控的條件下仍然能成立，因為研發可以並行，但路測的安全門檻必須設在AI加人類監測後，風險確實低於現狀，而不是要求路人為企業的數據採集犧牲。,研發成本大幅提高、技術發展速度降低。這將由企業和急需輔助駕駛的族群承擔。我認為這個代價是值得的，因為生命的價值高於技術發展速度。我們可以透過模擬環境和封閉場域測試來減緩研發延遲的影響，而不是直接拿公共道路上的路人生命當數據餵養AI。,目前最讓我困惑的是人機協作的陷阱。如果人類在監控自動系統時注定會因生理限制而分心，那麼要求人類測試員負責，是否只是企業規避倫理責任的方式之一？
2026/04/28 18:38:42,"效益優先 (Benefit First)：只要長期能顯著降低整體交通死傷，自駕車部署就可被接受。If self-driving cars can significantly reduce overall traffic injuries and deaths in the long run, their deployment can be justified.","P1：全球有許多車禍事故是由人類的疏失造成的，而自駕系統可以排除這些人為失誤，數據顯示自動駕駛造成的傷亡比傳統駕駛還來得低很多。
P2：我主張效益優先，該原則的核心價值是將社會損害最小化，如果害怕測試風險而犧牲到更多數人的安全，那就永遠不會進步。
C：開發者及政府不該因為少數測試意外就放棄研究，如果自駕比人開車還安全，就應該要推廣，讓科技降低交通意外。",把效益優先當成判斷自駕車能否部署的首要考量，看似合理，但它的根本問題是讓集體利益凌駕在個人權益上，因為它犧牲了小部分被用來測試的用路人的安全。,"限定(Qualify)：批評部分成立，但我的核心立場不變，只是需加上特定條件或在特定情形下成立。The objection is partly valid, but my core position remains the same. It only holds under certain conditions or in certain cases.",批評部分成立，但我的立場在達到基礎安全門檻且有補償機制的條件下仍然能成立，因為從長遠來看，降低整體死傷還是自駕最重要的目標。,這個選擇付出的代價是個體權益被犧牲，用路人可能因此承擔測試風險。我認為這個代價可以透過補償機制來彌補。,
2026/04/28 18:41:05,"一般用路人風險保護優先 (Road User Protection First)：自駕車的研發與測試風險，不應主要由行人、騎乘者與其他一般用路人承擔。The risks of developing and testing self-driving cars should not fall mainly on pedestrians, cyclists, and other road users.",自駕車道路測試會對未同意參與的行人造成生命威脅，為了保護弱勢用路人免受非自願風險的公平正義原則，自駕車在確保不將致命風險轉嫁給大眾前，不應貿然在一般道路部署。,把一般用路人風險保護優先當成判斷自駕車能否部署的首要考量，看似合理，但它的根本問題是將導致技術發展停滯，因為它忽略（或犧牲了）自駕車成熟後能拯救的龐大潛在交通傷亡人數與長久的社會效益。,"限定(Qualify)：批評部分成立，但我的核心立場不變，只是需加上特定條件或在特定情形下成立。The objection is partly valid, but my core position remains the same. It only holds under certain conditions or in certain cases.",批評部分成立，但我的立場在缺乏完善測試與安全備案的條件下仍然能成立，因為不能以犧牲當下少數無辜路人的生命，來換取未來尚未發生的多數人利益。,代價是延遲技術普及，由整體社會承擔無法盡早減少傳統車禍的遺憾。但保護無辜路人生命更重要，這代價絕對值得，未來可透過劃設專屬測試區來繼續推動技術研究。,
2026/04/28 18:42:11,"責任追溯與課責優先 (Accountability First)：若事故發生後無法清楚追溯責任、說明決策依據並進行有效課責，則不應部署。If, after an accident, responsibility cannot be clearly traced, the basis of the decision cannot be explained, and effective accountability cannot be imposed, then deployment should not be allowed.","P1（事實）：Uber 率先推出自動駕駛車輛，方便人們以更有效率、更可靠的方式及更實惠的價格預約接送及外送服務。
P2（規範）：我主張責任追溯與課責原則應優先，該原則的核心價值是在於建立透明、誠實、專業與可信任的治理體系。這些原則旨在確保權力行使者對其行為、決策及結果承擔責任，並透過透明的機制讓相關人等能夠監督。
C（結論）：根據 P1 和 P2，在這類自駕車案例中，Uber公司應該建立良好的管控機制，並且政府應該詳細擬訂一項專門給自駕車的法規。",把責任追溯與課責原則，當成判斷自駕車能否部署的首要考量，看似合理，但它的根本問題是：體現了整體制度，而忽略了真實倫理上的正義。,"堅持(Defend)：批評不成立，我的立場完全不變，我能說明為什麼。The objection fails. My position does not change, and I can explain why.",批評不成立，因為如果有完善法規能保護被 Uber 自駕車撞的傷者，他們也能獲得車禍損賠，如獲得醫藥費、修車費、精神撫恤金等補償，在法律下可以保障權益，Uber 公司也須為管理不當負責。,優先選擇責任追溯與課責原則立場，意味著 AI 自駕車的風險會被排在後面，因為如果有了這些措施，就會讓人很放心不去管控AI 自駕車，就會忽略了自動駕駛還是有風險存在。,應該沒有
2026/04/28 18:42:59,"一般用路人風險保護優先 (Road User Protection First)：自駕車的研發與測試風險，不應主要由行人、騎乘者與其他一般用路人承擔。The risks of developing and testing self-driving cars should not fall mainly on pedestrians, cyclists, and other road users.","
P1（事實）：自駕車目前還是在開發測試階段，系統上可能會出現錯誤，如果直接在一般道路進行測試，承擔風險的會是一般用路人。
P2（規範）：我主張一般用路人風險保護優先原則應優先，該原則的核心價值是不應該把測試的風險丟給一般用路人來承擔，應該保護每個人的基本安全。
C（結論）：根據 P1 和 P2，在這類自駕車案例中，企業不應將自駕車直接在一般道路上進行測試，除非確保不會造成用一般路人風險。",把一般用路人風險保護優先當成判斷自駕車能否部署的首要考量，看似合理，但它的根本問題是不讓別人承擔風險，會導致自駕車沒辦法上路測試，技術的問題就沒辦法得到解決，因為它忽略（或犧牲了）自駕車未來有可能讓車禍次數減少及每個人開車一定都會有風險。,"限定(Qualify)：批評部分成立，但我的核心立場不變，只是需加上特定條件或在特定情形下成立。The objection is partly valid, but my core position remains the same. It only holds under certain conditions or in certain cases.",批評部分成立，但我的立場在具備適當的安全措施及風險管理條件下仍然能成立，因為有人類來監督、明確的測試規範至少能夠降低風險，所以在一定限條件下可以允許上路測試。,代價是可能會因爲人類過度的干涉影響到AI系統的學習、測試的門檻變高、成本會提高，這個代價值得付出，不能因爲自駕車的開發測試讓一般用路人當白老鼠身處在危險中，可以透過行駛在特定或路況單純的道路及專用車道、或是以契約方式像是交通補助與用路人達成共識。,如果堅持自駕車要完全不造成風險才能上路，那自駕車的技術是不是就永遠沒辦法實現？
2026/04/28 18:44:23,"一般用路人風險保護優先 (Road User Protection First)：自駕車的研發與測試風險，不應主要由行人、騎乘者與其他一般用路人承擔。The risks of developing and testing self-driving cars should not fall mainly on pedestrians, cyclists, and other road users.","P1：在 Uber 自駕車事故中，受害者是在完全不知情且未同意參與技術測試的情況下，在路上遭遇事故。這顯示自駕車在研發階段，風險可能由毫不知情的一般用路人承擔，行人與騎士是交通系統中最脆弱的群體，若技術尚未成熟就直接在公共道路測試，會使這些人暴露在不公平的高風險之下。

P2：我主張「一般用路人風險保護優先」。社會應保障所有用路人免於不合理的風險，尤其是那些沒有選擇權、無法拒絕承擔風險的人。企業應先證明自駕技術足夠安全，然後再進行部署，而不是先測試再事後修正，即使自駕車可能降低整體事故率，但也不應該忽視無辜行人的安全與權利

C：我認為 Uber 與其他自駕車公司在技術尚未成熟到足以保障公共安全前，不應直接把高風險測試放到一般公共道路上，尤其不能讓行人承擔主要風險。政府也應建立更嚴格的測試標準和安全審查，也要要求企業先證明這套系統對一般用路人的危害已降到合理範圍，才能允許部署。科技發展雖然重要，但不應以犧牲未同意參與風險的大眾，被迫承擔不公平的生命風險。
",把「一般用路人風險保護」當成判斷自駕車能否部署的首要考量，看似合理，但它的根本問題是「過度強調零風險，可能阻礙長期降低整體交通死亡的技術發展」，因為它忽略（或犧牲了）「未來更多人的安全與公共利益」。,"限定(Qualify)：批評部分成立，但我的核心立場不變，只是需加上特定條件或在特定情形下成立。The objection is partly valid, but my core position remains the same. It only holds under certain conditions or in certain cases.",批評部分成立，但我的立場在「自駕車已通過嚴格安全測試與監管」的條件下仍然能成立，因為「保護一般用路人的安全仍應是部署自駕技術時最優先考量的原則」。,我的選擇代價是 技術發展會變慢。因為如果太強調保護路人安全，自駕車在公共道路上的測試就會受限，這個代價主要由 整個社會 承擔，大家要更久才能享受到自駕車帶來的長期安全效益，不過，這個代價 值得付出，因為保護路人安全是最基本的社會責任，而且可以透過 補償方式 減少代價，例如：政府提供安全測試場地、企業加強模擬測試，讓技術仍能進步。,"我最困惑的是 如何在保障路人安全和推動技術發展之間取得平衡。
如果太強調安全，技術可能停滯；但如果太快推進，路人又可能承擔不公平的風險。
我猶豫的是：到底要把「安全」還是「效益」放在最優先的位置。"
2026/04/28 18:44:26,"一般用路人風險保護優先 (Road User Protection First)：自駕車的研發與測試風險，不應主要由行人、騎乘者與其他一般用路人承擔。The risks of developing and testing self-driving cars should not fall mainly on pedestrians, cyclists, and other road users.","P1：Uber 案中，系統因目標分類不穩未能及時煞車，最關鍵的是，Uber 為了讓測試數據更好看、乘坐更平順，刻意降低感測靈敏度並關閉了原廠的自動緊急煞車，這事實顯示，研發者為了優化測試效率，主動將實驗風險轉嫁給了無辜的外部用路人。
P2：該原則的核心價值在於非自願風險承擔的公正，用路人並未同意參與實驗，也不是開發過程的受益者，不應在不知情且無防備的情況下，被迫承擔技術研發的不確定性風險，人的生命安全權，在道德位階上應高於技術進步的效率。
C：開發商不應為了優化效率而關閉 AEB 等安全防線，在無法證明安全性顯著優於人類駕駛前，不該在公共道路進行缺乏保護的測試，必須以不傷害第三方為研發底線，而非將公共空間當成可以隨意試錯的實驗場。",把一般用路人風險保護優先當成判斷自駕車能否部署的首要考量，看似合理，但它的根本問題是會造成技術發展的停滯與機會成本的損失，因為它忽略了若因為追求極致的零風險而無限期推遲部署，實質上是讓每年數以萬計死於人類駕駛疏忽的人喪失了獲救的機會。,"限定(Qualify)：批評部分成立，但我的核心立場不變，只是需加上特定條件或在特定情形下成立。The objection is partly valid, but my core position remains the same. It only holds under certain conditions or in certain cases.",批評部分成立，但我的立場在區分研發測試階段與全面商轉階段的條件下仍然能成立，因為在 Uber 這種研發測試階段，測試者負有更高的注意義務，不能將路人視為進步所需的必然成本，然而，當技術進入商轉，我承認不能要求絕對零風險，而是應追求統計學上的顯著安全性，但在研發階段，若連基礎的防撞防禦都被刻意關閉，這在倫理上是無法為其正當性辯護的。,這個選擇所需付出的代價是技術成熟的時間會被拉長，且研發成本會大幅提升，承擔者主要是自駕車開發商及其投資人，以及原本可能從自駕技術中獲益的潛在受害者，我認為這個代價是值得付出的，因為社會大眾對新技術的信任非常脆弱，一次因疏忽造成的死亡事故，對產業造成的負面打擊往往大於延遲研發的損失。,即便我選擇了目前的立場，被我放棄的整體效益價值仍讓我感到需要補償。
2026/04/28 18:45:20,"責任追溯與課責優先 (Accountability First)：若事故發生後無法清楚追溯責任、說明決策依據並進行有效課責，則不應部署。If, after an accident, responsibility cannot be clearly traced, the basis of the decision cannot be explained, and effective accountability cannot be imposed, then deployment should not be allowed.",出事的時候人們都會找該負責的人負責 所以自駕車公司在上路前應該先明確規劃好風險發生時各單位的責任範圍,我們忽略了其實很多意外是沒辦法提前預判到 必須要實際上路發生後才能知道這件事有可能發生 因此要先上路而後規劃,"限定(Qualify)：批評部分成立，但我的核心立場不變，只是需加上特定條件或在特定情形下成立。The objection is partly valid, but my core position remains the same. It only holds under certain conditions or in certain cases.",部分成立 意外發生時責任人是誰這種事法律都會明確表示 而自駕車終歸也是車 也是適用交通法 責任怎麼分配也會按照交通法去判 因此不太會存在意外發生後踢皮球的問題,事先訂好規則 在大家各司其職的情況下 A組可以有效率顧自己的範圍 但A組可能就不知道B組在幹嘛 沒辦法起到相互監督的作用 導致沒辦法再降低風險發生率,
2026/04/28 18:45:26,"一般用路人風險保護優先 (Road User Protection First)：自駕車的研發與測試風險，不應主要由行人、騎乘者與其他一般用路人承擔。The risks of developing and testing self-driving cars should not fall mainly on pedestrians, cyclists, and other road users.","P1(事實)：在 Uber 事故中，一般用路人在不知情且未同意的情況下承擔了系統失效帶來的直接傷害，成為事故中最主要的受害者。
P2(規範)：我主張技術研發的風險不應轉嫁到無辜的第三方身上。開發的利益歸於廠商與乘客，但物理傷害的代價卻由路人承擔，這在道德上是不公平的。
C(結論)：政府應嚴格規範，在自駕車證明其安全性顯著優於人類駕駛前，禁止在開放道路測試。廠商應在封閉場地研發，不應將大眾通行的公共道路當作不計代價的試驗場。",把保護用路人當成判斷自駕車能否部署的首要考量，看似合理，但它的根本問題是會嚴重延緩技術救人的時機，因為它忽略了人類開車其實更危險且更不可控的事實。如果因為過度追求保護眼前的路人而禁止測試，實際上是犧牲了未來更多本來可以被 AI 救下的生命。,"限定(Qualify)：批評部分成立，但我的核心立場不變，只是需加上特定條件或在特定情形下成立。The objection is partly valid, but my core position remains the same. It only holds under certain conditions or in certain cases.","批評部分成立，但我的立場在""廠商必須額外針對測試區域增加安全設施，並承擔所有賠償責任""的條件下仍然能成立，因為重點應該而是不能讓路人在混亂的交通環境中被犧牲。廠商若想測試，就必須投入資源改善測試環境的安全設施，並負起無過失的賠償責任。",代價是廠商的研發進度會落後，且因為開發成本提高，可能會失去商業先機。,"台灣常被稱為""行人地獄""，現實中人類駕駛的違規與疏忽已經造成了嚴重的傷亡。讓我困惑的是：既然人類駕駛已經做得這麼糟了，我們還有資格要求 AI 必須達到""完美""才能上路嗎？這種""對 AI 嚴格，對人類寬容""的雙重標準，讓我有所猶豫。"
2026/04/28 18:47:37,"一般用路人風險保護優先 (Road User Protection First)：自駕車的研發與測試風險，不應主要由行人、騎乘者與其他一般用路人承擔。The risks of developing and testing self-driving cars should not fall mainly on pedestrians, cyclists, and other road users.","P1（事實）：在 Uber 自駕車事故中，受害者是一般用路人，而這些人並沒有選擇參與測試，卻承擔了風險。此外，自駕技術仍存在感知與判斷失誤的問題，在尚未完全成熟前，將測試風險轉嫁給無辜用路人，會造成不對等的風險分配
P2（規範）：我主張「一般用路人風險保護優先」應作為首要原則。其核心價值是公平與不傷害原則，也就是不應讓未同意承擔風險的人被迫承擔技術發展的代價。即使自駕車長期可能帶來整體效益，也不能以犧牲個體為前提
C（結論）：因此，在這類自駕車案例中，企業與政府應優先確保測試環境的安全，例如限制測試範圍或提高監管標準，而不應直接在一般道路上讓用路人承擔風險。在安全性未達一定標準前，不應全面部署",把「一般用路人風險保護優先」當成首要考量，看似合理，但它的根本問題是可能過度限制技術發展，因為它忽略了自駕車長期可能大幅降低整體交通死亡率的潛在效益，等於犧牲了整體社會的利益,"限定(Qualify)：批評部分成立，但我的核心立場不變，只是需加上特定條件或在特定情形下成立。The objection is partly valid, but my core position remains the same. It only holds under certain conditions or in certain cases.",這個批評部分成立，但我的立場在「技術尚未成熟且安全性不足」的條件下仍然成立，因為在追求長期整體利益之前，應優先保障個體不被迫承擔風險,這個選擇的代價是可能延緩自駕車技術的發展與普及，使社會較晚享受到降低交通事故的整體效益。這個成本主要由整體社會承擔，但我認為這個代價是值得的，因為可以透過更安全的測試方式來降低影響，而不應直接讓無辜用路人承擔風險,我目前最困惑的是：在技術尚未完全成熟時，我們應該容許多少風險來換取未來更大的公共利益？也就是，在個體安全與整體效益之間，應該如何找到一個合理且可接受的平衡點。
2026/04/28 18:48:30,"責任追溯與課責優先 (Accountability First)：若事故發生後無法清楚追溯責任、說明決策依據並進行有效課責，則不應部署。If, after an accident, responsibility cannot be clearly traced, the basis of the decision cannot be explained, and effective accountability cannot be imposed, then deployment should not be allowed.",在Uber自駕車事故案例中，事故發生時系統未能正確判斷行人且駕駛未能即時踩煞車，這說明其決策過程不透明，且責任可能分散於開發者、營運方和駕駛人之間，難以明確就責。我選擇「可課責性優先」為原則，其核心價值在於建立像是台灣交通法規班明確責任制度：在一般交通事故中，能界定駕駛、車主或相關責任方，並進行裁罰與賠償，這樣的制度才能維持社會秩序與路人安全信任。因此，若自駕車系統無法達到類似現行法規的責任歸屬與可追溯之標準，在事故發生後無法明確界定誰應該負責，則自駕車不應允許上路或大規模部署，以避免出現事後責任無法釐清，且無法有效處理的情況。,把【責任追溯與課責優先】當成判斷自駕車能不能上路的首要考量，看似合理，但它的根本問題是太強調發生事故後誰要負責，反而忽略這項技術本身可能可以降低整體交通事故的好處。因為如果一定要等到責任制度更完整才能允許上路，雖然這可能會拖慢自駕車的發展，讓原本有機會減少傷亡的技術被延後甚至停滯。,"限定(Qualify)：批評部分成立，但我的核心立場不變，只是需加上特定條件或在特定情形下成立。The objection is partly valid, but my core position remains the same. It only holds under certain conditions or in certain cases.",批評部分成立，但我的立場在【基本責任機制有建立】的條件下仍然能成立，因為確實不能因為制度不完善就完全阻擋技術發展，但至少要如同台灣現行交通法規，有個可以判別責任歸屬的基礎。倘若連最基本的責任都不明確，就讓它上路，此風險會太高，反而難以讓大眾信任。,這個選擇可能會延緩自駕車技術的發展與上路進度，讓原先有機會降低交通事故的技術較晚發揮功效，而這代價主要會是由整體社會承擔，包括用路人可能要等待更久才可享受到更安全的交通環境。我認為這個代價是可接受的範圍內，因為我們可以透過「分階段開放」或「在可控場域先測試」來降低影響，一方面可以發展技術，另一方面則是建立責任制度，讓安全與發展之間取得平衡。,
2026/04/28 18:48:58,"責任追溯與課責優先 (Accountability First)：若事故發生後無法清楚追溯責任、說明決策依據並進行有效課責，則不應部署。If, after an accident, responsibility cannot be clearly traced, the basis of the decision cannot be explained, and effective accountability cannot be imposed, then deployment should not be allowed.","P1：Uber自駕車在測試期間駛於公共道路上卻因系統判斷失誤導致行人死亡，事後沒有人在刑事層面被明確追究，在制度上沒有留下有人必須回答的結果。
P2：當一個行動者選擇將風險加諸於他人，就代表這個人應該對那個風險的後果保持回應的道德關係。我主張課責機制的核心價值不是懲罰，是維繫公共信任的必備條件。如果企業可以在課責框架不清楚的情況下使用公共道路測試技術，等於允許風險的利益由私人獲取，代價卻由不知情的公眾承擔。
C：自駕車在進入公共空間之前，監管機構應先建立明確的責任歸屬框架，讓課責對象在事故發生前就是可識別的。企業不應以技術複雜、責任難以釐清為由迴避問責，若複雜性本身可以免責，將引發社會一定的混亂與究責問題。",把責任追溯當成判斷自駕車能否部署的考量根本的問題是將制度完備程度凌駕於實際的生命保護，課責框架建立需要時間，而在這段時間裡仍可能發生人為駕駛疏失。如果自駕技術在統計上能減少事故，那堅持課責不清就不能部署等於是用還沒出生的制度去換已經在發生的死亡，但它保護的是制度的乾淨而不是真實的人，受害者家屬更想要的是少一起事故，而不是多一份清楚的責任歸屬書。,"堅持(Defend)：批評不成立，我的立場完全不變，我能說明為什麼。The objection fails. My position does not change, and I can explain why.",批評不成立，反對者說課責優先會犧牲掉生命，但Uber事故卻證明了相反的事實。正因為沒有課責，Uber花了兩年才修正系統的缺陷，這段期間同樣的問題與風險仍持續存在著。受害者家屬當然會希望社會上可以少一起事故，但如果我們只停留在希望，而不建立防止下一場意外發生的解決機制，那我們對不起的不是制度，而是下一場意外的受害者。所以我的立場不變，課責優先不是犧牲生命，而是保護生命的方式。,可能會延遲自駕車的部署速度，讓原本可以透過自駕技術減少的人為車禍傷亡，在等待課責制度被建立的期間繼續發生。首當其衝需要承擔的人就是每年因為人類駕駛疏失而傷亡的人及其家庭，再來就是研發自駕車的企業，因為他們的成本會大大提升。但我依舊認為值得付出，假如沒有課責的部署，可能導致更大規模的災難，很有可能會降低大眾對於自駕車的信任。,
2026/04/28 18:52:17,"責任追溯與課責優先 (Accountability First)：若事故發生後無法清楚追溯責任、說明決策依據並進行有效課責，則不應部署。If, after an accident, responsibility cannot be clearly traced, the basis of the decision cannot be explained, and effective accountability cannot be imposed, then deployment should not be allowed.","P1由新科技引發的事故與權益受損常因規範與責任劃分不完善而引發爭議
P2我認為可課責任性優先，其核心理念是科技源自於人性，因此科技引發事故應向使用者追溯責任，而非工具本身
C在自駕車案中，科技（如自駕AI）提供者應告知使用者AI能力與限制，並界定權責範圍，使用者（駕駛）必須了解（自駕車）科技的能力與合理應用方式",課責性優先最根本的問題是沒有人願意負責，科技公司可能寧願提供有瑕疵的產品也不願意承擔責任，而消費者即使不願意使用，也可能因社會因素或外界壓力而被迫使用，它忽視了多數消費者對承擔風險的需求不高，寧願忽視責任也要享受便利,"修正(Revise)：批評很可能成立，我的核心立場會有很大調整，即使整體方向不變。The objection is likely valid, so my core position needs major revision, even if its overall direction remains the same.",批評很可能成立，我需要調整整體權責劃分的方式，但整體方向仍是可責性優先，因為最應該避免的情況是科技犯罪，即使可能降低社會整體利益，也要極力避免新科技使用者利用權責不明的灰色地帶，導致無新科技的弱勢群體受害,雖然可責性優先最大程度維持社會秩序與法律糾紛，但也延緩科技發展的速度，且某些規範需要真實案例產生才有人想到，限制科技使用也會限制規範修訂的效率,
2026/04/28 18:53:31,"一般用路人風險保護優先 (Road User Protection First)：自駕車的研發與測試風險，不應主要由行人、騎乘者與其他一般用路人承擔。The risks of developing and testing self-driving cars should not fall mainly on pedestrians, cyclists, and other road users.","P1:在這個案件中 受害者Elaine 只是一位使用公共道路的行人 也沒有同意參與uber的技術測試 也沒有從中獲得利益
P2:我的上述主張的立場跟分配正義大致相同 企業追求的利益和技術進步的外部性 不該強加在行人身上
C:uber 應該負起絕對保護責任 在未能確認辨識系統穩定前 不應在公共道路上路 要保留防撞的介入權",忽略了未來因自駕技術成熟後能減少成千上萬個交通事故的成果,"限定(Qualify)：批評部分成立，但我的核心立場不變，只是需加上特定條件或在特定情形下成立。The objection is partly valid, but my core position remains the same. It only holds under certain conditions or in certain cases.",批評部分成立 但我的立場在 初期測試研發階段仍然能成立 因為在自駕技術尚未比人為還安全時 不應該強迫社會大眾共同分擔風險,"開發團隊需要花更多心力和成本完成測試
全部人一起承擔 因為企業付出成本和心力 我們承擔較晚實施安全性較高的自駕技術
我認為是值得付出的 因為我們人的生命不可逆 不能為了商業競爭和不確定的未來效益 把路人當成試錯成本",什麼是真正的安全 因為不可能達成沒有人傷亡
2026/04/28 18:53:37,"責任追溯與課責優先 (Accountability First)：若事故發生後無法清楚追溯責任、說明決策依據並進行有效課責，則不應部署。If, after an accident, responsibility cannot be clearly traced, the basis of the decision cannot be explained, and effective accountability cannot be imposed, then deployment should not be allowed.","P1： 在 Uber 自駕車事故中，系統雖然偵測到路人，卻因為被歸類成誤報所以沒有及時煞車，而且駕駛當時也分心了。這就是技術失誤與人為疏忽都有責任，而且責任也很模糊。
P2： 我認為這項原則的核心價值在於社會信任與法律正義，任何技術要進入公共領域，必須建立在出事了有人負責、有理由可查的基礎上，如果沒辦法歸類責任，那法律就會失去意義。
C： 根據上述事實與價值，我覺得不應在還沒完善前就貿然部署。我們必須明確定義當演算法出錯時，究竟是誰的責任是開發者、硬體商還是後端監控員的責任。",把責任追溯當成判斷自駕車能否部署的首要考量，看似合理，但它的根本問題是過度保守導致技術普及緩慢，因為它忽略（或犧牲了）原本可以透過 AI 降低的整體交通死傷人數,"限定(Qualify)：批評部分成立，但我的核心立場不變，只是需加上特定條件或在特定情形下成立。The objection is partly valid, but my core position remains the same. It only holds under certain conditions or in certain cases.",批評部分成立，但我的立場是建立在透明監控與 log 紀錄機制的條件下才能成立，因為只有在技術上能做到完整的追蹤，我們才有可能在不犧牲效益的前提下，確保每一件事都是可以被解釋以及可追究責任的。,"這個選擇的代價就是開發成本提高和技術落地時間延後。為了要滿足條件，工程師得花更多心力在解釋 AI 的決策邏輯，而不是單純追求精準度。
主要是研發廠商承擔還有那些原本可能因為 AI 提早普及而免於車禍的人。
我覺得這代價是值得付的，我覺得如果我們為了一時的數據提升而犧牲了責任制度，一旦社會對 AI 失去信心，大家抵制時反而會讓技術倒退更多。比起快，我覺得「穩」和「透明」才是科技長久發展的關鍵。",
2026/04/28 18:53:56,"效益優先 (Benefit First)：只要長期能顯著降低整體交通死傷，自駕車部署就可被接受。If self-driving cars can significantly reduce overall traffic injuries and deaths in the long run, their deployment can be justified.","P1（事實）
自駕車技術的目標是降低交通事故與死亡率。

P2（規範性理由）
選擇的原則：效益優先。
核心價值：最大化社會的整體利益

C（結論）
在此立場下，政府與企業應當推動自駕車的研發與部署，社會也應接受短期的不確定性，因為長期效益能帶來更安全的交通環境。",把效益優先當成判斷自駕車能否部署的首要考量，看似合理，但它的根本問題是忽視了風險分配的不公平，因為它犧牲了路人的安全，把他們當成發展技術的代價。,"限定(Qualify)：批評部分成立，但我的核心立場不變，只是需加上特定條件或在特定情形下成立。The objection is partly valid, but my core position remains the same. It only holds under certain conditions or in certain cases.",批評部分成立，但我的立場在長期能有顯著降低交通事故與死亡率的條件下仍然成立，因為效益優先的核心價值是最大化社會的整體利益。,"效益優先的立場會在技術未成熟的階段，使某些人可能要承擔較高的風險代價，進而可能產生短期不公平的風險分配。
像是行人會因此承擔，他們沒有選擇權。
如果自駕車能在長期有效降低交通事故與死亡率，那這個代價在功利主義下是可以接受的。
可以透過法規制度來補償依定的損失。",我的猶豫點在於，如何衡量長期效益和短期風險的比例。自駕車的技術潛力很大，但還未成熟之前，社會要承受多少意外才算合理？這個界線並不明確
2026/04/28 18:54:35,"一般用路人風險保護優先 (Road User Protection First)：自駕車的研發與測試風險，不應主要由行人、騎乘者與其他一般用路人承擔。The risks of developing and testing self-driving cars should not fall mainly on pedestrians, cyclists, and other road users.","P1： 在 Uber 案例中，車輛是在公共道路上進行測試，而受害者(行人)並未參與測試合約，也沒有同意承擔自動駕駛系統失效的風險。當時系統雖然偵測到障礙物，卻因設定問題未及時煞車。

P2： 我主張一般用路人風險保護優先。其核心價值是脆弱者的負擔平等與不傷害原則。無辜路人並非技術進步的受益者或投資者，他們不應在未經同意的情況下，被動地成為科技實驗的活體樣本。

C： 根據上述，研發企業不應在安全備援機制（如人類安全駕駛員、自動緊急煞車）不完備的情況下，將未經充分驗證的系統部署於開放道路；政府應設定嚴格的准入標準，確保測試風險被限縮在可控範圍內。",把一般用路人風險保護優先當成判斷自駕車能否部署的首要考量，看似合理，但它的根本問題是它可能無限期推遲能救命的技術普及，因為它忽略（或犧牲了）未來更多潜在受害者的生存權利。如果因為追求公共道路上的零風險而禁止測試，自駕車的演進將停滯，這意味著我們選擇繼續接受每年數萬起因人類駕駛疏忽（疲勞、酒駕）導致的交通死傷。為了保護當下的少數路人，我們實質上犧牲了未來透過科技可以拯救的大多數人命。,"限定(Qualify)：批評部分成立，但我的核心立場不變，只是需加上特定條件或在特定情形下成立。The objection is partly valid, but my core position remains the same. It only holds under certain conditions or in certain cases.",批評部分成立，但我的立場在「必須優先於封閉場域或高度模擬環境完成初步驗證」條件下仍然能成立，因為我們不能以「未來的利益」作為理由，剝奪「現下個人」不被隨意傷害的權利。 效益主義的計算不能凌駕於個人基本安全權之上，技術開發者有義務先在不牽涉無辜第三方的環境下證明其安全性。,"代價： 導致自駕車技術的研發週期大幅拉長，企業需投入極高成本建設封閉測試場地或高精度模擬系統。

承擔者： 由自駕車開發廠商、投資者，以及原本可能受惠於早期部署的潛在使用者承擔。

是否值得： 我認為值得。這項代價能防止科技公司為了競爭速度而「轉嫁風險」給社會，並建立大眾對 AI 技術的長遠信任。","「安全」的標準究竟該定在哪裡？
如果要求自駕車必須「絕對安全」才能上路，這在科學上是不可能的；但如果標準是「比人類駕駛安全（例如死傷率低 10%）」，那麼當那 10% 以外的事故發生時，社會是否能接受「死在機器手裡」比「死在人手裡」更具道德正當性？這種對於「機器犯錯」與「人類犯錯」的不對等心理感受，是目前最難跨越的坎。"
2026/04/28 18:55:40,"一般用路人風險保護優先 (Road User Protection First)：自駕車的研發與測試風險，不應主要由行人、騎乘者與其他一般用路人承擔。The risks of developing and testing self-driving cars should not fall mainly on pedestrians, cyclists, and other road users.",以一般用路人風險保護優先的事實是人類在發生車禍時一般用路人的風險絕對最大。我認為政府應該更完善交通法規再放行通過,把一般用路人風險保護優先當成判斷自駕車能否部署的首要考量，看似合理，但他根本問題是車廠因為它忽略了車廠的利益,"堅持(Defend)：批評不成立，我的立場完全不變，我能說明為什麼。The objection fails. My position does not change, and I can explain why.",批評不成立因為車廠在出廠時本就應該確保車不會出問題,所付出的代價是車廠需要花更多精力來完美車的傳感，程式等等，需投入更多金錢,
2026/04/28 18:56:13,"效益優先 (Benefit First)：只要長期能顯著降低整體交通死傷，自駕車部署就可被接受。If self-driving cars can significantly reduce overall traffic injuries and deaths in the long run, their deployment can be justified.",事實就是不管同不同意，效益優先這個選擇早就在進行了，我主張效益優先，核心價值是理想情況下，未來的交通問題會得到質的改善，在這類自駕車案例中，研發公司應該要做好不管是安全/效率等等的把關,把效益優先當成判斷自駕車能否部署的首要考量，看似合理，但它的根本問題是沒有人可以知道他會不會出問題，因為它忽略不管是用路人，亦或是所有道路上的人事物,"限定(Qualify)：批評部分成立，但我的核心立場不變，只是需加上特定條件或在特定情形下成立。The objection is partly valid, but my core position remains the same. It only holds under certain conditions or in certain cases.",批評部分成立，但我的立場在長痛不如短痛條件下仍然能成立，因為在理想的情況下，只要自駕系統能夠更快速的發展起來，那對於交通問題而言絕對是更好的,該選擇所需付出的代價是在研發不穩定的階段，他會造成甚麼事故或闖甚麼禍都是一般人無法承受的，你我他都有可能因此承擔到，這個代價值不值到付出，取決於他是否影響到我，不是可能是是否，如果在研發階段可能影響到你，以及事後來看他確實對你造成了傷害，或是造成你所重視的人傷害，答案是不一樣的，至於補償那就要看到時候還會不會想這個問題,毫無疑問還是安全，安全/安全/還是XX的安全，在不知道是否會對自己造成影響的情況下，是要去賭自己不會是新聞裡的那個人，還是坐在電視機前配著新聞和大家高談闊論(但話又說回來，我困不困惑真的會對這件事情造成方向上的影響嗎，                         我也不知道)
2026/04/28 18:58:23,"責任追溯與課責優先 (Accountability First)：若事故發生後無法清楚追溯責任、說明決策依據並進行有效課責，則不應部署。If, after an accident, responsibility cannot be clearly traced, the basis of the decision cannot be explained, and effective accountability cannot be imposed, then deployment should not be allowed.",現行的各國法規對於自駕車究責規定都處於尚未成熟的階段，以特斯拉為例，目前FSD系統已經具備高度自動化駕駛能力，可是自動駕駛等級依舊標示為level 2，要求駕駛人持續監控並承擔最終責任，這顯示企業和使用者在事故責任歸屬仍有模糊空間。因此如果有個清晰的規則設定各種場景中的責任歸屬，法律究責主體和負擔程度，才能確保事故發生後能有效追責與補償。在這些制度尚未完善之前，自駕車應維持“駕駛負最終責任”的使用前提，因此廠商應避免過度誇大自動駕駛能力，而駕駛人也不能免除持續監控與介入的義務。,把責任追溯與課責優先當成判斷自駕車能否部署的首要考量，看似合理，但它的根本問題是它會把制度完善當成技術部署的前置條件，因而容易形成過度保守甚至停滯的決策框架，因為它忽略了技術本身在逐步試錯與實際道路數據中才可能被真正完善的特性，以及在尚未完全清晰的責任制度下，延後部署反而可能延後整體交通安全改善的公共利益。,"限定(Qualify)：批評部分成立，但我的核心立場不變，只是需加上特定條件或在特定情形下成立。The objection is partly valid, but my core position remains the same. It only holds under certain conditions or in certain cases.","我同意技術確實需要透過逐步試錯來成熟，在此過程中也難以完全避免風險，且較嚴格的責任規範確實可能延緩整體交通安全改善的公共利益。然而，這種延遲並不必然是純負面，因為清晰的責任框架反而能迫使企業在競爭中提升安全設計與系統可靠性，使技術更成熟的廠商得以透過更低事故率與更高可信度脫穎而出。

因此我的核心立場並未改變，在自駕車尚未進入高度可驗證安全與責任清晰對應之前，仍維持“人類負最終責任”的原則，但這個原則只是階段性監管工具並非永久性的技術阻礙。",短期創新速度下降且部分安全紅利延後由主要是企業跟一般用路人一起承擔。不過這種代價可透過分階段測試與責任分工設計部分減緩，這種延遲本身反而是一種風險控制機制，而不是完全的損失。,
2026/04/28 19:00:30,"一般用路人風險保護優先 (Road User Protection First)：自駕車的研發與測試風險，不應主要由行人、騎乘者與其他一般用路人承擔。The risks of developing and testing self-driving cars should not fall mainly on pedestrians, cyclists, and other road users.","P1：自駕車仍處於發展階段，系統還尚未成熟。
P2：我主張應採取一般用路人風險保護優先，此原則的核心價值是公平。
C：政府應設立能夠上路的規範，企業不應在系統還不夠成熟時，上路運行。",把一般用路人風險保護當成判斷自駕車能否部署的首要考量，看似合理，但它的根本問題是過度保守，因為它忽略長期整體安全效益。,"限定(Qualify)：批評部分成立，但我的核心立場不變，只是需加上特定條件或在特定情形下成立。The objection is partly valid, but my core position remains the same. It only holds under certain conditions or in certain cases.",批評部分成立，但我的立場在風險有被控制且不主要由無辜用路人承擔的條件下仍然能成立，因為完全避免風險會導致技術發展停滯。,技術發展變慢，企業會需要承擔，因為自駕車公司需要更長測試時間與更高成本。而我認為這是值得的，至於補償的部分政府可提供測試補助或公共測試場域。,自駕車是比人類駕駛安全就可以？還是必須接近零事故？
2026/04/28 19:01:28,"一般用路人風險保護優先 (Road User Protection First)：自駕車的研發與測試風險，不應主要由行人、騎乘者與其他一般用路人承擔。The risks of developing and testing self-driving cars should not fall mainly on pedestrians, cyclists, and other road users.","P1（事實）：自駕車開放在公共道路上路可能會影響到行人、騎士和其他駕駛。因為他們無法選擇是否承擔相關安全風險，而且當下可能也無法得知自己是不是跟自駕車一起共用道路。
P2（規範）：科技發展和自駕車的相關政策不應該讓無法選擇的行人和駕駛承擔。
C（結論）：企業和政府應該要確保一定的安全風險，才能讓自駕車出現在公共道路正式使用。",把一般用路人風險保護優先當成判斷自駕車能否部署的首要考量，看似合理，但它的根本問題是科技發展和產品上市的效率，因為它忽略（或犧牲了）自駕車可使用的權益，而且如果要以行人權利作為優先，公司的作業可能會拉長，增加許多安全測試流程，自駕車可能延長上市或可能永遠無法使用。,"限定(Qualify)：批評部分成立，但我的核心立場不變，只是需加上特定條件或在特定情形下成立。The objection is partly valid, but my core position remains the same. It only holds under certain conditions or in certain cases.",批評部分成立，但我的立場在事先通知和限制測試地點的條件下仍然能成立，因為如果能夠保障行人安全下是能夠允許自駕車上路，像是事先通知路人這條會在什麼時後會進行自駕車的測試。,公司和車廠可能會花費更多的時間去完善自駕車的設計，會花更多的時間和金錢去做自駕車。但我覺得承擔這個也算合理，畢竟用成本和時間來保證行人安全和降低事後發生危害的機率我覺得划算。,
2026/04/28 19:03:17,"一般用路人風險保護優先 (Road User Protection First)：自駕車的研發與測試風險，不應主要由行人、騎乘者與其他一般用路人承擔。The risks of developing and testing self-driving cars should not fall mainly on pedestrians, cyclists, and other road users.","P1(事實)：Uber自駕車在公共道路進行測試時，周遭的行人與腳踏車騎士並未主動同意參與測試，卻直接暴露在系統失效的潛在致命風險中
P2(規範)：我主張一般用路人風險保護優先。其核心價值是社會正義與知情同意。企業為了追求技術突破與商業利益，不該把風險外部化，強加在缺乏防備能力的無辜大眾身上
C(結論)：根據P1和P2，在這類自駕車案例中，科技公司與政府不應在缺乏完善防護機制與明確警告的情況下，直接將一般市區街道當成實驗室",把一般用路人風險保護優先當成判斷自駕車能否部署的首要考量，看似合理，但它的根本問題是會嚴重阻礙甚至扼殺救命科技的發展，因為它忽略了唯有透過真實道路測試才能讓自駕車盡快成熟，進而在未來拯救成千上萬死於人類疲勞或酒駕的無辜生命,"限定(Qualify)：批評部分成立，但我的核心立場不變，只是需加上特定條件或在特定情形下成立。The objection is partly valid, but my core position remains the same. It only holds under certain conditions or in certain cases.",批評部分成立，但我的立場在將測試限制於特定劃設區域並提供大眾充分警告的條件下仍然能成立，因為未來的潛在效益不能直接用來抵銷對現在活生生、未同意參與實驗的市民所造成的立即傷害,選擇這個立場的代價是自駕車技術的普及時間會大幅延後，且企業的研發成本會暴增。這個代價主要由研發公司以及未來可能因人類駕駛疏失而遇到車禍的人來承擔。我認為這代價是值得的，因為基本的生存與免於恐懼的權利不該被功利主義式的計算隨意剝奪。不過這可以透過政府出資建立更逼真的封閉式模擬城鎮測試場地來減緩。雖然為了保護一般人而拖慢進度，但我仍對那些原本可以提早幾年被自駕車拯救的潛在車禍受害者感到遺憾與不安,統計上的生命和具體的生命之間的權衡。到底該怎麼拿捏標準，才能心安理得地說我們為了一個還沒發生的美好未來，允許現在的路上多出一點點風險？
2026/04/28 19:05:52,"一般用路人風險保護優先 (Road User Protection First)：自駕車的研發與測試風險，不應主要由行人、騎乘者與其他一般用路人承擔。The risks of developing and testing self-driving cars should not fall mainly on pedestrians, cyclists, and other road users.","P1：自駕車技術有不確定風險，事故風險常由未同意的一般用路人承擔，台灣亦一貫優先保障行人安全。
P2：應優先一般用路人風險保護，其核心價值是不將新技術風險強加於無法選擇與控制的人。
C：因此自駕車應明確標示，並限制進入交通複雜區域。",過度保守，無法實現在長期下來的科技發展進步,"堅持(Defend)：批評不成立，我的立場完全不變，我能說明為什麼。The objection fails. My position does not change, and I can explain why.",批評不成立，因為我認為即使自駕車可能在長期大幅降低整體交通死亡與社會風險的效益，他仍然是建立在所有人都使用的自駕車的前提上，更別提台灣獨有的老人移動試電輔車，大多數老人都沒有交通規則概念，所以實際上還是很危險,這個想法過於保守，所以我認為還是可以適度的在某些地區嘗試實行、研發，若有朝一日能實現科技進步使整體交通更安全也會是一件好事,
2026/04/28 19:07:14,"效益優先 (Benefit First)：只要長期能顯著降低整體交通死傷，自駕車部署就可被接受。If self-driving cars can significantly reduce overall traffic injuries and deaths in the long run, their deployment can be justified.","P1如果因為一次事故取消技術的研發，可能會造成未來有更多本可以避免的事故發生。
P2效益優先：以最小的損傷換取全體利益的最大化
P3
像是政府應該要有相關法條的制定 保護受害者同時也保障廠商的研發能夠繼續進行
民眾不應該因為在研發過程發生事故就反彈，並希望計畫停止，長遠來看這可能不是最優解。",把效益優先當成判斷自駕車能否部署的首要考量，看似合理，但它的根本問題是太過冷血，因為它忽略（或犧牲了）生命的重量，在這一個考量裡，生命成為了可以被計算的成本，但他的設計最初應該是為了拯救人，以人為本，這可能在初衷上有些違背了，看輕了生命。,"限定(Qualify)：批評部分成立，但我的核心立場不變，只是需加上特定條件或在特定情形下成立。The objection is partly valid, but my core position remains the same. It only holds under certain conditions or in certain cases.",批判部分成立，雖然他會犧牲少部分人，但以長遠來看，我認為這是一個必經的傷痛，並且對社會的利大於弊。,"我想就是在研發過程中，勢必會出現一些事故，那他的受害者即其家屬就會要付出失去一條生命乃至家庭收入的可能。
補償：
政府或企業可能要設立法條或賠償，並且改金額最好高於傳統交通事故的賠償，保障受害者家屬的生活。
設計上，企業可能也需要將車子設計的更加醒目，或者說要能達到警示的作用，讓用路人能夠去分是否為自動駕駛，避免讓人處在無端的恐懼下。
",
2026/04/28 19:08:58,"效益優先 (Benefit First)：只要長期能顯著降低整體交通死傷，自駕車部署就可被接受。If self-driving cars can significantly reduce overall traffic injuries and deaths in the long run, their deployment can be justified.",就目前而言，自駕系統在偵測行人以及做出正確的反應上確實仍不夠準確，但就此事件，人為錯誤還是占據更大的比例。雖然自駕車在研發過程中可能會遇到事故，但就長遠的利益上，自駕車的輔助是能夠提升交通安全。因此，可以在建立安全測驗的前提下，繼續發展自駕車技術。,把效益優先當成判斷自駕車能否部屬的首要考量，看似合理，但它的根本問題是為了團體利益可以犧牲少數人的生命權利，因為它犧牲了他人在不知情的前提下，作為實驗品的風險。,"限定(Qualify)：批評部分成立，但我的核心立場不變，只是需加上特定條件或在特定情形下成立。The objection is partly valid, but my core position remains the same. It only holds under certain conditions or in certain cases.",批評部分成立，但我的立場在促進團體利益條件下且需要限定先在封閉場地內測試後才能到實際道路上實驗仍能成立，因為自駕車仍然可以降低大部分的交通安全問題。,雖然利益優先並加以輔助條件，但一般用路人仍然承擔了技術發展中的實驗數據，且當還在開發的技術實際上路，一般用路人對於公共空間的安全感也可能下降。因此，政府也應該制定法規來面對此種需求，甚至該企業也要回饋給大眾，如道安講習等。,
2026/04/28 19:09:07,"責任追溯與課責優先 (Accountability First)：若事故發生後無法清楚追溯責任、說明決策依據並進行有效課責，則不應部署。If, after an accident, responsibility cannot be clearly traced, the basis of the decision cannot be explained, and effective accountability cannot be imposed, then deployment should not be allowed.","幫你壓成簡短白話版（但還是有 P1、P2、C 邏輯）：

⸻

在 Uber 自駕車事故中系統是由 AI 做決定，但一般人看不懂也無法預測，出事很難釐清責任。因此我選擇責任追溯與課責優先，核心價值是讓每個決策都能被說明，出事能找到負責的人這樣才能保障受害者也能避免同樣錯誤再發生。所以企業在讓自駕車上路前，應該先建立清楚的責任與解釋機制，如果做不到就不應該讓它上路也不該把風險丟給一般用路人。","可以這樣寫（簡短但有力）：

⸻

把責任追溯與課責當成判斷自駕車能否部署的首要考量，看似合理，但它的根本問題是門檻過高過度保守，因為它忽略了科技發展初期本來就難以做到完全可解釋與完全責任釐清。","限定(Qualify)：批評部分成立，但我的核心立場不變，只是需加上特定條件或在特定情形下成立。The objection is partly valid, but my core position remains the same. It only holds under certain conditions or in certain cases.",批評部分成立，但我的立場在有基本責任機制的情況下仍然能成立，因為不需要完全釐清責任，只要能大致說明與負責就能兼顧安全與發展。,代價是可能拖慢自駕車發展延後整體安全提升，主要由社會大眾和企業承擔。我認為值得但可透過分階段測試和補償機制來降低影響。另外，我仍認為提升整體安全很重要不應該被完全忽略。,我感到不確定的地方在如何判斷責任機制已經足夠到可以允許自駕車上路的程度，因為如果標準訂得太高技術可能被卡住延後安全提升，但如果標準太低可能讓風險和責任不清楚的問題給一般用路人去承受。這兩者之間的界線很難拿捏，所以會不確定該怎麼取平衡。
2026/04/28 19:09:12,"效益優先 (Benefit First)：只要長期能顯著降低整體交通死傷，自駕車部署就可被接受。If self-driving cars can significantly reduce overall traffic injuries and deaths in the long run, their deployment can be justified.",人駕車也會發生車禍，每個人本來走在路上都會承擔著被車撞的風險（P1），因此我主張效益優先，當自動車的技術進步並大量普及時，每個用路人都能降低事故風險，所有人都能獲得其利益，長遠來看是利益最大化的做法（P2），根據P1、P2，自動車開發公司應該繼續研發改善自動車的技術，並透過實際上路檢驗，降低事故風險。,把效益當成判斷自駕車能否部署的首要考量，看似合理，但它的根本問題是不能確保自駕車長期下來一定能降低用路風險，在科技革新過程中被犧牲的那些人何其無辜，無辜的用路人不應該白白犧牲生命，還難以追究責任。,"限定(Qualify)：批評部分成立，但我的核心立場不變，只是需加上特定條件或在特定情形下成立。The objection is partly valid, but my core position remains the same. It only holds under certain conditions or in certain cases.",批評部分成立，但我的立場在自駕車事故有完善的責任規劃條件下仍然能成立，就如同人駕車一樣，事故發生時能被追究責任歸屬，被撞的人或其家屬能獲得賠償，讓人工智能跟人類在駕駛方面具備同樣的責任，這樣自駕車在路上行駛發生事故也會讓大眾視為一般事故，不會有如此大的爭議。,"開發商與政府等人需要花費時間去收集資料討論責任歸屬並立法。
在此之前若因自駕車而發生事故的用路人可能無法得到適當的賠償，但要立法勢必需要案例參考，所以我覺得政府或是公司應該給予這些用路人合理的補償。",
2026/04/28 19:11:21,"一般用路人風險保護優先 (Road User Protection First)：自駕車的研發與測試風險，不應主要由行人、騎乘者與其他一般用路人承擔。The risks of developing and testing self-driving cars should not fall mainly on pedestrians, cyclists, and other road users.","P1:在uber自駕車事故中，測試中的自駕車在公共道路上行駛，最終撞上行人並造成死亡。一般用路人並沒有主動同意參與這項技術的測試，卻必須承擔系統失誤帶來的風險。這代表自駕車研發的成本，部分被轉嫁到無法選擇退出的路人身上。
P2:這個原則的價值是公平，技術發展不能把高風險的測試優先加在沒有選擇權的人身上，即使自駕車未來可能帶來更大的交通安全效益，也不能讓無辜的路人先承擔測試代價。
C:在自駕車部署之前，企業與政府應先確保系統已達到足夠安全標準，並建立嚴格的測試限制，而不應直接把風險放在一般用路人身上，若安全性與保護機制不足，就不應該允許其在公共道路上大規模測試或部署。",把一般用路人風險保護當成判斷自駕車能否部署的首要考量，但它的根本問題是過度強調短期風險，因為它忽略了自駕車若能長期大幅降低交通事故，整體社會其實會獲得更大的安全利益。,"修正(Revise)：批評很可能成立，我的核心立場會有很大調整，即使整體方向不變。The objection is likely valid, so my core position needs major revision, even if its overall direction remains the same.",批評部分成立，但我的立場在技術尚未達到穩定安全標準的條件下仍然能成立，因為在早期測試的階段，風險最直接地落在無法選擇的路人身上，因此應該優先保護一般用路人，只有在安全性被充分證明後，才可以更重視整體效益。,優先保護一般用路人，代價是自駕車技術的發展速度可能變慢，企業需要投入更多測試成本與安全驗證時間，這些成本主要由科技公司、投資者與社會整體承擔。我認為這個代價是值得的，因為不能為了未來可能的利益，讓現在的無辜路人承擔過高風險，但可以透過封閉場域測試，來降低這些成本並減少技術發展的延遲。,如果自駕車真的能在未來大幅降低交通死亡，那我們應該容忍多少現在的測試風險，才算是合理的平衡。
2026/04/28 19:11:45,"一般用路人風險保護優先 (Road User Protection First)：自駕車的研發與測試風險，不應主要由行人、騎乘者與其他一般用路人承擔。The risks of developing and testing self-driving cars should not fall mainly on pedestrians, cyclists, and other road users.","P1:自駕車在現實公共道路上面對極其複雜的環境，包含老人代步車、三輪車、不規則的非柏油路面，且感測系統與狀態估計仍有其限制，無法保證 100% 辨識正確。
P2:我主張一般用路人風險保護優先。其核心價值在於不傷害原則與公平性，即新技術的引入不應讓未選擇使用該技術的無辜第三方（像是行人）承擔額外風險。
C:因此，在技術無法確保絕對安全前，自駕車不應該在複雜的公共道路上全面部署，而應優先開發更精準的決策系統，確保其在任何混亂路況下都能優先保護最脆弱的用路人。",把一般用路人風險保護當成判斷自駕車能否部署的首要考量，看似合理，但它的根本問題就是會導致技術部署的嚴重落後與社會成本增加，因為它犧牲了自駕車本應帶來的整體交通效率改善，以及減少人類駕駛因疲勞或酒駕所造成的事故潛力。,"限定(Qualify)：批評部分成立，但我的核心立場不變，只是需加上特定條件或在特定情形下成立。The objection is partly valid, but my core position remains the same. It only holds under certain conditions or in certain cases.",批評部分成立，但我的立場在自駕車先部署於高度數位化、具備 V2X 通訊且人流可控的特定場域條件下仍然能成立。因為這樣既能透過實際運作蒐集各類複雜路面的資料，又能落實對一般用路人的風險控制，而不至於讓技術研發完全停滯。,代價是技術普及速度變慢、基礎設施的建設成本極高。科技研發廠商需負擔更高成本，且整體社會需繼續忍受人類駕駛帶來的交通意外，直到技術完全成熟。值不值得的話，我認為這個代價是值得的，因為為了長遠的技術信任與社會公平，保護生命，不論是車內還是車外的人，應高於短期的經濟效益。,最讓我困惑的是，現實路況，如偏鄉小路、混亂的人車混行，與理想實驗室資料之間的巨大鴻溝。如果追求絕對安全，可能永遠無法部署；但如果放寬標準，又違背了利人的初衷。真正的 100% 安全是否只能在電影那樣完全自動化的理想世界中達成？在達到那種程度前的過渡期，人們該如何容忍那不可避免的、隨時都會出意外的風險？
2026/04/28 19:12:49,"一般用路人風險保護優先 (Road User Protection First)：自駕車的研發與測試風險，不應主要由行人、騎乘者與其他一般用路人承擔。The risks of developing and testing self-driving cars should not fall mainly on pedestrians, cyclists, and other road users.","P1（事實）
在 Uber 自駕車事故中，行人在未設斑馬線的路段過街，遭測試車撞擊身亡。事故調查顯示，AI 系統在行人推車情境下辨識反覆失敗，緊急煞車系統更被 Uber 預先停用以避免誤觸。重點是Uber 內部員工已書面警示車輛肇事頻繁，管理層卻仍繼續公路部署。Herzberg 從未同意成為自駕車測試的風險承擔者，她只是一位使用公共道路的普通行人。
P2（規範）
我主張一般用路人風險保護優先應作為首要原則，其核心價值是風險承擔的正當同意。在倫理上，將風險強加於未曾同意、且無法選擇規避的第三方身上，即使能以整體效益為由辯護，仍構成對個人自主權與基本保護義務的侵犯。公共道路不是私人實驗室，行人走在路上不等於默許承擔他人技術開發的代價。一項技術若尚未達到能合理保護非自願接觸者的安全門檻，便不具備部署的倫理正當性。
C（結論）
因此，在這類自駕車案例中，Uber 不應在技術安全邊緣情境尚未充分測試、且緊急煞車系統仍被停用的情況下，將車輛部署於開放道路。政府監管機關亦應要求業者在取得許可前，必須證明系統對非自願用路人提供不低於一般人駕駛的保護水準，而非等到事故發生後才追究責任。",把保護一般用路人免於承擔測試風險當成判斷自駕車能否部署的首要考量，看似合理，但它的根本問題是標準本身較模糊，因為它忽略了人類駕駛每天也在對不知情的路人製造風險，我們卻從未要求人駕車先通過同等的同意標準才能上路。,"限定(Qualify)：批評部分成立，但我的核心立場不變，只是需加上特定條件或在特定情形下成立。The objection is partly valid, but my core position remains the same. It only holds under certain conditions or in certain cases.","批評部分成立，但我的立場在技術有已知缺陷、且責任歸屬仍不清晰的條件下仍然能成立，因為人類駕駛也有風險這個事實，並不能替一個明知有問題卻刻意隱瞞的系統背書。
反論說我的標準模糊，這點我承認有道理，保護用路人本身確實需要一條更具體的門檻，不然很難操作。但這不代表這個原則本身有錯，只是它需要被補充，比較合理的標準是系統的風險不得高於同等條件下的人類駕駛，且已知缺陷必須在部署前修正。
用這個標準回頭看 Uber 的案例，它明顯過不了關，煞車被關掉、行人推車情境沒測過、員工警示被忽略，這不是標準不同的問題，而是連最基本的門檻都沒達到就硬上路。
所以我的核心立場沒變，是要求自駕車比人類更完美，而是不能帶著已知的、可修正的漏洞去讓不知情的路人承擔風險。","選擇用路人風險保護優先，最直接的代價是自駕車技術的發展速度會被拖慢，而這個代價主要由兩群人承擔。
第一群是現在就因為人駕事故而死傷的人。如果自駕車技術在整體上確實比人類駕駛更安全，那麼每延遲一年部署，就代表有一批本來可以被救下來的人沒有被救到。
第二群是自駕車產業的開發者與投資者，他們必須承擔更高的測試成本與更長的商業化時程。
我認為這個代價值得付出，但不是無條件的。前提是這個放慢不能是永久禁止，而是要求業者在封閉測試場地或更受控的環境中把已知問題解決掉再上路。換句話說，代價應該是時間與成本，而不是技術本身被否定。","這題最讓我猶豫的，是用路人風險保護優先和責任追溯與課責優先，這兩個選項我很難做選擇。
表面上看它們方向不同，但我覺得它們其實在解決同一件事，就是不能讓路人白白承擔風險。差別只是一個從事前擋，一個從事後追。
讓我困惑的點是如果課責機制夠完善，是不是其實也能達到保護用路人的效果？因為如果出事一定有人要負責、賠償夠重，公司自然會在事前就更謹慎。這樣的話，課責優先是不是反而更根本？
但另一方面，Uber 這個案例讓我覺得事後追責，在現實中根本追不乾淨，Vasquez 緩刑、Uber 庭外和解、工程師沒事，課責框架存在，但實際上沒人真的被好好追究。這樣的話，光靠課責機制根本不夠，還是得在事前就設門檻。
所以我最終選了用路人保護優先，但我還是不確定：如果課責制度真的夠強，這兩個選項的差距還有那麼大嗎？"
2026/04/28 19:14:15,"責任追溯與課責優先 (Accountability First)：若事故發生後無法清楚追溯責任、說明決策依據並進行有效課責，則不應部署。If, after an accident, responsibility cannot be clearly traced, the basis of the decision cannot be explained, and effective accountability cannot be imposed, then deployment should not be allowed.",Uber 自駕車事故中，車輛行為源自演算法設計、系統設定與企業決策的整體結果；事故發生後，若決策邏輯不透明或責任分工不清，將導致無法重建判斷過程，而一般用路人卻在未同意下承擔系統失誤風險。我主張「責任追溯與課責優先（Accountability First）」原則，其核心價值在於：凡對公共安全具重大影響的技術，其行為必須能被理解、說明並指認責任主體；否則技術將在缺乏約束下行使權力，使風險不正義地外部化。因此，若自駕車事故無法清楚追溯決策依據並進行有效課責，企業與監管者便不應允許該系統部署於公共道路。,把責任追溯與課責優先當成判斷自駕車能否部署的首要考量，看似合理，但它的根本問題是它可能為技術設定過高且短期內難以達成的門檻，因為它忽略了自駕系統本身具有高度複雜與機器學習不透明性的現實，並可能因此犧牲能夠及早降低整體交通死亡率的潛在公共利益。,"限定(Qualify)：批評部分成立，但我的核心立場不變，只是需加上特定條件或在特定情形下成立。The objection is partly valid, but my core position remains the same. It only holds under certain conditions or in certain cases.",上述批評在指出自駕系統高度複雜、短期內難以完全透明的現實上是成立的，但我的立場在自駕車進入公共道路、使無辜用路人成為不可拒絕的風險承擔者這一條件下仍然能成立，因為當技術對公共安全產生強制性影響時，可被追溯與課責不是額外要求，而是最低限度的正當性門檻，否則效率與潛在效益將建立在無法回應傷害的制度缺口之上,優先選擇「責任追溯與課責優先」的代價，在於自駕車技術的部署速度將被放慢，部分潛在的效率提升、事故減少與商業創新會被延後實現。這個代價主要由開發自駕技術的企業、投資者，以及可能從技術中受益的未來用路人所承擔，因為他們必須接受更嚴格的測試、審查與監管要求。然而，我認為這個代價是值得付出的。原因在於，若在責任不清的情況下部署系統，真正被迫承擔風險的將是當下的一般用路人與事故受害者，而他們既未同意參與實驗，也無法在事故後要求合理說明與救濟。與其讓風險由最弱勢的一方無償承擔，不如讓握有技術與決策權的一方承擔延遲與成本。這個代價並非只能「全盤承受」。可透過階段性部署、限定場域測試、強制事故資料保存與保險制度來減緩成本，讓技術在可課責架構下逐步推進。如此一來，責任追溯的要求不僅不是阻礙創新，而是成為引導自駕車以更具正當性的方式進入公共空間的條件,
2026/04/28 19:14:27,"效益優先 (Benefit First)：只要長期能顯著降低整體交通死傷，自駕車部署就可被接受。If self-driving cars can significantly reduce overall traffic injuries and deaths in the long run, their deployment can be justified.","P1:數據顯示人類駕駛因疲勞、分心或酒駕造成的傷亡率在通事故中極高，而自駕車技術若能成熟，預期能將整體交通死傷人數降低。
P2:我主張效益優先原則應優先，並以後果論作為核心價值出發。
C:只要自駕車在統計上顯著優於人類駕駛的安全性，政府就具有倫理上的正當性允許其部署，而不應因少數無法避免的技術事故而全面禁止。",把效益優先當成判斷自駕車能否部署的首要考量，看似合理，但它的根本問題是把人命當成統計數字，因為它忽略風險分配的不正義。,"限定(Qualify)：批評部分成立，但我的核心立場不變，只是需加上特定條件或在特定情形下成立。The objection is partly valid, but my core position remains the same. It only holds under certain conditions or in certain cases.",批評部分成立，但我的立場在效益優先條件下仍然能成立，因為我認為是社會對機器殺人的容忍度遠低於人類殺人，只要自駕車技術日益純熟，即可大幅下降交通事故致死率。,代價是社會需要共同承擔一份新的風險，解方或補償為加強自駕車在技術相關方面的風險管理。如Tesla會透過軟體更新來修正可能導致事故的邏輯錯誤，或是在交車合約中明訂肇責由誰承擔。,情理上覺得應由自駕車開發商來承擔法律責任，但無法確定應由甚麼單位承擔
2026/04/28 19:16:05,"一般用路人風險保護優先 (Road User Protection First)：自駕車的研發與測試風險，不應主要由行人、騎乘者與其他一般用路人承擔。The risks of developing and testing self-driving cars should not fall mainly on pedestrians, cyclists, and other road users.",在 Uber自駕車事故中，一位行人在未受保護的情況下被測試中的自駕車撞擊致死。技術開發商在測試時應該要著重一般用路人風險保護優先，不應該讓一般用路人在未同意的情況下承擔不可控的重大風險。當測試結果還不夠安全時，自駕車應該要在封閉的場地訓練，不應大規模部署於開放道路。,把一般用路人風險保護優先當成判斷自駕車能否部署的首要考量，看似合理，但它的根本問題是將風險理解為只能避免、而非需要在不同選項之間比較與分配，從而導致對新技術採取過度保守甚至停滯的態度，因為它忽略（或犧牲了）維持現狀本身也是一種風險選擇(自動駕駛可能會比人類駕駛安全因為人類開車很常分心)，以及自駕技術可能在長期大幅降低整體交通死傷的公共利益。,"限定(Qualify)：批評部分成立，但我的核心立場不變，只是需加上特定條件或在特定情形下成立。The objection is partly valid, but my core position remains the same. It only holds under certain conditions or in certain cases.",批評部分成立，但我的立場在自駕車已經被證明比人類駕駛更安全，而是在受控環境或逐步開放的方式下進行測試與部署的條件下仍然能成立，因為我主張的重點不是阻止技術進步，而是避免在還不夠安全的情況下，把風險直接丟給沒有選擇的一般用路人承擔。,技術開發商測試與部署受限，導致發展速度下降，但可以透過分階段測試與風險限制設計來降低這個代價，而不是用完全放行或完全禁止的二選一方式處理。,
2026/04/28 19:20:08,"效益優先 (Benefit First)：只要長期能顯著降低整體交通死傷，自駕車部署就可被接受。If self-driving cars can significantly reduce overall traffic injuries and deaths in the long run, their deployment can be justified.",我選效益應先，首先人類常常因為疲勞駕駛或者飲酒開車導致車禍而自駕車就不會發生這件事情了，而核心價值就是自駕車效益高於人類駕駛，而一般民眾不應該因為單次的自駕車事故就認為自駕車比人類開車危險，而研發團體應該在可測試的路線上保護用路人的安全,把可以降低車禍風險當成判斷自駕車能否部署的首要考量，看似合理，但它的根本問題是如何證明車禍風險可以降低，因為它忽略（或犧牲了）如果在模擬中證明會降低車禍風險但是在真實路上跟模擬上不一定完全相同，如何有效證明在一般道路當中也可以將降低車禍是很重要的事。,"限定(Qualify)：批評部分成立，但我的核心立場不變，只是需加上特定條件或在特定情形下成立。The objection is partly valid, but my core position remains the same. It only holds under certain conditions or in certain cases.",批評部分成立，但我的立場在可以有效證明在一班道路當中自駕車有很明顯的降低車禍率條件下仍然能成立，因為如果能有效證明不只是在數據或者模擬上在一般道路上也可以降低數據的話那就應該引用自駕車,如果引用自駕車的話，那些開車技術好、車禍率低於一般人的人會被放棄價值，因為那些人開車技術好擁有比一般人更低的車禍率，如果規定自駕車上路的話反而會提升那些人的車禍率，所以是否全面使用自駕車還是容易車禍的人使用自駕車會是一個問題,自駕車如果哪天出車禍應該如何進行賠償或者說誰應該負最大的責任會是一個問題，另外如果自駕車開放的話應該是強制所有人都應該使用嗎？如果不是採用有些人自駕車有些人開車的話會不會導致車禍率增高也是一個問題
2026/04/28 19:23:52,"一般用路人風險保護優先 (Road User Protection First)：自駕車的研發與測試風險，不應主要由行人、騎乘者與其他一般用路人承擔。The risks of developing and testing self-driving cars should not fall mainly on pedestrians, cyclists, and other road users.","P1（事實）：Uber 自駕車事故顯示，這類系統在真實道路上運作時，風險不只由公司或乘客承擔，還會直接落到路上的行人、騎士和其他駕駛身上。而這些人並沒有主動同意參與這場技術測試。
P2（規範）：我主張「一般用路人風險保護優先」，它的核心價值是不把未經同意的他人當成技術風險的承受者。一項技術就算可能帶來長期效益，也不能先讓最沒有選擇權的人承擔主要風險。
C（結論）：所以在 Uber 自駕車案例中，若系統還不能把對一般用路人的風險降到合理範圍，就不應該直接部署上路。公司與監管者應先證明安全性，再談擴大測試或商業化。
",把「一般用路人風險保護」當成判斷自駕車能否部署的首要考量，看似合理，但它的根本問題是過度保守，因為它可能忽略了自駕技術長期降低整體交通傷亡的潛力。若只因為早期存在風險就嚴格限制部署，那人類可能永遠無法取得比現在更安全的交通系統，結果反而讓更多本來可以避免的事故持續發生。,"限定(Qualify)：批評部分成立，但我的核心立場不變，只是需加上特定條件或在特定情形下成立。The objection is partly valid, but my core position remains the same. It only holds under certain conditions or in certain cases.","批評部分成立，但我的立場在技術仍處於會把重大風險轉嫁給未同意用路人的條件下仍然成立，因為長期可能有好處，不代表現在就可以讓無辜路人先承擔成本。我同意不能把標準設到讓技術永遠無法進步，所以我的立場不是全面反對自駕車，而是主張：只有在它對一般用路人的風險已被充分驗證、而且不高於現有合理基準時，部署才有正當性。
","這個選擇的代價是，技術發展速度會變慢，企業測試和商業化的成本也會更高，甚至可能延後自駕車帶來的整體交通效益。這個代價主要由企業、投資者、以及未來可能受益的使用者承擔。我認為這個代價值得付出，因為若一項技術的進步建立在讓無辜路人先冒險的前提上，這種進步本身就有倫理問題。不過，這個代價可以透過更嚴格的模擬測試、封閉場域驗證、分階段上路和透明監管來減輕。
","我最猶豫的是：到底要把一般用路人的風險降到多低，才算可以接受。因為現實上，人類駕駛本來也會造成事故，所以問題不是「零風險」能不能做到，而是自駕車要比誰更安全、又要安全到什麼程度，才算有正當性上路。我覺得最難的地方，就是如何訂出這條標準。
"
2026/04/28 19:26:48,"責任追溯與課責優先 (Accountability First)：若事故發生後無法清楚追溯責任、說明決策依據並進行有效課責，則不應部署。If, after an accident, responsibility cannot be clearly traced, the basis of the decision cannot be explained, and effective accountability cannot be imposed, then deployment should not be allowed.","P1（事實）：事故會發生通常不單是一個人的問題，而是多個單位的疏忽共同導致的結果。
P2（規範）：我主張責任追溯與課責優先，必須在責任追究的分則上有所共識才能實施，原因是在於，一、責任分工明確，才能在事故發生時釐清問題出在哪。二、責任劃分清楚能有效讓業者，如工程師、政府、公司、等不同層級的單位看到應負擔的風險。不會因模糊分工而敷衍了事。
C（結論）：在 Uber 自駕車事故案例中，不應該將問題怪罪於某一個人的身上模糊問題本身，只有釐清每個層級發生的責任，才能有效避免再次發生。",把責任追溯與課責優先當成判斷自駕車能否部署的首要考量，看似合理，但它的根本問題是課責框架的完善，有賴於實際部署後累積的案例才得以完善，需要時間測試和改善，若無法討論出共識，可能使技術成熟卻無法使用犧牲了技術的成果和使用者的使用權。,"限定(Qualify)：批評部分成立，但我的核心立場不變，只是需加上特定條件或在特定情形下成立。The objection is partly valid, but my core position remains the same. It only holds under certain conditions or in certain cases.",批評部分成立，但我的立場在適當的規範條件下仍然能成立，因為確實需要有實務經驗去完善，滾動式修正規範，才能尊重受影響人的權益。,過於保守的決策可能會是技術無法被施展。,好奇現實政府在實施的時候是如何選擇，且這三個原則並沒有互相牴觸，難道沒有什麼折衷或混合的方法嗎
2026/04/28 19:27:24,"一般用路人風險保護優先 (Road User Protection First)：自駕車的研發與測試風險，不應主要由行人、騎乘者與其他一般用路人承擔。The risks of developing and testing self-driving cars should not fall mainly on pedestrians, cyclists, and other road users.","P1：現在自駕車還沒完全成熟，在真實道路上還是會出錯，像Uber事故是在測試時發生的，但承擔風險的是一般路人，而且他們也沒有選擇要不要參與
P2：我主張一般用路人風險保護優先，因為重點是風險不能丟給沒同意的人，企業在做測試，但不應該讓無辜的人去承擔傷害，這樣不公平
C：在還不夠安全之前，不應該直接在公共道路上測試自駕車，或至少要有更嚴格的控管，不能讓一般用路人變成實驗對象",把一般用路人風險保護優先當成判斷自駕車能否部署的首要考量，看似合理，但它的根本問題是過度保守，可能阻礙技術發展，因為它忽略自駕車長期可能大幅降低整體交通事故與死亡的效益。,"限定(Qualify)：批評部分成立，但我的核心立場不變，只是需加上特定條件或在特定情形下成立。The objection is partly valid, but my core position remains the same. It only holds under certain conditions or in certain cases.",批評部分成立，但我的立場在風險有被控制、且安全性已達一定標準的條件下仍然能成立，因為即使自駕車有長期效益，也不代表可以在技術還不穩定時，把風險丟給一般路人承擔。,這個立場的代價是自駕車發展會變慢整體交通事故下降的速度也可能被拖延，然後是整個社會一起承擔。我覺得可以接受，因為不能把還不成熟的風險丟給無辜路人，不過可以用更安全的方式測試像限制場域或加強監管，來減少這個代價。,"怎麼在保護現在的用路人安全跟讓自駕車技術進步、降低未來更多事故之間拿捏平衡。
如果太保守，可能會拖慢進步；如果太快開放，又可能會讓無辜的人承擔風險，所以很難判斷什麼時候才算已經安全到可以上路"
2026/04/28 19:27:56,"一般用路人風險保護優先 (Road User Protection First)：自駕車的研發與測試風險，不應主要由行人、騎乘者與其他一般用路人承擔。The risks of developing and testing self-driving cars should not fall mainly on pedestrians, cyclists, and other road users.",在事故中，一般用路人沒有選擇參與測試，卻須承擔技術尚未成熟帶來的風險，而企業則是推動技術上路從中獲利的一方，風險與利益不對等。我主張優先保障一般用路人的風險安全，避免將非自願的風險強加在無辜者身上，保障每個人在道路上的基本安全，而不是讓路人成為科技發展的代價。因此，在自駕車還沒證明足夠安全前，企業不應直接讓其上路測試，政府也應加強監管與安全審查，優先保障一般用路人的安全。,把一般用路人風險保障當成判斷自駕車能否部署的首要考量，看似合理，但它的根本問題是過度強調零風險而阻礙技術發展，因為它忽略了自駕車長期可能帶來更高的整體交通安全與社會效益。只因短期風險就限制自駕車上路，反而可能延後減少交通事故與拯救更多生命的機會。,"堅持(Defend)：批評不成立，我的立場完全不變，我能說明為什麼。The objection fails. My position does not change, and I can explain why.",批評不成立，因為保障一般用路人的安全不等於要求完全零風險，而是要求企業不能把尚未充分驗證的風險轉嫁給無辜路人。自駕車的發展固然重要，但技術進步不應建立在犧牲無辜者安全的基礎上，應該在安全驗證充分後再逐步部署，而不是讓一般民眾先承擔代價。,優先保障一般用路人的風險安全，代價是自駕車技術的發展速度可能變慢，企業需要投入更多時間與成本進行測試與安全驗證，這些成本主要由企業與研發單位承擔。同時，社會也可能較晚享受到自駕車帶來的便利與長期交通安全效益。不過，我認為這個代價是值得付出的，因為生命安全不能用效率交換。這種代價可以透過政府建立更完善的測試規範、分階段開放道路測試，以及提供保險與補償制度來減輕，讓技術發展與公共安全能夠更平衡。,自駕車究竟要達到多高的安全標準，才算可以真正上路。如果要求完全零風險，幾乎不可能實現；但如果標準太低，又可能讓一般用路人承擔不必要的危險。如何在技術發展、社會利益與生命安全之間找到合理的平衡點，是我最猶豫的地方。
2026/04/28 19:29:06,"一般用路人風險保護優先 (Road User Protection First)：自駕車的研發與測試風險，不應主要由行人、騎乘者與其他一般用路人承擔。The risks of developing and testing self-driving cars should not fall mainly on pedestrians, cyclists, and other road users.",在 Uber 事故中，受害者是在公共道路上正常行進的行人，而該自駕系統因軟體過濾設定與安全員分心疏忽，導致未能在碰撞前及時啟動煞車。我主張應優先考量一般用路人風險保護原則，其核心價值在於維護不應由非自願參與者承擔企業研發風險的權利保障。用路人並未簽署任何實驗知情同意書，卻在日常生活中被迫暴露於未經充分證實安全的技術測試中，這違反了負責任創新的基本道德底線。根據這些事實與規範，開發企業在未確保系統對弱勢用路人的保護能力遠高於人類平均駕駛前，不應在開放的公共道路進行測試，政府也必須制定更嚴格的審核機制，而非放任企業將公眾生命安全轉化為私有的研發數據。,把一般用路人風險保護當成判斷自駕車能否部署的首要考量，看似合理，但它的根本問題在於會極度拉高研發與實測的門檻，因為它犧牲了自駕技術若能早日普及所帶來的整體交通安全紅利。如果為了保護當下極少數的非自願路人而停滯技術發展，這將導致社會必須更長期地忍受現有因人類疲勞、酒駕或分心所造成的巨大傷亡。這種對風險的過度保守傾向，本質上是為了避免顯見的新型技術風險，卻默許了已知的傳統高額代價持續發生，對於整體社會長期利益而言可能是一種隱形的傷害。,"限定(Qualify)：批評部分成立，但我的核心立場不變，只是需加上特定條件或在特定情形下成立。The objection is partly valid, but my core position remains the same. It only holds under certain conditions or in certain cases.",批評部分成立，但我的立場在政府能建立明確且可動態驗證的安全基準條件下仍然能成立，因為單純為了未來效率而犧牲現有路人生命權並不符合程序正義，但我承認追求絕對零風險是不現實的。我認為核心立場應調整為：在確保自駕車對路人造成的風險顯著低於人類駕駛，且具備封閉場域測試數據支持的前提下，才允許有條件的公眾道路實測。我們不應無限期封鎖技術，但必須將路人保護視為開發的硬性邊界，透過保險機制與事故補償透明化，在保障不對路人造成額外負擔的基礎上推動研發。,這項選擇的主要代價是技術商用化的時程被延後，而承擔此代價的是現有的所有用路人，因為他們必須在更長的時間內繼續承受人類駕駛失誤所帶來的交通事故風險。我認為此代價值得付出，因為未經公眾同意的強制性風險測試會徹底瓦解社會對新興科技的信任，這種信任崩塌一旦發生，未來推廣自駕技術將面臨更劇烈的抗爭與阻礙。目前最讓我感到猶豫的點在於，我們難以客觀定義究竟要比人類安全到什麼程度才算足夠，且在技術過渡期中，這種對路人的保護優先是否會無意間讓企業因研發成本過高而選擇轉向監管更鬆散的地區進行測試。,雖然選擇優先保護用路人，但我仍對被犧牲的整體社會交通安全效益感到不安，這意味著暫時放棄了快速減少現有交通事故傷亡的機會，我認為應透過公開測試數據來彌補大眾疑慮。目前最讓我感到困惑與猶豫的是社會對機器犯錯的零容忍態度。即使自駕車在統計上整體表現比人類更安全，但只要發生系統誤判導致的傷亡，大眾往往會以極度嚴苛的標準譴責。我們在道德上究竟該如何客觀權衡已知的人類駕駛風險與未知的系統風險，這種感性上的恐懼是否會成為扼殺能拯救更多生命技術的絆腳石，是我至今難以得出確切解答的難題。
2026/04/28 19:36:43,"責任追溯與課責優先 (Accountability First)：若事故發生後無法清楚追溯責任、說明決策依據並進行有效課責，則不應部署。If, after an accident, responsibility cannot be clearly traced, the basis of the decision cannot be explained, and effective accountability cannot be imposed, then deployment should not be allowed.",自駕系統的決策過程有點像黑盒子，發生意外的時候有可能難以釐清是硬體失靈還是演算法邏輯錯誤。我覺得應該採取責任追溯與課責優先，核心價值在於社會正義與程式透明。政府在確保自駕車的事故責任判定機制完善之前，不應該允許大規模商用，開發商必須要證明系統具備可解釋性，否則即使技術再安全也不具備進入公共空間的倫理正當性。,將責任歸屬優先作為決定自駕車是否可以部署的首要考量，看似合理，但它的根本問題是過於保守且可能阻礙技術救人，因為它忽視了整體社會生命損失的最小化。,"限定(Qualify)：批評部分成立，但我的核心立場不變，只是需加上特定條件或在特定情形下成立。The objection is partly valid, but my core position remains the same. It only holds under certain conditions or in certain cases.",批評部分成立，但我的立場在駕車技術還沒達到完全透明可解釋的條件下依然成立。雖然追求整體的安全性很重要，但我們不能為了整體的效益而放棄對個體正義的追求。,優先選擇責任歸屬的代價是犧牲了技術普及的速度，代價主要由研發的企業與潛在受害者承擔。但我認為這樣是值得的，因為社會運作必須建立在明確的責任制度上，補償方案可以透過設立補償基金，在不犧牲法律正義的前提下逐步優化技術與法規的銜接。,目前最讓我感到困惑的是集體責任與機器行為之間的邊界，如果演算法是由數千名工程師共同開發，並且經過了數百萬次機器學習的自我演化，我們是否還能用傳統人為過失的法律邏輯來框限它？
2026/04/28 19:41:20,"一般用路人風險保護優先 (Road User Protection First)：自駕車的研發與測試風險，不應主要由行人、騎乘者與其他一般用路人承擔。The risks of developing and testing self-driving cars should not fall mainly on pedestrians, cyclists, and other road users.","P1: 像 Uber 那次自駕車事故，其實是還在測試階段，技術還沒有完全成熟，但已經直接放到真實道路上。問題是，一般路人根本沒有選擇權，他們也不知道自己正在跟一台「還在測試中的車」共享道路，但卻要承擔可能發生事故的風險。

P2: 我選擇一般用路人風險保護優先，核心價值是「風險分配的正確性」跟「基本公平」，誰從這個技術中受益，誰就應該承擔比較多風險，而不是把風險丟給完全沒有參與決策、也沒有同意的人。

C: 我會覺得企業不應該在還不夠安全的情況下，就把自駕車放到公共道路上測試，尤其是沒有做好風險控管的時候，政府也應該要設更嚴格的規範，例如限制測試場域、提高安全標準、要求更透明的風險揭露。","把一般用路人風險保護優先當成判斷自駕車能否部署的首要考量，看似很合理，但它的根本問題是可能會過度保守，甚至拖慢整體交通安全的進步，因為它忽略長期來看自駕車可能大幅降低交通事故與死亡率的整體效益。

如果我們一直強調不能讓任何無辜用路人承擔風險，那就代表自駕車很難在真實環境中測試與優化，但問題是，沒有真實道路數據，技術就很難進步，那最後可能反而讓社會繼續承受更多由人為駕駛造成的事故。","限定(Qualify)：批評部分成立，但我的核心立場不變，只是需加上特定條件或在特定情形下成立。The objection is partly valid, but my core position remains the same. It only holds under certain conditions or in certain cases.","批評部分成立，但我的立場在有嚴格安全控管與漸進式測試條件下仍然能成立，因為雖然技術進步需要一定程度的真實環境測試，但這不代表可以把不可控的風險直接丟給一般路人承擔。

我覺得中間還是要有一條線，例如要先在可控環境測試、風險要降到一定程度、要有即時監控，清楚告知測試範圍。","最大就是技術進步會變慢，自駕車如果不能快速在真實道路測試，就很難累積數據、優化系統，企業成本也會變高，甚至影響整體發展速度，這些代價不只公司承擔，其實整個社會也會一起承受，因為我們可能會比較晚享受到更安全的交通。

但我還是覺得這個代價是值得的，因為把風險丟給一般用路人其實不太公平,不過我也承認這樣某種程度是在犧牲長期的安全效益，所以應該透過一些方式去平衡或補償機制，我可以接受慢一點進步，但不太能接受用無辜的人去承擔風險。",我困惑的其實是到底要怎麼在現在的公平跟未來的整體安全之間畫一條合理的界線，因為如果太保護現在的用路人，技術可能進步很慢，但如果放寬測試，又好像是在拿一些無辜的人承擔風險，這個平衡點其實沒有一個很明確的標準，讓我有點猶豫。
2026/04/28 19:42:35,"一般用路人風險保護優先 (Road User Protection First)：自駕車的研發與測試風險，不應主要由行人、騎乘者與其他一般用路人承擔。The risks of developing and testing self-driving cars should not fall mainly on pedestrians, cyclists, and other road users.","P1：在Uber 自駕車事故的案例裡面，自駕車目前還是處於一個測試與發展的階段，他的系統在感知、判斷還有應變上面還存在著不確定性與技術限制。
因此，在實際道路測試時，事故風險並非完全可控。而這些測試通常都是直接在開放道路上進行，直接讓行人、駕駛與其他用路人身處風險當中，而這些人並未同意參與實驗，也無法去避免或離開這個充滿危險的環境。

P2：我主張一般用路人風險保護優先作為首要原則，他的核心價值在於公平以及基本的安全保障。也就是說，一項新技術在發展過程中，不應該把風險承擔主要放在那些沒有選擇、也沒有同意的人身上。行人和其他用路人只是正常的在使用道路，並沒有同意參與自駕車的測試，因此不應該承擔較高的危險。
如果一項技術需要犧牲無辜的人去承擔風險來進步，即使它未來可能帶來好處，這樣的發展方式仍然是不合理的。因此，在考慮是否讓自駕車上路時，應該先確保一般用路人的安全不會被犧牲，而不是只看整體效益。

C（結論）：結合上面的事實與規範，在自駕車還沒辦法確保安全的情況之下，企業與監督方不應該將測試會有的風險直接轉嫁給一般用路人。具體來說，應該要限制自駕車在開放道路上的測試條件，或是去採取更嚴格的安全機制（像是限制測試環境或者即時監控之類的），來確保行人與其他用路人的風險不會被不公平的提高。若無法滿足這些前提，則自駕車的測試在倫理上不應該被允許。","把一般用路人風險保護優先當成判斷自駕車能否部署的首要考量，看似合理，但它的根本問題是過度強調避免風險，容易讓標準變得過於嚴格，進而阻礙科技技術的實際發展與應用，因為它忽略了自駕車其實必須在真正的道路環境中去測試，才能持續、不斷的修正錯誤來提升安全性。
如果過度限制他的上路機會，雖然短期內可能會降低個別用路人的風險，但長期來看，反而可能會延緩自駕車成熟的時幾，使社會持續依賴人類駕駛，而人類駕駛一直都存在著高事故率與人為失誤的問題。總而言之，這種做法可能在避免少數風險的同時，間接讓更多人長期處於於更高的交通危險之中。","限定(Qualify)：批評部分成立，但我的核心立場不變，只是需加上特定條件或在特定情形下成立。The objection is partly valid, but my core position remains the same. It only holds under certain conditions or in certain cases.","批評部分成立，但我的立場在風險已被合理控制，並且具備完善的安全措施與即時監控的條件下仍然能成立，因為自駕車技術的進步確實需要透過實際駕駛於真實道路來測試與實際運行，否則很難去發現問題以及改善，然後提升整體交通安全。如果完全禁止或過度限制自駕車上路，可能會拉長技術成熟的時間，反而讓社會長期暴露在人類駕駛所帶來的高事故風險裏裡面。
不過即使同意這一點，我還是認為自駕車的發展不應該建立在將風險不成比例的轉嫁給未同意的一般用路人之上。也就是說，技術發展可以進行，但前提是相關風險一定要被嚴格控管，例如限制測試情境、確保有即時的人為監督等等。只有在這些條件下，自駕車的上路測試才具有倫理上的正當性，同時也兼顧了技術進步與對一般用路人安全的基本保障。","
優先選擇一般用路人風險保護優先的代價在於可能會拉長自駕車技術的發展時間，進而影響他帶來的長期降低交通事故與死亡率的潛在效益。
這樣的限制可能會提高企業的研發成本與測試門檻，讓創新的速度變慢，甚至影響相關產業的競爭力。這些代價主要由科技公司、產業發展，以及仍需承擔人類駕駛風險的用路人來共同承擔。
我認為這樣的代價在一定程度上是值得付出的，因為技術進步不應建立在讓未同意的一般用路人承擔這些不公平風險的基礎上。不過我也認為這並不代表必須完全犧牲技術發展，因此這些代價應該被盡量減緩。
此外，即使我選擇優先保障一般用路人的安全，我還是認為整體交通安全提升這個被相對延後的價值是重要的，因此主管機關應透過規範來補償，例如加速安全驗證流程、提高技術透明度與社會信任，以縮短技術成熟的時間。換句話說，我的立場並不是否定技術進步，而是覺得發展方式必須更加負責任與公平。",
2026/04/28 19:43:56,"責任追溯與課責優先 (Accountability First)：若事故發生後無法清楚追溯責任、說明決策依據並進行有效課責，則不應部署。If, after an accident, responsibility cannot be clearly traced, the basis of the decision cannot be explained, and effective accountability cannot be imposed, then deployment should not be allowed.","P1（事實）： 在 Uber 事故中，系統雖然偵測到路人，卻因為軟體設定將其分類為假陽性而未即時煞車；同時，Uber 關閉了車輛原廠的緊急煞車系統，且人類安全駕駛當時正在分心。這顯示自駕車事故往往是技術缺陷、公司決策與人為疏忽交織的結果。

P2（規範）： 我主張責任追溯與課責原則應優先。該原則的核心價值是司法正義與道德問責。在一項具備高度殺傷風險的技術投入公共空間時，其正當性不應只建立在平均可能比較安全上，而應建立在當傷害發生時，受害者能獲得合理的解釋與課責對象上。

C（結論）： 根據 P1 和 P2，研發公司在無法提供可解釋的決策日誌或建立明確的法律責任分擔機制前，不應該 被允許在公共道路上進行測試，以免造成責任空隙，讓受害者成為技術進步下的無名犧牲者。",把 責任追溯與課責優先 當成判斷自駕車能否部署的首要考量，看似合理，但它的根本問題是 會因法律的滯後性而導致更多可避免的死亡，因為它忽略自駕技術在降低人類駕駛因疲勞、酒駕造成大量傷亡的巨大效益,"限定(Qualify)：批評部分成立，但我的核心立場不變，只是需加上特定條件或在特定情形下成立。The objection is partly valid, but my core position remains the same. It only holds under certain conditions or in certain cases.",批評部分成立，但我的立場在 公共道路開放測試階段 條件下仍然能成立，因為 一般用路人並未同意成為自駕技術的實驗品。,這個選擇的代價是 研發成本的大幅增加與技術普及時間的推遲。這部分代價主要由 自駕車研發企業 與 期待透過自駕車改善交通的社會群體 承擔。我認為這個代價值得付出，因為我們不能為了技術超前而製造道德黑洞。透過建立完善的黑盒子紀錄與責任補償基金，可以減緩對創新的衝擊，同時保障基本正義。,我最困惑的是 人類安全駕駛的角色。
2026/04/28 19:45:51,"一般用路人風險保護優先 (Road User Protection First)：自駕車的研發與測試風險，不應主要由行人、騎乘者與其他一般用路人承擔。The risks of developing and testing self-driving cars should not fall mainly on pedestrians, cyclists, and other road users.","P1（事實）：
在車子仍處於測試與開發階段，感測系統尚未成熟的情形下，存在失誤的風險，並且因為是在公共道路上行進，風險將會由一般用路人承擔。
P2（規範）：
應避免讓自駕車測試所造成的風險由一般用路人承擔
C（結論）：
C:在自駕車部署之前，企業與政府應先確保系統已達到足夠安全標準，並建立嚴格的測試限制，而不應直接把風險加諸於一般用路人。若安全性與保護機制不足，則不應允許其在公共道路上進行大規模測試或部署。
",把 一般用路人風險保護優先 當成判斷自駕車能否部署的首要考量，看似合理，但它的根本問題是對於風險把控的因噎廢食，因為它忽略「自駕車本身就已經是降低道路風險的選擇」，並且在產品在推出前，必須經過一定程度承擔風險的測試，才能在日後有效達到降低風險的訴求。,"修正(Revise)：批評很可能成立，我的核心立場會有很大調整，即使整體方向不變。The objection is likely valid, so my core position needs major revision, even if its overall direction remains the same.",批評很可能成立，我需要調整 對自駕車測試的限制，稍微放寬安全標準，但整體方向仍是在維護科技發展的前提下避免將風險加諸 於一般用路人身上，假如真的發生了，那就要對開發商罰錢或者是禁止其自駕車上路，因為發展成熟的自駕車技術能夠彌補人類駕車的缺點，諸如反應力或是判斷路況能力等...。除了一般用路人不該承受的實驗風險外，發展成熟的自駕車技術是提高用路人安全的選擇，可藉此促進道路交通安全的發展。,我認為測試階段的一般用路人承擔了更高的安全風險而不自知。雖然為了促進長遠的道路交通安全，我認為此風險承擔在所難免，但此擔險機制卻並不符合公平正義原則，而且我暫時也無法提出完全公平合理的補償機制或方法。,提不出公平的補償機制讓人覺得有點困惑
2026/04/28 19:46:41,"效益優先 (Benefit First)：只要長期能顯著降低整體交通死傷，自駕車部署就可被接受。If self-driving cars can significantly reduce overall traffic injuries and deaths in the long run, their deployment can be justified.",P1:在Uber自駕車致死事故中，自駕車系統未能正確辨識行人並及時煞車，導致致命事故。P2:我主張責任追溯與課責優先，只有在可被監督與追責的前提下，技術部署才具有社會接受性。C:在不可完全避免風險的情境下，社會可以接受有風險的技術，但不能接受無法被追責的風險。,把責任追溯與課責優先當成判斷自駕車能否部署的首要考量，看似合理，但它的根本問題是過度執著於個案的歸責可能性，因為它忽略（或犧牲了）長期能顯著降低整體交通死傷。,"限定(Qualify)：批評部分成立，但我的核心立場不變，只是需加上特定條件或在特定情形下成立。The objection is partly valid, but my core position remains the same. It only holds under certain conditions or in certain cases.",批評部分成立，但我的立場在具備最低可課責條件條件下仍然能成立，因為因為沒有可追責性，再高的安全效益也無法讓社會大眾接受。,責任追溯與課責優先主要代價在於：技術部署速度將被放慢，延後交通安全改善的時程，主要承擔者是整體社會與潛在事故受害者，我認是值得，如果沒有課責機制，即使技術降低事故率，一旦發生Uber自駕車致死事故這樣的事件技術反而可能被全面拒絕。,
2026/04/28 19:47:31,"效益優先 (Benefit First)：只要長期能顯著降低整體交通死傷，自駕車部署就可被接受。If self-driving cars can significantly reduce overall traffic injuries and deaths in the long run, their deployment can be justified.","P1：Uber 自駕車事故顯示，當時系統在辨識障礙物和煞車反應上有明顯問題，而且公司在收到警示後仍繼續測試，表示部署條件當時並不成熟。
P2：我主張效益優先，因為我認為在交通這種會影響很多人生命安全的情境下，最重要核心價值的是整體死傷能不能被明顯降低。
C：在 Uber 自駕車事故案例中，相關公司與監管者不應該因單一事故就直接否定所有部署可能，而應以是否能在嚴格改進技術與部署條件後，長期顯著降低整體交通死傷。",把效益優先當成判斷自駕車能否部署的首要考量，看似合理，但它的根本問題是太重視整體結果，因為這樣可能會犧牲掉當下個別用路人的安全，讓某些人先承擔技術還不成熟時的風險。,"限定(Qualify)：批評部分成立，但我的核心立場不變，只是需加上特定條件或在特定情形下成立。The objection is partly valid, but my core position remains the same. It only holds under certain conditions or in certain cases.",批評部分成立，但我的立場在自駕車的技術已經夠成熟、測試條件夠嚴格，而且不會讓一般用路人被迫承擔過高風險的情況下仍然能成立，因為我覺得如果它最後真的能明顯減少整體交通死傷，那效益優先還是有它的道理。,這個選擇的代價是，有些人可能會在自駕車還沒完全成熟的時候，先承擔它出錯的風險，像是路上的行人或其他用路人。真正承擔這個代價的，不只是公司，也包括那些沒有同意參與測試的人。但如果自駕車之後真的能大幅降低整體交通死傷，這個代價不是完全不能接受，可是一定要有個前提，就是風險不能太高，也不能沒有補償和規範。,
2026/04/28 19:48:32,"一般用路人風險保護優先 (Road User Protection First)：自駕車的研發與測試風險，不應主要由行人、騎乘者與其他一般用路人承擔。The risks of developing and testing self-driving cars should not fall mainly on pedestrians, cyclists, and other road users.","P1（事實）： 事故導因於系統為優化效能而降低煞車靈敏度，且受害行人並未同意參與這項帶有生命風險的技術測試。

P2（規範）： 應優先考量「一般用路人風險保護」，其核心價值在於守護個人的生命身體不可侵犯權，反對將不知情的第三方視為優化科技的工具。

C（結論）： 研發者與監理單位不應在未確保「不增加路人額外風險」的前提下，將未成熟的自駕系統部署於公共道路。",把一般用路人風險保護優先當成判斷自駕車能否部署的首要考量，看似合理，但它的根本問題是陷入了「完美的謬誤」與「防禦性停滯」，因為它忽略了延遲部署所導致的規模化傷亡代價，並犧牲了社會整體達成「絕對安全」的最快路徑。,"修正(Revise)：批評很可能成立，我的核心立場會有很大調整，即使整體方向不變。The objection is likely valid, so my core position needs major revision, even if its overall direction remains the same.",批評很可能成立，我需要調整「判斷正當性的單一基準，將原本排斥的『整體效益』納入考量並與『權利保護』進行權衡」，但整體方向仍是「反對無限制的風險轉嫁」，因為若完全無視技術推遲所導致的現實傷亡（人為駕駛事故），則這種倫理堅持將變成一種「見死不救」的僵化教條。,我修正後的立場以「風險優化」取代了「個體絕對權利」，這意味著我們必須付出「將人命視為統計機率」的道德代價，並由那些未經同意卻被捲入技術實驗的無辜路人承擔風險；雖然我認為為了終結每年百萬計的人為交通傷亡，這份代價在證明安全增益的前提下值得付出，但我依然對被犧牲的「知情同意權」感到不安，因此必須透過強制性的無過失高額補償與決策邏輯的全面透明化，來對受損的個體尊嚴進行補償。,
2026/04/28 19:51:36,"一般用路人風險保護優先 (Road User Protection First)：自駕車的研發與測試風險，不應主要由行人、騎乘者與其他一般用路人承擔。The risks of developing and testing self-driving cars should not fall mainly on pedestrians, cyclists, and other road users.","P1(事實):在這個案例中，該公司在公共道路上測試尚未完全成熟的自駕技術，而受害者也就是一般用路人沒有同意參與這場測試，卻被強迫要承擔這場測試可能會出險的風險。
P2(規範):我主張一般用路人的風險保護優先，這個核心的價值在於不傷害原則與知情同意。技術開發的成本與風險應由開發商承擔，而不應該讓無辜且不知情的第三方來承擔風險。
C(結論):根據P1和P2，在Uber或任何自駕車公司在公共道路進行測試前，必須優先確保其技術不會對一般的用路人造成傷害，不應該為了追求研發數據而犧牲他人的生命安全及知情的權利。",把一般用路人風險保護優先當成判斷自駕車能否部署的首要考量，看似合理，但它的根本問題是會導致自駕技術太嚴苛的測試環境而不能進步，因為它忽略了自駕技術普及後，可以有效消除疲勞駕駛、酒駕等人為而造成不可挽回的傷害如酒駕後開車撞死人。,"限定(Qualify)：批評部分成立，但我的核心立場不變，只是需加上特定條件或在特定情形下成立。The objection is partly valid, but my core position remains the same. It only holds under certain conditions or in certain cases.",批評部分成立，但我的立場在確保有安全備援機制且限制開發商的測試範圍這兩個條件下仍然成立。因為雖然我認同了技術進步帶來的好處，但這並不代表開發商可以不顧慮到安全的責任。我覺得不能在車上沒有測試員的情況下直接拿路人來做測試。應該要透過現在可以做到且更安全的方式例如使用虛擬的環境來做模擬或者是在封閉的場地來做測試，而不是用無辜且不知情的路人來做測試。,這個選擇的代價是自駕技術普及化的時程會延後，且開發商需投入更高的研發成本在測試或模擬環境上。這也意味著在技術真正成熟前，一般民眾無法享受自駕車帶來的便利與交通效率上的提升。主要是自駕車開發商要來承擔這個代價因為研發成本及開發時長會因此而增加。我認為這個代價是值得付出的，因為社會對於一項新技術的信賴是建立在安全之上的。如果為了趕進度而犧牲無辜用路人，一旦發生意外，引起的社會事件反而會讓這項技術普及的時間變長，這個代價是為了確保這項技術能長遠發展所必須付出的。,讓我感到猶豫的點是如果數據證明了自駕車比人類駕駛安全10倍，但它仍會發生極少數因為程式誤判而造成的死傷，社會大眾似乎很難接受機器殺人這件事。身為未來的工程師，我們在追求降低事故率也就是讓效益最大化的同時，該如何解決大眾對於機器零失誤的容忍心理?因為當前社會酒駕撞死人是由駕駛來承擔這個風險，但如果今天是機器發生失誤而撞死人那這個責任應該由誰來承擔?開發商嗎?我覺得這個問題目前在法律上以及倫理道德很難達成共識
2026/04/28 19:51:39,"責任追溯與課責優先 (Accountability First)：若事故發生後無法清楚追溯責任、說明決策依據並進行有效課責，則不應部署。If, after an accident, responsibility cannot be clearly traced, the basis of the decision cannot be explained, and effective accountability cannot be imposed, then deployment should not be allowed.","P1（事實）：在Uber自駕車事故案例中，系統框架內的技術包含（AI演算法、感測器、工程設計與測試流程），而這些技術源自於不同的角色（工程師或是測試廠商）如果今天出現事故，那麼責任該如何歸屬？（該由誰進行承擔責任），從事故外在很難看出問題歸屬

P2（規範）：我認為若事故發生後無法清楚追溯責任，說明依據並進行有效追責，則不應部署自駕車，因為當被捲入的受害者要追究責任時，可能會有難以獲得補償的可能性，而如果沒有一套完整的配套措施保障，而如果問題出在技術錯誤，沒有一個保障措施，企業不理睬的情況下，企業也會缺乏改進誘因，而社會也會因此降低技術的信任、產品的信任等等，在含有風險與倫理的情況，應該要先確保一個追責的機制

C（結論）：我認為應該要有明確的責任分配、測試紀錄，更應該要有配套的法律制度保障，企業倫理等，如果沒有辦法達成這樣的條件，建議不要進行大規模的部屬，連帶牽連使用者與社會大眾","把責任追溯當成判斷自駕車能否部屬的首要考量，看似合理，但他的根本問題是過度要求制度完善，可能會導致技術發展延遲，因為他忽略了自駕車在長期上可能帶來的大量交通事故減少與整體社會的公共安全性與便利性

許多高風險技術都是在制度不完全善的情況下逐步發展進步的，若要求在部屬前就達到完全責任，可能也會導致技術無法進入真實環境測試與累積經驗，這反而延後其安全效益的實現","限定(Qualify)：批評部分成立，但我的核心立場不變，只是需加上特定條件或在特定情形下成立。The objection is partly valid, but my core position remains the same. It only holds under certain conditions or in certain cases.",此批評部分成立，但我的立場要在「自駕車在部署前已建立最低程度的法律保障」條件下成立，若完全缺乏保障，將導致風險增加並降低社會信任度，就是我覺得自駕車還是要在市面上跑跑看，持續更新進步技術，但至少應該要有一部分這方面的法律保障才能進行，而且如果都沒有一套可採用的保障，也是將風險轉嫁到消費者身上,代價在於可能延遲自駕車技術的發展與實行，原本有機會降低的交通事故與提升整體公共安全的效益被延後實現，而這些代價主要由企業、消費者，以及整體社會共同承擔，可能像是，社會承受較長時間的現有交通風險（每天都很刺激），我認為這是值得的代價，畢竟如果現在都沒有一套保障的措施，等問題發生後，才是真的來不及,"最讓我感到困惑的是，台灣的交通環境是否真的適合自駕車部署，自駕車理論上可能提升交通安全，但在台灣的道路情境中，也可能因為機車密度高、道路使用者行為複雜、臨停與混合車流常見，而增加新的風險

而且因為沒有一個與台灣同等規模的國家有採用自駕車，更沒有一個可參考範本，還有就是不同國家的地理規模、道路規劃、法律制度標準都不同，很難直接用其他國家的經驗來判斷台灣使用自駕車，是否足夠安全？，搞不好會是創造新的風險"
2026/04/28 19:52:38,"一般用路人風險保護優先 (Road User Protection First)：自駕車的研發與測試風險，不應主要由行人、騎乘者與其他一般用路人承擔。The risks of developing and testing self-driving cars should not fall mainly on pedestrians, cyclists, and other road users.","Uber 的自駕車測試是在公共道路上進行，但公共道路並不是封閉的實驗場域，行人、騎士、駕駛都可能在不知情或無法選擇的情況下承擔測試風險，當自駕車技術尚未完全成熟時，如果把主要風險轉嫁給一般用路人，我認為是不公平的。
一般用路人風險保護優先的核心價值是避免無辜的人被迫承擔科技發展的代價，自駕車技術成熟能降低交通事故和提升移動效率，但這些效益不能成為犧牲特定路人的理由，尤其是行人和騎士通常比車內乘客更脆弱，一旦發生事故他們承受的傷害也更嚴重，因此在判斷自駕車是否可以部署時，不能只看整體效益，而應先確認公共道路上的無辜用路人是否受到足夠保護，根據這個原則，若企業或政府無法證明測試風險已被合理控制，自駕車就不應該直接在公共道路上大規模部署。",把一般用路人風險保護當成判斷自駕車能否部署的首要考量，看似合理，但它的根本問題是可能過度保守，因為它忽略了自駕車在長期中可能帶來的整體安全效益，如果我們要求自駕車在幾乎沒有風險的情況下才能上路，技術就很難透過真實道路環境進步，人類駕駛本身每天也造成大量交通事故，如果自駕車長期能比人類駕駛更安全，過度強調當下測試風險，反而可能延後一項能拯救更多生命的技術。,"限定(Qualify)：批評部分成立，但我的核心立場不變，只是需加上特定條件或在特定情形下成立。The objection is partly valid, but my core position remains the same. It only holds under certain conditions or in certain cases.",我認為這個批評部分成立，但我的核心立場仍然不變，自駕車確實可能在長期中降低交通事故，所以完全禁止公共道路測試並不一定合理，但是這不代表企業可以把一般用路人當成實驗風險的主要承擔者，我的立場需要加上條件，就是只有在測試範圍受到限制、風險的資訊足夠透明、有人類安全監控、事故責任可以追溯，而且系統安全性已達到一定標準時，自駕車才可以在公共道路上測試或部署，因此我不反對自駕車發展，但我認為它不能以犧牲不知情的一般用路人作為代價。,"自駕車技術的發展速度可能會變慢，企業的測試成本也會提高，因為若要保障一般用路人，就需要更多監管制度、資料透明化與責任設計，這些要求可能讓自駕車比較晚進入市場，也可能讓社會較慢享受到自駕車可能帶來的交通安全與便利。
這個代價主要由企業或政府監管單位，以及期待自駕車技術快速發展的使用者承擔，但我認為這個代價值得付出，因為公共道路上的行人與騎士不應該在沒有同意的情況下成為實驗對象，更別說有可能發生事故，若要減緩代價，可以採取分階段進行，例如先在低速區域或特定路線測試，等安全性與責任制度更成熟後，再逐步開放到一般道路。",自駕車要安全到什麼程度，才算是倫理上可以接受，因為任何交通工具都不可能做到零風險，人類駕駛也會造成事故，如果要求自駕車完全不出錯才可以上路，可能不切實際；但如果只因為它長期可能更安全，就允許它在公共道路上測試，又可能對一般用路人不公平。因此，最困難的地方在於如何訂出合理標準，判斷何時風險已經低到可以被社會接受。
2026/04/28 19:55:57,"責任追溯與課責優先 (Accountability First)：若事故發生後無法清楚追溯責任、說明決策依據並進行有效課責，則不應部署。If, after an accident, responsibility cannot be clearly traced, the basis of the decision cannot be explained, and effective accountability cannot be imposed, then deployment should not be allowed.",在 Uber 事故中，自駕系統未能正確辨識行人，且車內安全測試員分心，導致事故發生後的法律責任在系統開發商、測試員與演算法決策之間界線模糊，造成司法課責的困境。我認為「責任追溯」應優先於「技術效益」。其核心價值在於「正義的程序性」。如果一個系統在造成傷害後，受害者無法獲得明確的賠償對象，或社會無法透過法律程序對錯誤進行修正，則該技術的社會契約便已失效。根據上述，在自駕技術尚未建立透明的決策黑盒子解釋機制（Explainable AI）與明確法律責任歸屬前，開發商不應貿然進行開放道路部署，政府也應暫緩其商用執照。,將責任追溯當成判斷自駕車能否部署的首要考量，看似合理，但它的根本問題是過度阻礙技術革新並延後安全效益的實現，因為它犧牲了透過大規模部署能顯著降低人為駕駛失誤所挽救的更多生命。,"限定(Qualify)：批評部分成立，但我的核心立場不變，只是需加上特定條件或在特定情形下成立。The objection is partly valid, but my core position remains the same. It only holds under certain conditions or in certain cases.",批評部分成立，但我的立場在『涉及公共安全風險的試驗階段』條件下仍然能成立。因為如果我們因為追求統計上的整體安全（效益主義），而容忍法律責任的真空，這將導致開發商缺乏誘因去優化安全性，反而可能造成更多難以追訴的技術受害者。,技術商用化的進度會變慢，且可能在短期內無法降低由人類疲勞駕駛導致的車禍率。誰會承擔: 科技公司（研發成本提高）以及潛在能因自駕技術受惠的交通弱勢族群。是否值得: 值得。因為法律穩定性是社會運作的底層協議，代價可透過「建立強制性事故補償基金」或「黑盒子數據共享協議」來減緩，而非直接犧牲課責原則。,當 AI 的決策涉及「隨機性」或「非線性」的深度學習邏輯時，人類法律要求的「預見可能性」該如何被重新定義？如果要求 AI 必須完全可解釋才能上路，這是否意味著我們在法律上永遠無法接受比人類更安全、但邏輯更複雜的「超人類智慧」？
2026/04/28 20:06:00,"責任追溯與課責優先 (Accountability First)：若事故發生後無法清楚追溯責任、說明決策依據並進行有效課責，則不應部署。If, after an accident, responsibility cannot be clearly traced, the basis of the decision cannot be explained, and effective accountability cannot be imposed, then deployment should not be allowed.","P1： 自駕系統未能正確識別橫穿馬路的行人，而車內的「安全駕駛員」當時正在分心看影片。這導致在事故發生時，界定是感測器硬體失效 還是 人為監督疏失 變得極其複雜
P2： 該原則的核心價值是正義與尊嚴 之所以應優先實現，是因為任何技術部署都不應將一般大眾視為無償的實驗對象。
 C： 根據 P1 和 P2，在自駕車案例中，開發商和政府在尚未建立透明、可追溯的責任判定機制前，不應該貿然進行全開放式的路測或部署。",把責任追溯與課責優先 當成判斷自駕車能否部署的首要考量，看似合理，但它的根本問題是可能導致技術發展的停滯與更多的生命損失，因為它忽略自駕車在長遠看來能大幅降低由人類誤判引起的交通傷亡數量。,"限定(Qualify)：批評部分成立，但我的核心立場不變，只是需加上特定條件或在特定情形下成立。The objection is partly valid, but my core position remains the same. It only holds under certain conditions or in certain cases.",批評部分成立，但我的立場在確保技術開發者需承擔嚴格法律責任條件下仍然能成立，因為如果缺乏課責機制導致公眾對 AI 失去信任,"延緩了自駕車技術的大規模應用 
一般的用路人
可以採強制險 出意外由保險公司先賠付 先保障受害人就醫權力及基本生活品質",
2026/04/28 20:13:00,"責任追溯與課責優先 (Accountability First)：若事故發生後無法清楚追溯責任、說明決策依據並進行有效課責，則不應部署。If, after an accident, responsibility cannot be clearly traced, the basis of the decision cannot be explained, and effective accountability cannot be imposed, then deployment should not be allowed.","p1: Uber 高層忽視頻繁肇事的警告、繼續推動測試，這代表當時的系統的駕駛能力還沒達到自動駕駛需要的程度，因此長期效益的實現尚未發生。測試員在測試過程完全分心看手機則反應出測試過程的安全措施失效，增加測試的短期風險，這樣算是違反職務要求。

p2: 我主張的規範主張是效益優先，這項主張的核心價值是只要長期能顯著降低整體交通死傷，自駕車部署就可被接受。在此uber案例，意味著在未來能顯著降低所有用路人的傷亡風險的情況下，測試過程暫時降低對未同意這些車輛測試的用路人造成的傷亡風險的在意程度，因為最終社會可以享有更安全的技術。但是可以降低在意程度不代表可以忽視，uber在此案放任已經在現實道路上被驗證肇事率過高的系統繼續測試，且對測試員的訓練可能不足，防護線等同虛設（雖然在這事件中測試員可能也無法避免傷亡，但是如果他有專注的話死亡風險就會降低）。

我選效益優先而不是其他兩個原則，是因為如果可以在測試av系統期間暫時降低對用路人的安全風險忍受度（在意程度？）並在最終讓全體民眾得到相較於人類駕駛安全非常多的av系統，這樣總體造成的傷亡人數只要把參考時間拉長，一定會顯著低於因為死守用路人安全風險而禁止實際測試的情況下的傷亡人數。

c: 在此uber av的事故中，Uber公司應該在測試其av系統時暫時地有限降低對其他用路人的傷亡風險的在意程度下，設定一個清楚的停止測試條件還有強而有力的防護措施。在測試團隊已經反應當前av系統肇事率高的情況下高層還是一意孤行的繼續測試，這明顯是“清楚的停止測試條件”的設定被忽略或是太寬鬆。至於測試員滑手機一事則可歸類為Uber的員工訓練不足或是工作流有缺陷。如果uber在教育訓練時更加強調需要專注監督測試中的車輛，或是規範測試員在工作時不能把私人手機帶上車，都可以建立更強的防護措施，降低傷亡風險，哪怕是一點點都好。",把效益優先當成判斷自駕車能否部署的首要考量，看似合理，但它的根本問題是「為了未來多數人的安全犧牲現在少數人的安全」，因為它忽略（或犧牲了）在測試的時空背景下用路人是否同意其安全可能被暫時較不重視。Herzberg的意願為何？搞不好他根本不知道有測試這件事。,"限定(Qualify)：批評部分成立，但我的核心立場不變，只是需加上特定條件或在特定情形下成立。The objection is partly valid, but my core position remains the same. It only holds under certain conditions or in certain cases.",批評部分成立，但我的立場在只要Uber或其他av測試廠商做好guardrail的條件下仍然能成立，因為一般人類駕駛做出危險行為（e.g. 疲勞駕駛、超速、不留意）下也沒有經過其他用路人的同意，這跟av廠商測試的情形是等價的，與其繼續放任大眾這樣，長痛不如短痛，用短期沒經過用路人的同意下開發出更安全的av技術，讓大家用路都更安全，這樣長期下才能根除用路人的安全風險。,在測試的期間，如果av技術測試廠商不自律，像Uber一樣讓其他用路人風險顯著增加，短期內還是會傷及更多無辜的用路人，他們承擔了廠商追求商業利益/成功過程的外部成本。值得付出，因爲成熟的av技術普及後，最終造成的總死傷人數還是會比什麼都不做低。而且，經過一些立法規範廠商必須做好哪些防護措施事可能解決這個短期代價的好方法。,我覺得比較困惑的是上面三個原則其實在真實世界中都很重要，只寫堅持一個真的很難。
2026/04/28 20:13:56,"一般用路人風險保護優先 (Road User Protection First)：自駕車的研發與測試風險，不應主要由行人、騎乘者與其他一般用路人承擔。The risks of developing and testing self-driving cars should not fall mainly on pedestrians, cyclists, and other road users.","P1（事實）

在 Uber 自駕車事故案例中，一般用路人並未主動同意參與測試，卻可能因企業測試中的技術缺陷、感測失誤、監督疏失而承擔生命風險。這些人通常無法得知車輛是否處於測試模式，也無法選擇避開相關風險。換以言之，自駕車研發的外部成本常被轉嫁到未同意的第三人身上。

P2（規範）

我主張一般用路人風險保護優先。此原則的核心價值是公平分配風險

這個價值應優先實現，因為技術創新雖然可能帶來未來利益，但不能建立在讓未同意承擔風險者先付出代價的基礎上。若社會接受企業把測試風險轉嫁給路人，就等於默許弱勢者替技術進步買單。

C（結論）

在這類自駕車案例中，企業與監管機關應先證明系統已達到高度安全標準、建立明確測試區域與風險告知機制後，才能上路測試，若無法有效保護一般用路人，就不應部署於公共道路。研發成本與測試風險應主要由企業承擔，而非由無辜路人承受。",把一般用路人風險保護優先當成判斷自駕車能否部署的首要考量，看似合理，但它的根本問題是過度保守會阻礙能拯救更多生命的技術進步，因為它忽略了人類駕駛本身每天也造成大量事故，若要求接近零風險才准部署，可能會延後整體交通安全改善，讓更多人死傷於現有交通系統。,"限定(Qualify)：批評部分成立，但我的核心立場不變，只是需加上特定條件或在特定情形下成立。The objection is partly valid, but my core position remains the same. It only holds under certain conditions or in certain cases.",批評部分成立，但我的核心立場不變，只是需加上相對風險和比較分階段部署的條件。也就是說，不必要求零風險，而是要求自駕車風險至少不高於現行人類駕駛平均水準，且高風險場域須限制測試。如此才能兼顧創新與公平。,"這個選擇的代價是：

技術發展速度變慢
企業成本增加
社會可能延後享受自駕車利益
承擔者主要是企業、投資者，以及等待新技術普及的社會大眾。
我認為這代價值得付出，因為公共道路不是私人實驗場。但可透過封閉場域測試、模擬環境、限定區域試辦等方式降低代價。",我最不確定的是自駕車要比人類駕駛安全多少，才算具備部署正當性？
2026/04/28 20:16:24,"效益優先 (Benefit First)：只要長期能顯著降低整體交通死傷，自駕車部署就可被接受。If self-driving cars can significantly reduce overall traffic injuries and deaths in the long run, their deployment can be justified.","P1（事實）：
根據waymo所公開報告顯示，搭載ADAS的自駕車發生車禍的機率，在人員傷亡的部分比人類駕駛減少80%，行人受傷的機率減少78%
P2（規範）：
我認為應該以效益原則優先，既然目前自駕車已經被證實能夠降低整體交通死傷，我們就應該優先採用更安全的道路駕駛方式。
C（結論）：
根據 P1 和 P2，我認為政府應該訂立相關法規，讓自駕車可以在台灣合法的上路。人民也不應該對自駕車產生過度的恐懼，認為它會造成重大車禍，因為人類造成的重大車禍遠比自駕車多。
數據來源：https://reurl.cc/EmbdOk",把效益優先當成判斷自駕車能否部署的首要考量，看似合理，但它的根本問題是若人們全面普及使用自駕車，那我們可能就會因為長期使用自駕車而疏於自行駕駛，在發生意外，需要自行接回方向盤駕駛時會來不及反應，使原本可以避免的後果，因為人的關係變成不可避免，導致憾事發生。,"限定(Qualify)：批評部分成立，但我的核心立場不變，只是需加上特定條件或在特定情形下成立。The objection is partly valid, but my core position remains the same. It only holds under certain conditions or in certain cases.",批評部分成立，但我的立場在「降低死傷」的條件下仍然能成立，因為效益優先所發生的事故率本生就比人為駕駛低，即使傷勢程度會加重，但整體死傷人數仍然會比人親自駕駛還要低，而駕駛生疏的問題也可透過法律規定「駕照需要定期回到駕訓班受訓才能展延」解決。,我選擇了效益優先的立場，看似捨棄了對行人安全的保障，使其暴露在更大的風險之中，這可能會造成沒有在開車的人會心生不滿（eg.明明沒有在開車，卻要因為開車的人承擔更大的風險）。但我依然認為這是一個值得付出的代價，因為科技的進步不會獨厚於其中一種設備，在提高自動駕駛科技的同時一定也有與之相抗衡，用於保護行人的道路科技在發展著。所以我認為，我們不能用現在道路對于行人保護的不足去限制對未來自動駕駛車輛的想像。因此，效益原則仍是我在這個議題上會優先考量的對象。,"在討論這個問題時，我們所說的自動駕駛要自動到什麼程度？我以上所有的的觀點都是基於「還會有人在駕駛座」這個前提所提出的，並沒有考慮完全無人駕駛的問題。
且我認為如果今天討論的是完全無人駕駛的話，上面的結論可能有部分會被推翻。
若是完全無人駕駛的話，我可能就會將焦點首先放在責任歸屬上而非效益優先。"
2026/04/28 20:20:23,"一般用路人風險保護優先 (Road User Protection First)：自駕車的研發與測試風險，不應主要由行人、騎乘者與其他一般用路人承擔。The risks of developing and testing self-driving cars should not fall mainly on pedestrians, cyclists, and other road users.",在此案例中用路人因為開發尚未完整，而導致行人被撞死，我所主張的是開發者的風險不應該外部化，由整個社會承擔風險，因此當開發技術尚未完整前，企業不應當讓自駕車上市。,將一般用路人風險保護優先當成判斷自駕車能否部署的首要考量，但其問題是現實社會中大多數人也會將成本外部化，因此該主張對自駕車的檢視更加嚴格。,"限定(Qualify)：批評部分成立，但我的核心立場不變，只是需加上特定條件或在特定情形下成立。The objection is partly valid, but my core position remains the same. It only holds under certain conditions or in certain cases.",批評部分成立，但我的立場在技術尚未達到基本安全標準的情況下仍然能成立，因為在高不確定性與高風險階段，優先避免將風險轉嫁給無辜用路人，比追求長期效益更為重要，當技術成熟且風險可控時，再逐步放寬限制。,當前的立場，我完全放棄了效益優先的價值，延緩自駕車技術的發展與普及，使社會無法及早享有其降低整體交通事故的潛在好處，但在險分配尚不公平、責任尚未明確之前，這樣的代價是可以接受的。,
2026/04/28 20:32:37,"一般用路人風險保護優先 (Road User Protection First)：自駕車的研發與測試風險，不應主要由行人、騎乘者與其他一般用路人承擔。The risks of developing and testing self-driving cars should not fall mainly on pedestrians, cyclists, and other road users.",在 Uber 自駕車事故的案例中，因為技術還未成熟並且路人無法預測或避免風險、行人比較起來比較脆弱，因此基於保護弱勢的原因，不應該在未確保足夠安全前將自駕車開放於公共道路，避免讓無辜大眾承擔測試的風險。,把一般用路人風險保護優先當成判斷自駕車能否部署的首要考量，看似合理，但它的根本問題是過度的保守而阻礙科技發展，因為它犧牲了自駕車可能大幅降低整體交通事故並促進交通方便的利益。,"限定(Qualify)：批評部分成立，但我的核心立場不變，只是需加上特定條件或在特定情形下成立。The objection is partly valid, but my core position remains the same. It only holds under certain conditions or in certain cases.",批評部分成立，但我的立場在自駕車技術尚未達到足夠安全與可靠的條件下仍然成立，因為在不能確定能否降低風險之前，讓一般用路人承擔測試風險仍是不公平的。,代價是可能會延緩自駕車技術的發展。這個代價主要由科技公司、自駕車的投資者，以及整體社會名眾共同承擔。但我認為這個代價在現階段是可以接受的，因為不應將尚未成熟技術的風險套給無辜用路人。可以透過在封閉的道路中測試、加強安全標準，來減少影響。,
2026/04/28 20:44:02,"一般用路人風險保護優先 (Road User Protection First)：自駕車的研發與測試風險，不應主要由行人、騎乘者與其他一般用路人承擔。The risks of developing and testing self-driving cars should not fall mainly on pedestrians, cyclists, and other road users.","P1:在測試或是駕駛Uber自駕車並非路人駕駛或自願，這不是他的意願但卻承擔這種風險，代表自駕車已經不只是考慮技術問題了而是也要考慮到道路安全，車子的安全設計就變得相當重要，而且如果自駕車無法辨識行人並有即時的反應甚至是有駭客入侵電腦的故障情況下，風險除了車內的人會遭殃，路上的行人也要跟著一起承擔，會對在路上行走的路人很不公平。
P2:我主張一般用路人風險保護優先因為它的核心價值是保護非自願承擔風險的路人的生命安全與風險承擔的公平性。
C:企業應該要優先保障一般道路對使用者或是對路人的安全，而不是什麼長期效益或是車子先進的功能，畢竟人命與風險承擔的公平最重要，如果沒有把握就不要大規模部署。",把一般用路人風險保護優先當成判斷自駕車能否部署的首要考量，看似合理，但它的根本問題是如果過度強調避免當下風險，他會阻礙車子的測試跟調整以及技術上的改進，因為它忽略車子也必須有正確的程式引導與好的感測器或是安全設計等等，也犧牲掉車子未來改進的可能性。,"限定(Qualify)：批評部分成立，但我的核心立場不變，只是需加上特定條件或在特定情形下成立。The objection is partly valid, but my core position remains the same. It only holds under certain conditions or in certain cases.",批評部分成立，但我的立場在自駕車必須受到嚴格的安全標準考核並清楚責任歸屬條件下仍然能成立，因為車子的技術發展也是必要的，他能帶給人方便也能促進新技術的研發，但我主要是主張自駕車的責任歸屬不應該給路人或是測試人承擔，畢竟他們也不願意出意外,這樣的代價是研發自駕車的技術會變得比較慢而且開發的成本也很高。自駕車的研發企業會需要承擔這樣的風險，但我覺得這個是值得付出的，畢竟路人沒必要承擔這種意外的風險，多花幾年做好車子的開發會讓車子更好更安全而且功能也更完善，我認為會是比較好的做法。,
2026/04/28 20:46:34,"一般用路人風險保護優先 (Road User Protection First)：自駕車的研發與測試風險，不應主要由行人、騎乘者與其他一般用路人承擔。The risks of developing and testing self-driving cars should not fall mainly on pedestrians, cyclists, and other road users.","P1: 在 Uber自駕車事故中，系統尚未成熟的自駕車開放道路測試，卻將事故風險轉嫁給無法同意、不知情、也無法控制風險的行人。
P2: 我主張「一般用路人風險保護優先」，核心價值為不得將非自願且不可控的風險加諸於不知情第三方，並要求風險應由開發者與受益者承擔。
C: 自駕車公司應先在受控環境完成安全驗證，政府應加強監管。公司亦應該保障一般用路人權益，不應在未經同意的情況下承擔測試風險。",把一般用路人風險保護當成判斷自駕車能否部署的首要考量，看似合理，但它的根本問題是過度保守、提高技術上路門檻，因為它忽略了自駕車長期可能帶來的整體交通安全提升與公共利益，像是降低事故率、人為駕駛風險。,"堅持(Defend)：批評不成立，我的立場完全不變，我能說明為什麼。The objection fails. My position does not change, and I can explain why.",我堅持一般用路人風險保護優先，即使自駕車可能帶來長期公共利益，也不能以將風險轉嫁給未同意的第三方作為代價。行人既無法預測也無法控制風險，卻承擔最嚴重後果，這違反基本的風險分配正義。因此，即使效率或總體安全提升很重要，避免對無辜者施加非自願風險仍應優先於技術發展速度。,優先「一般用路人風險保護」的代價在於延緩自駕車技術，並使潛在的交通安全與效率提升願景較晚實現。這些成本主要由 Uber 等企業、投資者與未來使用者承擔。然而，我認為這個代價是值得的，因為它能避免類似 Uber 自駕車的事故再次發生，避免將不可控且非自願的風險轉嫁給無辜用路人。同時，透過封閉測試、模擬環境與分階段上路等方式，可以在一定程度上減緩創新速度下降所帶來的影響。,
2026/04/28 20:50:37,"責任追溯與課責優先 (Accountability First)：若事故發生後無法清楚追溯責任、說明決策依據並進行有效課責，則不應部署。If, after an accident, responsibility cannot be clearly traced, the basis of the decision cannot be explained, and effective accountability cannot be imposed, then deployment should not be allowed.",自駕車涵蓋相當複雜的系統，如果發生事故往往難以釐清責任的歸屬。因此，我主張以責任追溯與課責優先爲規範，應該要確保自駕車能夠完全規範與責任完全釐清才可以上路。因此，在責任機制明確訂出之前，自駕車公司不應該將其行駛於公共道路，並且政府機關應該要修訂法律以確保責任規範。,把責任追溯與課責優先當成判斷自駕車能否部署的首要考量，看似合理，但它根本問題是缺乏使用高科技以降低事故發生率，因為他忽略提升安全的效益，如果要等到完全釐清責任歸屬，可能好幾十年都還沒辦法解決,"限定(Qualify)：批評部分成立，但我的核心立場不變，只是需加上特定條件或在特定情形下成立。The objection is partly valid, but my core position remains the same. It only holds under certain conditions or in certain cases.",批評部分成立，但我的立場在公司能夠確保責任尚未釐清歸屬與法律修訂的條件下，若先讓自駕車於道路上發生事故，應由公司承擔賠償責任。,雖然我認為以責任規範為優先原則，但這其實反而降低了效能利益，因為自駕車能夠降低事故發生率與死亡率。,自駕車真的有辦法全面化執行嗎？
2026/04/28 20:52:31,"責任追溯與課責優先 (Accountability First)：若事故發生後無法清楚追溯責任、說明決策依據並進行有效課責，則不應部署。If, after an accident, responsibility cannot be clearly traced, the basis of the decision cannot be explained, and effective accountability cannot be imposed, then deployment should not be allowed.","在 Uber 自駕車事故中，車輛的行為是由多個系統共同決策（感測器、演算法、軟體判斷等），而非單一駕駛者直接控制。事故發生後，若沒有完整的紀錄與說明機制，外界難以理解事故如何發生。
因此，在此類自駕車案例中，企業與監管機構應確保系統具備可追溯的決策紀錄與明確的責任分配機制；若無法達到這些條件，應該不允許其上路部署。只有在責任能被清楚界定與落實的前提下，自駕技術才具有倫理上的正當性。",「把『責任追溯與課責』當成判斷自駕車能否部署的首要考量，看似合理，但它的根本問題是會導致『技術創新的停滯與生命救援的延遲』，因為它忽略（或犧牲了）用路人本可藉由自動化技術獲得的安全保障與生命救贖。」,"限定(Qualify)：批評部分成立，但我的核心立場不變，只是需加上特定條件或在特定情形下成立。The objection is partly valid, but my core position remains the same. It only holds under certain conditions or in certain cases.",批評部分成立，但我的立場在『建立課責機制與黑盒子透明化』條件下仍然能夠成立，因為『課責並非為了阻礙創新，而是為了確保當技術失效時，受害者能獲得公正的對待與賠償，這才是社會接受新技術的信任基礎,"技術普及的延遲： 為了確保法律框架與責任歸屬清晰，自駕車的全面部署時間會被迫延後。
•機會成本的損失： 在等待法律與課責機制完善的這段「過渡期」內，原本可以透過自駕技術避免的人為車禍（如疲勞駕駛、酒駕）仍會持續發生。
補償與減緩方式： * 建立專門的保險基金： 在法律責任尚未完全釐清前，透過類似「無過失補償基金」的方式，先確保事故受害者能第一時間獲得醫療與生活保障。",
2026/04/28 20:52:58,"責任追溯與課責優先 (Accountability First)：若事故發生後無法清楚追溯責任、說明決策依據並進行有效課責，則不應部署。If, after an accident, responsibility cannot be clearly traced, the basis of the decision cannot be explained, and effective accountability cannot be imposed, then deployment should not be allowed.","P1：在 Uber 自駕車事故案例中系統雖然偵測到了路人，但是因為分類邏輯錯誤且為了減少誤報而延遲了煞車反應，同時這時候車內的測試員分心未能及時介入。這顯示出在事故發生時，決策邏輯有一點黑箱，而且開發者和測試員與作業系統之間的責任邊界模糊，導致難以即時釐清誰該為此生命損失負起責任。

P2：我主張責任追溯與課責優先應作為首要考量。核心價值在於維護人的主體性與社會公正。在倫理中任何具有傷害能力的系統如果缺乏明確的課責機制，就會導致責任缺口。如果受害者無法獲得一個合理的決策解釋，也無法在體制內找到負責的對象，這等同於將人命視為技術演進過程中的隨機損耗，嚴重違背了公正原則

C：根據上述事實與規範Uber在無法保證決策邏輯透明化和建立明確的法律責任分擔架構前，不應該在公共道路上進行部署。開發者必須預先設計出一套可追蹤的責任歸屬，確保每一步 AI 決策都有相對應的單位負責，否則不具備部e署的正當性。",把責任追溯與課責優先當成判斷自駕車能否部署的首要考量，看似合理但它的根本問題是可能導致技術發展的僵局與社會福利的損失，因為它忽略了在追求完美課責體系的過程中，可能會犧牲掉能立即透過降低酒駕、疲勞駕駛來拯救更多生命的技術進步。 如果過度強調法律責任的釐清，可能會讓開發者有可能會害怕法律訴訟而停止測試，反而讓社會持續承擔人為駕駛所導致的高額死傷率。,"限定(Qualify)：批評部分成立，但我的核心立場不變，只是需加上特定條件或在特定情形下成立。The objection is partly valid, but my core position remains the same. It only holds under certain conditions or in certain cases.",批評部分成立，但我的立場在建立動態課責框架與強制性保險機制條件下仍然能成立，因為課責優先並不代表追求零失誤，而是強調失誤發生後的制度性回應。若能透過技術標準化和法律的責任歸屬，就可以在不扼殺創新的前提下保障受害者的基本權益，確保技術部署是建立在社會契約的共識之上。,最主要的代價是技術開發的高額成本與部署時程的延宕，技術研發公司承擔，我認為值得,
2026/04/28 20:55:56,"一般用路人風險保護優先 (Road User Protection First)：自駕車的研發與測試風險，不應主要由行人、騎乘者與其他一般用路人承擔。The risks of developing and testing self-driving cars should not fall mainly on pedestrians, cyclists, and other road users.","P1（事實）：Uber 自駕車公司到沒有禁止自駕車的城市測試自家的自駕車，結果自駕車判斷錯誤加上測試駕駛員沒有好好監管導致裝死一位橫跨馬路的行人。
P2（規範）：我主張一般用路人風險保護優先，該原則的核心價值是把人命視為第一考量。
C（結論）：根據 P1 和 P2，在這類自駕車案例中，開發自駕車的公司與政府不應該開放技術不夠成熟的自駕車直接在一般道路上測試。",把一般用路人風險保護優先當成判斷自駕車能否部署的首要考量，看似合理，但它的根本問題是要是自駕車都不能上路測試，那這門技術很難被推出，更別說是壓到很低的失誤率了，它犧牲了自駕車研發出來的時間快慢，以及自駕車的便利性,"堅持(Defend)：批評不成立，我的立場完全不變，我能說明為什麼。The objection fails. My position does not change, and I can explain why.",批評不成立，因為要測試自駕車可以公司自己買下空地做測試，並用擬真的假人讓它移動來模仿真人或人加車等各種突發情況，有很多種測試模擬實際道路狀況的方法，完全可以不用這麼早就讓不成熟的測試車上路，而導致犧牲行人的生命,代價是自駕車開發公司的賣車利益會被延後，還有政府因此相關的稅收收入，我認為這個代價完全值得付出,萬一是人自己去撞自駕車，而自駕車自己也沒有偵測到而煞車（判斷失誤）甚至還加速行駛中的話，肇責要歸屬誰？
2026/04/28 20:56:29,"一般用路人風險保護優先 (Road User Protection First)：自駕車的研發與測試風險，不應主要由行人、騎乘者與其他一般用路人承擔。The risks of developing and testing self-driving cars should not fall mainly on pedestrians, cyclists, and other road users.",我認為研發企業與一般用路人間存在明顯的風險與獲益不對等事實，應優先採納「一般用路人風險保護原則」，其核心價值在於捍衛個體自主權與不傷害原則，強調任何人都不應在未經知情同意的情況下，被當作科技進步的實驗成本，因此，開發商與監管機構在未能證明技術對第三方用路人的風險低於人類駕駛基準前，不應將未成熟系統部署於開放道路，且必須確保研發風險由獲益者承擔，而非轉嫁給無權選擇的弱勢路人。,把一般用路人風險保護優先當成判斷自駕車能否部署的首要考量，看似合理，但它的根本問題是過度僵化的道德潔癖，因為它忽略了延遲技術普及所造成的持續性人為傷亡，並犧牲了透過大規模實測來達成長期公共安全的機會。,"限定(Qualify)：批評部分成立，但我的核心立場不變，只是需加上特定條件或在特定情形下成立。The objection is partly valid, but my core position remains the same. It only holds under certain conditions or in certain cases.","批評部分成立，但我的立場在必須將技術風險量化並建立強制性風險分擔機制的條件下仍然能成立，因為一般用路人風險保護的核心並非追求零風險，而是追求風險承擔與決策權的對等。
雖然最強主張指出了延遲技術可能導致人為傷亡持續，但這不能成為強迫無辜路人非自願擔任實驗對象的藉口；因此，只要開發商能透過封閉測試證明其安全性顯著優於人類駕駛，並輔以高額的無過失賠償與透明的資訊揭露，就能在尊重個體權利的基礎上，有正當性地推進技術發展。",這項選擇的主要代價是研發進程的延遲與空窗期的人為傷亡。這份代價由原本能受惠於自駕技術的潛在受益者與面臨高昂研發成本的開發商共同承擔；但我認為這份代價是值得付出的，只有建立在「知情同意」與「公平風險分擔」基礎上的技術進步，才能避免社會契約崩潰並贏得大眾對新科技的長遠信任，而這份延遲的遺憾應透過加強現有車輛主動安全系統與優化模擬測試環境來補償，以確保安全保障不至於演變成技術發展的全面停滯。,"「數據上的更安全」是否真的能對等替換「道德上的可接受性」？
即使統計證明自駕車能減少大部分的事故，但剩下的卻是死於冰冷的程式邏輯而非人為判斷。這種將「生命機率化」的過程，讓我不禁困惑，當科技將某些人視為「進步過程中必然的餘數」時，即便數據再亮眼，我們是否真的能在倫理上賦予這種系統奪取生命的權力？"
2026/04/28 21:06:42,"責任追溯與課責優先 (Accountability First)：若事故發生後無法清楚追溯責任、說明決策依據並進行有效課責，則不應部署。If, after an accident, responsibility cannot be clearly traced, the basis of the decision cannot be explained, and effective accountability cannot be imposed, then deployment should not be allowed.","P1：事實上，當事故發生時，系統雖偵測到路人，但卻因為演算法的歸類錯誤而未採取避讓。高度複雜的自動化決策，導致傳統的交通法律難以界定責任歸屬，是軟體工程師、演算法模型、還是監控駕駛的責任？缺乏明確的課責機制，技術失誤將演變成法律與道德上的真空狀態。
P2：我主張責任追溯與課責優先。該原則核心價值在於行為主體的透明性與正當程序。在倫理規範中，任何技術的部署必須建立在誰行動，誰負責的基礎上。如果一個系統在造成損害後，其決策邏輯無法被審計、責任歸屬無法被界定，那麼該技術就剝奪受害者尋求正義的權利。我們不能為了實驗而犧牲法律責任原則。
C：根據上述事實與規範，在尚未建立完善的課責制度前，研發單位不應貿然進行道路的開放測試。
開發商：應提供可被第三方審核的決策紀錄系統，並在事故發生時主動揭露決策鏈。
政府監管部門：應制定針對 AI 決策失靈的專門法律，要求企業承擔過失責任，而非將證明責任轉嫁給無辜受害者。
若技術本身無法做到透明課責，則該類自駕車應被判定為倫理上不具備部署正當性。","把責任追溯與課責當成判斷自駕車能否部署的首要考量，看似合理，但它的根本問題是可能導致技術研發與部署的癱瘓，並在追求程序正義的過程中，變相延長人類駕駛所造成的高傷亡期，因為它忽略（或犧牲了）集體生命的整體安全性。
研發癱瘓：要求每一項 AI 決策都要達到百分之百可解釋或責任歸屬完全明確才能上路，在現有深度學習技術仍具有黑盒子特性的情況下，自駕車可能永遠無法部署。
犧牲整體安全：數據顯示人類駕駛的事故率遠高於成熟的自駕系統。如果因為無法完美課責而拒絕部署，實際上就是讓更多人繼續死於人類駕駛的疏失。","堅持(Defend)：批評不成立，我的立場完全不變，我能說明為什麼。The objection fails. My position does not change, and I can explain why.",批評不成立，因為將統計上的安全性置於課責正義之前，本質上是在瓦解社會對法治的信任」，即便自駕車在數據上更安全，但若發生事故時無法釐清責任歸屬與決策邏輯，將使受害者陷入制度性的權力不對等，這種對人性尊嚴的傷害遠大於技術推遲所帶來的風險。,"代價是技術研發周期的延長以及短期內無法透過自駕技術降低人為車禍傷亡」。這個代價主要由目前的用路人以及「極度依賴新技術提升安全性的群體」來承擔。
這個代價值得付出，因為缺乏課責機制的技術進步只是在沙地上築塔，一旦發生重大爭議，社會對 AI 的集體不信任將導致產業更徹底的崩潰。為了減緩代價，政府與企業應透過「沙盒測試」與「受害者補償基金」來過渡。即便責任判定尚有爭議，也應確保受害者能獲得實質補償，但這不能取代對技術透明度與法律課責的最終要求。",最讓我感到困惑的點在於人類駕駛與 AI 駕駛的責任不對等性。當人類發生過失，我們有完善的法律課責；但當 AI 發生完全相同的失誤時，由於其運算過程是基於大量機率而非意志，傳統法律中的過失概念變得極難對付。如果為了追求完美的課責而導致一個數據上絕對比人類安全的技術被永久禁用，這在道德上是否真的全然正當？我們是否能接受一種不需要人負責、但整體更安全的新型社會契約？
2026/04/28 21:07:14,"責任追溯與課責優先 (Accountability First)：若事故發生後無法清楚追溯責任、說明決策依據並進行有效課責，則不應部署。If, after an accident, responsibility cannot be clearly traced, the basis of the decision cannot be explained, and effective accountability cannot be imposed, then deployment should not be allowed.","P1（事實）

在 Uber self-driving car crash (2018) 中，自駕車撞上行人致死，且事故中系統判斷與人類監控責任不清楚，難以追溯決策來源。

P2（規範）

我主張優先「責任追溯與課責優先」。核心價值是確保自駕系統決策可被解釋、責任可被界定，避免風險無人承擔。若無課責機制，技術即使可能更安全，也缺乏制度正當性。

C（結論）

因此，在責任不清或系統不可追溯的情況下，不應大規模部署自駕車，必須先建立完整事故紀錄與責任分配制度。",此立場可能過度限制技術發展，因為完全透明與清楚責任在複雜AI中難以達成，可能延遲降低整體交通死亡的機會。,"限定(Qualify)：批評部分成立，但我的核心立場不變，只是需加上特定條件或在特定情形下成立。The objection is partly valid, but my core position remains the same. It only holds under certain conditions or in certain cases.",批評部分成立，但在「具備基本可追溯與責任紀錄」的條件下，我的立場仍成立，因為課責不需要完全透明，只要能合理追責與修正系統即可。,部署速度會變慢、成本增加，但換來的是風險不會無人負責，整體仍是必要的制度交換。,
2026/04/28 21:07:45,"效益優先 (Benefit First)：只要長期能顯著降低整體交通死傷，自駕車部署就可被接受。If self-driving cars can significantly reduce overall traffic injuries and deaths in the long run, their deployment can be justified.","P1：
Uber事故雖然引發關注,但當人駕駛時因為疲勞或分心導致的事故率其實更高。自駕系統具備一個人無法企及的優勢,那就是只要程式修正了一個錯誤,全球所有同款車輛的安全性都會立刻同步提升,這種擴展性讓交通安全能從數據中不斷進步
P2：
主張效益優先,核心價值在於極大化公共安全。如果為了追求一個不存在的零風險系統而延後使用,實際上就是默許更多人繼續死於可避免的人為疏失。在倫理上，有義務選擇那條能讓最多人活下來的路，而非因單一技術事故而不去使用
C：
只要自駕車的平均事故率低於人類,政府就具備正當性准許部署。但這不代表免責,廠商必須確保每一次的系統故障都能轉化為公開的優化數據,讓局部的技術代價轉變為社會整體的安全紅利,這樣才能真正落實效益主義的目標","把效益優先當成判斷自駕車能否部署的首要考量,看似合理,但它的根本問題是將人的生命簡化成了統計學上的數據,因為犧牲了無辜用路人[不被他人拿來做實驗]的消極權利","限定(Qualify)：批評部分成立，但我的核心立場不變，只是需加上特定條件或在特定情形下成立。The objection is partly valid, but my core position remains the same. It only holds under certain conditions or in certain cases.","批評部分成立,但我的立場在確保系統安全性已超越人類標準,並擁有完善補償條件下仍然能成立,因為如果為了追求絕對的個體正義而停下研發,實質上是在犧牲那些原本可以被技術救活的、許多死於人為疏失的受害者。應該將受害者視為技術進步的[利益受損者]並給予合適補償與法律正義,而非只當作數據","被自駕車撞死成為數據的路人。道路使用者。可以給受害者賠償，或讓駕駛者開著自駕車時,也隨時注意路況,可以隨時接手",
2026/04/28 21:11:18,"效益優先 (Benefit First)：只要長期能顯著降低整體交通死傷，自駕車部署就可被接受。If self-driving cars can significantly reduce overall traffic injuries and deaths in the long run, their deployment can be justified.",Uber自駕車能夠在授權的情況下，於公共道路上自主行駛並做出即時駕駛決策，這代表部署這類AI系統是有風險的。「效益優先」的核心價值在於，評估自駕車是否應部署時，應以其對整體社會造成的長期淨效益為首要標準。根據統計，人為駕駛每年造成大量死傷，且約94%源於人為疏失。若自駕車技術長期能顯著降低這類系統性錯誤，則即使在發展過程中發生個別事故，部署仍具道德上的可辯護性。監管機構應建立漸進式部署框架，確保技術持續改進的同時，整體死傷數確實下降。,把「效益優先」作為判斷自駕車能否部署的首要考量，看似合理，但其根本問題是當自駕車在公共道路測試期間發生事故時，承擔風險的是毫不知情的一般路人，而非選擇使用該技術的乘客或開發商。這只是將技術實驗的代價從開發商轉嫁給無辜第三方，讓路人為企業的技術迭代付出生命，而沒有解決風險分配不公平的問題。,"限定(Qualify)：批評部分成立，但我的核心立場不變，只是需加上特定條件或在特定情形下成立。The objection is partly valid, but my core position remains the same. It only holds under certain conditions or in certain cases.",批評部分成立，因為純粹的效益計算確實可能在結構上使一般路人的個別權利被稀釋。但我認為這不足以推翻效益優先的核心立場，而是應該加上條件：開發商必須同時建立透明的風險告知與監管機制，確保部署過程有公眾監督的管道，而非單方面以「未來會更安全」為由強行上路。在此條件下，效益優先仍是最合理的首要考量。,「效益優先」的代價就是在技術尚未成熟的過渡期間，個別事故中的受害者將成為整體效益提升過程中的犧牲者。這個代價在監管機構確實執行漸進式部署標準、且長期數據顯示整體死傷確實持續下降的情況下值得付出，因為透過嚴格的監管審查，能夠過濾掉技術不成熟階段的不當部署決策。,
2026/04/28 21:13:48,"一般用路人風險保護優先 (Road User Protection First)：自駕車的研發與測試風險，不應主要由行人、騎乘者與其他一般用路人承擔。The risks of developing and testing self-driving cars should not fall mainly on pedestrians, cyclists, and other road users.","P1: 在 Uber 事故中，自駕系統雖偵測到行人，但因分類錯誤與避障系統被關閉而未採取行動；同時，車內的安全操作員因分心而未能介入。事故發生後，出現了複雜的課責困境：究竟該歸咎於演算法設計、硬體配置、車內人員的疏失，還是監管機關的監督不利
P2: 責任追溯與課責優先原則作為首要考量的核心價值在於維持正義的完整性與對自主權的尊重。之所以優先實現此價值，是因為自動化系統本身並不具備道德主體性，若其行為結果無法回溯至人類組織（如企業、開發設計者、政策制定者），則技術將會演變成一種規避責任的工具
C: Uber 及相關監管機關不應在缺乏明確課責機制與可解釋系統的前提下進行開放道路測試。Uber 必須證明其系統具備足夠的決策透明度或提供黑盒子紀錄與解碼，且政府應制定明確的法律框架，預先界定技術失敗時的法律歸屬，否則直接進行道路測試違背道德正當性",把責任追溯與課責優先當成判斷自駕車能否部署的首要考量，看似合理，但它的根本問題是它只解決了“事後”的法律正義，卻無法在事前阻止生命的消逝，因為它忽略了道路上風險分配的極度不對等，受害者（一般用路人）往往是未共享技術利益卻承擔最高死亡風險的群體,"限定(Qualify)：批評部分成立，但我的核心立場不變，只是需加上特定條件或在特定情形下成立。The objection is partly valid, but my core position remains the same. It only holds under certain conditions or in certain cases.",批評部分成立，但我的立場在 “技術尚未成熟且缺乏專用基礎訓練設施”的條件下仍然能成立，因為在人類與 AI 並存的交通混亂階段，模糊的責任歸屬會導致企業為了加快進程而貿然進行實驗,"1. 付出的代價是什麼？
為了建立完整的課責機制與可解釋性，開發成本將大幅提高，產品上市時間會推遲；需要大量專家證人與技術鑑定資源來處理“演算法責任”的訴訟。
2. 誰會因此承擔？
自駕車企業： 需承擔極高的保險費與潛在的鉅額罰款。
3. 代價值得？如何減緩？
我認為這個代價值得付出。因為「不負責任的技術」所帶來的社會恐懼與對制度的不信任，其長期損害遠超短期技術紅利。
減緩代價的方式：在特定高精地圖區域或專用車道內，適度放寬課責門檻，鼓勵企業在較低風險的環境下測試創新演算法，降低對一般用路人的意外風險。",
2026/04/28 21:22:13,"責任追溯與課責優先 (Accountability First)：若事故發生後無法清楚追溯責任、說明決策依據並進行有效課責，則不應部署。If, after an accident, responsibility cannot be clearly traced, the basis of the decision cannot be explained, and effective accountability cannot be imposed, then deployment should not be allowed.","當高度自動化系統介入駕駛時，行為與法律責任之間的界線變得模糊，一旦發生傷亡，受害者將面臨無法追究責任的法律真空。
我主張「責任追溯與課責優先」應作為首要考量，核心價值在於正義的程序性與透明性，任何技術進入公共區域時，必須具備可被審核的決策依據，確保在傷害發生時，能夠透過明確的課責機制來保障人權與法律權益。
在責任追溯機制尚未完善前，監管機構不應該允許自駕車進行大規模部署，開發廠商有義務提供具備可解釋的 AI 決策邏輯，並建立詳盡的事件數據紀錄。",把責任追溯與課責優先當成判斷自駕車能否部署的首要考量，看似合理，但它的根本問題是過於嚴苛的責任歸屬要求將會扼殺技術進步與公共利益，因為它忽略（或犧牲了）自駕車在整體交通安全上能帶來顯著降低傷亡率。,"修正(Revise)：批評很可能成立，我的核心立場會有很大調整，即使整體方向不變。The objection is likely valid, so my core position needs major revision, even if its overall direction remains the same.",批評很可能成立，我需要調整對課責要求的具體形式，但整體方向仍是堅持建立可追溯的責任架構，因為如果缺乏基本的法律正義，任何技術的推廣最終都會因公眾的反彈與法律糾紛而陷入更大的停止。,"是自駕技術部署的延遲與研發成本的增加，這項代價主要由開發廠商與潛在受益的公眾承擔。
我認為這個代價是值得付出的，因為在缺乏課責機制的社會，任何因技術失誤導致的生命犧牲都可能變成法律控制的法律與道德危機",事故的降低率和責任歸屬的衝突讓我感到困惑。
2026/04/28 21:30:50,"一般用路人風險保護優先 (Road User Protection First)：自駕車的研發與測試風險，不應主要由行人、騎乘者與其他一般用路人承擔。The risks of developing and testing self-driving cars should not fall mainly on pedestrians, cyclists, and other road users.","從 Uber 自駕車撞死行人的事件中可以看出一個很殘酷的事實，就是在現階段的測試和部署中，承擔最大實質傷害風險的往往是走在路上的行人或腳踏車騎士，而不是坐在車裡的人或開發系統的公司。我認為保護這些一般用路人應該是最優先的原則，這背後的核心價值在於公平性以及對生命基本權利的尊重。
科技公司研發自駕車是為了未來的商業利益，而測試乘客也是有意識地參與，但一般路人並沒有點頭同意要成為這場科技實驗的白老鼠。所以在自駕車系統無法證明自己能將外部風險降到極低之前，就不應該把研發的代價強加在毫無防備的無辜民眾身上。",把保護一般用路人免受風險當成判斷自駕車能否部署的首要考量，看似合理，但它的根本問題是會嚴重阻礙甚至扼殺自動駕駛技術的發展，因為它忽略了透過真實道路測試才能快速完善系統，進而在未來大幅減少整體人類酒駕或疲勞駕駛所造成的大量死傷。,"限定(Qualify)：批評部分成立，但我的核心立場不變，只是需加上特定條件或在特定情形下成立。The objection is partly valid, but my core position remains the same. It only holds under certain conditions or in certain cases.",批評部分成立，但我的立場在科技公司願意投入更高成本建立封閉且非常你真的測試場這個條件下仍然能成立，因為我們不能為了一個尚未實現的「未來整體交通安全」，就理所當然地拿現在街上行人的生命去換取數據。,"堅持優先保護路人，最直接的代價就是自駕車的普及時間會被大幅往後延，而且科技公司的研發成本會暴增，連帶使得未來的自駕服務變得非常昂貴。
這個代價主要是由想賺錢的科技巨頭，以及期待早日享用科技便利的大眾來承擔。但我認為這絕對值得，因為科技進步不該建立在剝奪他人安全的前提上。如果想要減緩這個代價，政府或許可以介入，提供更大規模的無人模擬城鎮讓廠商去測試，這樣既能收集真實數據，又不用拿真人的人命來賭。",我其實一直在想一個比較極端的狀況，如果十年後的數據真的證明，全面換成自駕車可以讓每年的車禍死亡人數減少百分之九十，但剩下的那百分之十，都是像 Uber 案這樣，系統遇到邊緣情境突然死機去撞到無辜路人。面對這種情況，我們到底該為了那百分之九十的整體效益而覺得系統好棒棒，還是要為那百分之十原本根本不該死卻被演算法殺死的人感到憤怒？這種整體冰冷數據和個體活生生人命之間的拉扯，是我目前覺得最無解的地方。
2026/04/28 21:38:30,"一般用路人風險保護優先 (Road User Protection First)：自駕車的研發與測試風險，不應主要由行人、騎乘者與其他一般用路人承擔。The risks of developing and testing self-driving cars should not fall mainly on pedestrians, cyclists, and other road users.","P1: 在2018年的Uber自駕車事故中，受害者是一名普通行人，她在過馬路時被一輛處於測試階段的自駕車撞死。這輛車的感測系統雖然偵測到她，但未能及時做出正確判斷。這套系統尚未達到可靠的安全標準，卻已被部署於真實的公共道路上，讓不知情的市民暴露在技術缺陷的風險之中。

P2: 一般用路人風險保護應作為首要原則，其核心價值是知情同意與公平風險分配。一項技術的測試風險，應由選擇參與的人承擔，而非強加給毫不知情的第三方。從義務論角度看，將他人當作技術進步的工具而不給予保護，違反了對人的基本尊重。科技公司有義務確保技術在受控環境中達到安全門檻，才有資格進入公共空間。

C: 在技術尚未成熟、無法保障行人安全的情況下，不應將測試車輛部署於公共道路，監管機構應制定明確的安全標準，只有通過驗證後才允許上路，保護無辜用路人的安全，優先於追求技術進步的速度。",把一般用路人風險保護當成判斷自駕車能否部署的首要考量看似合理，但它的根本問題是過於保守，忽視了整體社會的長期利益，因為它犧牲了每年因人為駕駛失誤而死亡的無數潛在受害者。,"限定(Qualify)：批評部分成立，但我的核心立場不變，只是需加上特定條件或在特定情形下成立。The objection is partly valid, but my core position remains the same. It only holds under certain conditions or in certain cases.",批評部分成立，但我的立場在自駕車技術尚未達到可驗證安全標準的條件下仍然能成立，因為即使長期效益可期待，也不能以當下無辜用路人的生命安全作為換取未來利益的代價。,"自駕車公司（研發時程拉長、成本增加）

未來可能因人為駕駛失誤而死亡的潛在受害者

我認為值得，但可以透過其他方式減緩：
政府可以建立封閉測試區、模擬環境、分階段上路制度，讓技術在不犧牲無辜市民的前提下持續進步。
這樣既保護了當下的用路人，也不完全阻礙技術發展。","如果要求自駕車達到安全標準才能上路，那這個標準是比人類駕駛更安全就夠了，還是需要近乎零失誤？若標準定得太高，技術可能永遠無法上路；若定得太低，又可能重複 Uber 的事故。
這讓我不確定保護優先在實踐上是否真的可操作，還是只是一個聽起來合理、卻難以執行的原則？
另外我也對以下問題感到困惑：當自駕車的決策是由演算法做出時，責任究竟應該落在工程師、公司、還是監管機構身上？這種模糊性，讓我覺得即使有保護原則，現實中也很難落實。"
2026/04/28 21:38:51,"一般用路人風險保護優先 (Road User Protection First)：自駕車的研發與測試風險，不應主要由行人、騎乘者與其他一般用路人承擔。The risks of developing and testing self-driving cars should not fall mainly on pedestrians, cyclists, and other road users.",在自駕車撞死人的事件中，自動駕駛技術被直接放到公共道路上進行測試，此時路上的無辜行人需承擔最大的風險；我主張應規範一般用路人風險保護優先，其核心價值是路人知情、基本生存的權利；政府機關應要求企業在合格的封閉場地進行測試，或是在路人簽有同意書的情況下進行開發,把一般用路人風險保護優先當成自駕車能否部署的首要考量，雖看似合理，其根本問題是自駕系統需要真實的道路環境、資訊進行訓練，過度的限制資料來源可能導致自駕系統無法及時應對緊急情況，造成未來的更多傷亡,"限定(Qualify)：批評部分成立，但我的核心立場不變，只是需加上特定條件或在特定情形下成立。The objection is partly valid, but my core position remains the same. It only holds under certain conditions or in certain cases.",批評部分成立，但我的立場在自駕技術尚無法由超算中心進行統籌調度的條件下仍然成立，因為單靠車輛單靠內建的感測器、單機算力在充滿複雜決策的道路環境中可信度不高，現階段仍應以人類為主，自駕為輔的方式駕車,以人類為主自駕為輔必定會使全自動駕駛的普及時代大幅推遲，而社會在這段時間內須承受人類駕駛的各種失誤所造成的傷亡，雖然短時間內看起來沒有好處，但是若有辦法將基礎建設完善，事故率將大幅降低，當然這是面向未來的希望，真正要實行還要很長一段時間,不知道甚麼時候會有網路延遲、硬體算力上的科技突破
2026/04/28 21:41:11,"一般用路人風險保護優先 (Road User Protection First)：自駕車的研發與測試風險，不應主要由行人、騎乘者與其他一般用路人承擔。The risks of developing and testing self-driving cars should not fall mainly on pedestrians, cyclists, and other road users.","P1: 系統偵測物體因軟體設定與安全駕駛員分心，使車輛未即時煞住
P2: 技術進步效益不應建立在剝奪他人不被傷沆的權力之上
C: 公司監管不應在未能證明其事故風險明顯低於人類駕駛平的平均風險",將用路人風險保護優先當首要考量，看似合理，但根本問題會是進步停滯的悖論，因為它忽略人類駕駛也會有事故風險，而那些風險所造成的生命損失,"限定(Qualify)：批評部分成立，但我的核心立場不變，只是需加上特定條件或在特定情形下成立。The objection is partly valid, but my core position remains the same. It only holds under certain conditions or in certain cases.",批評部分成立，在風險不對稱性條件仍成立，因自駕車未來也許會更安全，但測試階段風險是企業獲利非無辜路人承擔。可以不需要零風險但需要有透明的補償機制,研發速度降低，測試也是一種成本,安全門檻到底要如何具象化
2026/04/28 21:48:57,"一般用路人風險保護優先 (Road User Protection First)：自駕車的研發與測試風險，不應主要由行人、騎乘者與其他一般用路人承擔。The risks of developing and testing self-driving cars should not fall mainly on pedestrians, cyclists, and other road users.","P1（事實）：
在 Uber 自駕車事故中，受害者是一名一般用路人。當時 Uber 的自駕系統處於測試階段，並未能在複雜環境中精確辨識行人，且人類安全員未能及時介入。這些一般用路人在使用公共道路時，並未簽署知情同意書，卻被迫承擔了潛在風險。

P2（規範）：
我主張「一般用路人風險保護優先」應作為首要原則。其核心價值在於「分配正義」與「不傷害原則」。公共道路是社會公眾共享的基礎設施，個人的生命權與身體完整性不應為了整體利益而被隨意犧牲。企業在研發具風險的新技術時，不能將研發成本轉嫁給不知情且未獲益的第三方。

C（結論）：
根據 P1 與 P2，科技研發公司在未證明其自駕系統的安全性顯著優於人類駕駛前，不應在公共道路上進行無差別測試。政府監管部門應強制要求企業在封閉場域內完成足夠的風險評估，並在確保不增加一般用路人額外風險的前提下，才給予部署執照。",把一般用路人風險保護優先當成判斷自駕車能否部署的首要考量，看似合理，但它的根本問題是過度保守的風險規避會導致『研發遲滯』，因為它忽略了人類駕駛本身極高的事故率所造成的現存傷亡。如果為了極致保護測試期間的少數路人，而無限期延遲自駕技術的普及，實質上等同於讓成千上萬的人在未來繼續死於人類駕駛的疲勞、酒駕或失誤中，這在結果論上反而造成了更大的生命損失。,"限定(Qualify)：批評部分成立，但我的核心立場不變，只是需加上特定條件或在特定情形下成立。The objection is partly valid, but my core position remains the same. It only holds under certain conditions or in certain cases.",批評部分成立，但我的立場在『嚴格監控與透明化測試』條件下仍然能成立。因為雖然我認同自駕車最終能帶來整體的安全效益，但過程同樣重要。政府不應全面禁止測試，但必須建立一套比現行更嚴苛的動態補償機制與安全准入門檻，以確保技術進步的代價不會由行人來承擔。,這項選擇的主要代價是技術普及的速度變慢，以及研發成本的大幅上升。這些代價將由自駕車開發企業以及未來的潛在受益者來承擔。我認為這個代價是值得付出的。因為公眾對 AI 技術的信任是技術落地的基礎。如果透過犧牲路人生命來加速研發，一旦發生重大事故引發民怨，可能會導致更長期的社會抵制與法規封殺。我們可以透過加強數位孿生技術或在特定實驗專區測試來減緩這項代價。,無困惑
2026/04/28 21:50:25,"責任追溯與課責優先 (Accountability First)：若事故發生後無法清楚追溯責任、說明決策依據並進行有效課責，則不應部署。If, after an accident, responsibility cannot be clearly traced, the basis of the decision cannot be explained, and effective accountability cannot be imposed, then deployment should not be allowed.","P1:
在 Uber 自駕車事故中，系統已偵測到行人但判斷錯誤，且緊急煞車被停用；同時測試駕駛未專心監看，道路測試也在已有風險警示下仍持續進行。事故涉及技術、監督與管理多層失誤，且事後責任難以明確歸屬，呈現出「責任缺口」問題。
P2:
我主張「責任追溯與課責優先」
其核心價值是正當性與可問責性，任何會對他人造成風險的技術，都必須能清楚說明「誰決策、依據是什麼、出事誰負責」。
C:
在此類自駕車案例中，若系統尚無法建立清楚的責任歸屬與課責機制時，就不應進行公共道路部署；企業與開發者應先完善可追責的制度，再考慮上路測試。",把「責任追溯與課責優先」當成判斷自駕車能否部署的首要考量，看似合理，但它的根本問題是過度提高部署門檻，反而可能阻礙技術發展與整體安全提升，因為它忽略了課責機制本身需要透過實際部署與案例累積才能逐步完善。,"限定(Qualify)：批評部分成立，但我的核心立場不變，只是需加上特定條件或在特定情形下成立。The objection is partly valid, but my core position remains the same. It only holds under certain conditions or in certain cases.",批評部分成立，但我的立場在具備基本可追責機制的條件下仍然成立，因為即使課責制度需要透過實務逐步完善，也不能在完全無法追責的情況下就將風險轉嫁給一般用路人。,選擇「責任追溯與課責優先」的代價是，可能延緩自駕車技術的發展與普及，使社會在短期內仍需接受人類駕駛所造成的交通事故風險。這個代價會由整體社會承擔。我認為這個代價在一定程度上是值得的，因為若在缺乏課責機制下直接部署，風險會不公平地落在無法選擇承擔風險的用路人身上。,
2026/04/28 21:59:25,"一般用路人風險保護優先 (Road User Protection First)：自駕車的研發與測試風險，不應主要由行人、騎乘者與其他一般用路人承擔。The risks of developing and testing self-driving cars should not fall mainly on pedestrians, cyclists, and other road users.","P1
在 Uber 自駕車事故 中，測試中的自駕車在公共道路上行駛時撞死行人。此案例顯示，自駕技術在尚未成熟的情況下上路，風險會直接轉嫁給無法選擇是否參與測試的一般用路人ex:路上的行人、騎士。此外，這些人既沒有同意承擔風險，也無法有效預防或控制風險。
P2
我主張一般用路人風險保護優先應作為首要原則，其核心價值是維護基本的生命安全權，避免將風險強加於無辜者。相較於技術發展的效率或整體效益，保障未參與決策者的安全具有更高的道德優先性，因為這涉及對他人基本權利的尊重，而不是單純的成本效益衡量。
C
基於上述事實與原則，自駕車公司與監管機構在技術尚未達到高度安全標準前，不應將測試風險轉嫁給一般用路人。具體而言，應限制其在開放道路上的測試範圍，或採取更嚴格的安全措施，像是封閉場域測試。只有在證明其風險不高於人類駕駛的合理基準時，才具有倫理上可接受的部署正當性。","把一般用路人風險保護優先當成判斷自駕車能否部署的首要考量，看似合理，但它的根本問題是過度強調零風險或個別風險的不轉嫁，因為它忽略整體社會長期的安全效益與技術進步所能挽救的更多生命。
具體而言，如果要求在完全不影響一般用路人的前提下才允許上路測試，將使自駕技術幾乎無法在真實環境中驗證與改進，進而延緩甚至阻礙其發展。然而，人類駕駛本身就持續造成大量交通事故與死亡，若自駕車最終能顯著降低事故率，那麼短期內承擔一定程度的公共風險，反而可能在長期上拯救更多生命。因此，單純強調不讓無辜者承擔風險，可能在結果上導致更大的整體傷害，反而違背了保護生命的初衷。","堅持(Defend)：批評不成立，我的立場完全不變，我能說明為什麼。The objection fails. My position does not change, and I can explain why.",批評不成立，因為它錯誤地將避免把風險強加於無辜者理解為要求零風險，而忽略了倫理上對風險分配正當性的基本要求。我的立場並非否定自駕技術發展，而是主張即使在追求整體效益的過程中，也不能以未經同意的一般用路人作為主要風險承擔者。即使自駕車可能在長期降低事故率，也不代表可以在過渡期間正當化對無辜者的風險轉嫁。整體效益的提升不能凌駕於基本權利保障之上；只有在風險被合理控制，且不以一般用路人為主要承擔對象時，自駕車的部署才具有倫理正當性。因此，我的立場仍維持不變。,優先保護一般用路人可能一定程度會延緩自駕技術發展並由企業與社會共同承擔成本，但為避免將風險強加於無辜者這是值得的，且可透過模擬測試、封閉場域與補償機制來減輕影響,駕車要安全到什麼程度，才可以合理地進入公共道路進行測試或部署。
2026/04/28 22:01:08,"效益優先 (Benefit First)：只要長期能顯著降低整體交通死傷，自駕車部署就可被接受。If self-driving cars can significantly reduce overall traffic injuries and deaths in the long run, their deployment can be justified.","P1:目前多數交通事故是由人類疲勞駕駛、分心或酒駕等造成，而自駕車系統可以避免這些明顯是人為的錯誤，雖然在發展初期仍可能發生事故，但若技術成熟，自駕車有潛力在長期大幅降低整體交通事故與死亡人數。
P2:我主張應優先採取效益優先原則，核心價值是最大化整體社會福祉，評估時以是否能在長期帶來最大的整體利益作為主要判準高於關注短期個案風險，而明顯人類造成的交通事故是需優先解決的問題。
C:結論是即使自駕車在發展過程中可能造成部分事故，只要在合理風險控管下長期能顯著降低整體交通死傷，政府仍應允許自駕車的逐步測試，同時，企業與監管機關應持續改善技術、降低風險，確保整體效益能真正實現。",把效益優先當成判斷自駕車能否部署的首要考量，看似合理，但它的根本問題是把整體利益最大化當成唯一標準，因為它忽略了個體不應在未同意的情況下，被當作技術發展過程中的必要犧牲，這不是正當化造成少數人傷害的理由。,"修正(Revise)：批評很可能成立，我的核心立場會有很大調整，即使整體方向不變。The objection is likely valid, so my core position needs major revision, even if its overall direction remains the same.",批評很可能成立，我需要部分調整效益優先原則的立場，但整體方向仍是重視長期整體利益，因為擔心目前的嚴重交通問題讓我急於希望總體效益最大化，忽略了個體在未同意情況下承擔風險的問題，我修正為效益優先但同時需具備最低風險保障條件，例如不能讓一般用路人承擔過高的風險，並需確保測試環境與部署方式已將傷害機率降到最低，我不再以效益作為唯一標準。,"選擇修正立場，代價是自駕車的發展與部署速度可能會變慢，企業需要投入更多成本來進行測試與風險控管，甚至可能延後技術帶來的整體效益，例如交通事故下降。
這個代價主要由企業與整體社會承擔，包含創新速度降低、效益延後實現。
我認為這個代價是值得的，因為若忽略個體權利，即使整體效益再高也會削弱制度的正當性，我認為可以透過分階段測試與嚴格監管機制來減緩這種成本。",
2026/04/28 22:14:45,"一般用路人風險保護優先 (Road User Protection First)：自駕車的研發與測試風險，不應主要由行人、騎乘者與其他一般用路人承擔。The risks of developing and testing self-driving cars should not fall mainly on pedestrians, cyclists, and other road users.","P1（事實）： 在 Uber 事故中，受害者並非自願參與測試，且在現有交通環境中，相對於受保護的車內人員，弱勢用路人面對自駕系統故障時幾乎沒有防禦能力
P2（規範）： 我主張一般用路人風險保護優先。該原則的核心價值在於正義與不傷害原則，我們不能為了少數企業的技術研發利益，或尚未實現的未來安全願景，而強迫無辜的第三方承擔致命風險。
C（結論）： 根據上述事實與規範，在自駕車測試階段，開發者與政府應優先確保環境中行人與騎士的安全，若無法證明系統對外在用路人的風險低於人類駕駛，則不應在公共道路進行無限制的部署。",把一般用路人風險保護優先當成判斷自駕車能否部署的首要考量，看似合理，但它的根本問題是過度保守導致的集體利益損失，因為它忽略了延遲部署自駕技術所造成的可預見死亡。,"限定(Qualify)：批評部分成立，但我的核心立場不變，只是需加上特定條件或在特定情形下成立。The objection is partly valid, but my core position remains the same. It only holds under certain conditions or in certain cases.",批評部分成立，但我的立場在公共開放道路測試期條件下仍然能成立，因為研發階段的風險不應由不具備知情同意權的公眾承擔，但隨著技術成熟，我們可以討論如何平衡集體安全與個體風險。,自駕技術的研發進度會變慢，且大規模普及的時間點會往後延，由未來的用路人承擔。因為技術推遲，原本未來可以靠自駕車避免的人為車禍，如酒駕、疲勞駕駛會繼續發生。我認為值得。因為社會不應為了未來的利益，而強迫現在的無辜路人承擔不透明的測試風險。可以透過加強虛擬模擬測試或在封閉場域驗證成熟後再上路，以此降低對研發進度的衝擊。,
2026/04/28 22:17:29,"一般用路人風險保護優先 (Road User Protection First)：自駕車的研發與測試風險，不應主要由行人、騎乘者與其他一般用路人承擔。The risks of developing and testing self-driving cars should not fall mainly on pedestrians, cyclists, and other road users.","P1（事實）
AI 辨識其實還不穩定，像是可能無法正確辨識行人或腳踏車，一般用路人就在不知情的情況被當實驗體。

P2（規範）
我認為應該優先保護一般用路人的安全，生命安全最重要。

C（結論）
在封閉場地測試再上路，而且在上路時要有可以隨時接管的安全駕駛(隨然感覺有點違背自駕車的理念)，確保不會讓人有危險。",把「一定要先保護用路人、幾乎不能有風險」當成最重要的標準，看起來很合理，但問題是這樣可能會讓自駕技術發展變很慢，甚至停住。,"堅持(Defend)：批評不成立，我的立場完全不變，我能說明為什麼。The objection fails. My position does not change, and I can explain why.",「批評不成立，因為造成生命危險是無法挽回的」,"代價是自駕技術會發展比較慢(生命安全最高)

補償:政府可以規劃專屬測試區，測真的沒問題再上路",像橋也是發現承受不住才加強(也一定死過人)，造就未來方便，所以現在與未來如何取捨
2026/04/28 22:25:07,"責任追溯與課責優先 (Accountability First)：若事故發生後無法清楚追溯責任、說明決策依據並進行有效課責，則不應部署。If, after an accident, responsibility cannot be clearly traced, the basis of the decision cannot be explained, and effective accountability cannot be imposed, then deployment should not be allowed.","P1：自駕車具有自主決策的功能、用路人是使用的族群且不具備全部的操控權、當有行車事故時須有責任的歸屬及賠償對應
P2：我主張責任追溯與課責優先，因為在自駕車的行車事故中，應該要具有可以推回責任，讓負責範圍及賠償具有明顯歸屬，不會讓事情無法解決導致有人鑽漏洞的去惡意使用
C：在自駕車具有自主決策的功能下，使用者要有明確的操控權分責以及可以被掌握負責範圍，讓事情得以被歸屬責任，且降低推責情形發生",把責任追溯與課責優先當成判斷自駕車能否部署的首要考量，看似合理，但它的根本問題是實務上可能無法完全落實全部的責任歸屬，而導致產品根本無法推出，因為它忽略將法律風險轉移到製造商上會讓整體需求意願和創新的循環減少，且過於絕對的要求會過度犧牲新型的技術發展可能,"限定(Qualify)：批評部分成立，但我的核心立場不變，只是需加上特定條件或在特定情形下成立。The objection is partly valid, but my core position remains the same. It only holds under certain conditions or in certain cases.",批評部分成立，但我的立場在已具備大部分核心情境的責任歸屬清單，並通過第三方審查條件下仍然能成立，因為如果過少的責任責任歸屬及追溯會無法保證用路人安全，且導致更多不正當操作出現，而如果已有大部分的已歸屬且經過認證，即可在之後進行進一步修正，既可確保新產品推出又有一定的保障,"製造商和用路者都有代價。製造商需進行更長時間的責任歸屬相關功能規劃及製作、認證的時間及金錢付出；用路者會需要在制度及效能剛開始時承擔一部分的責任不清。我覺得是值得承擔的，因為凡事都有一個過渡期，而且不斷的改善和創新過後，會有更舒適的環境
",很難解釋清楚選擇原因
2026/04/28 22:26:35,"一般用路人風險保護優先 (Road User Protection First)：自駕車的研發與測試風險，不應主要由行人、騎乘者與其他一般用路人承擔。The risks of developing and testing self-driving cars should not fall mainly on pedestrians, cyclists, and other road users.","Uber 自駕車事故案例中，測試車輛在公共道路上運行時，周圍的行人、騎士與其他駕駛人並沒有主動同意參與測試，卻可能承擔技術尚未成熟所帶來的風險。這些人無法控制系統設計、測試流程或安全標準，但一旦事故發生，受傷害的往往是他們。
我主張應優先採取「一般用路人風險保護優先」。其核心價值是公平與不傷害原則：不能把企業研發成本與實驗風險，轉嫁給未同意參與的第三人。科技進步固然重要，但不應建立在讓無辜用路人被迫承擔風險之上。
因此，在這類自駕車案例中，企業與政府應先證明系統已達到足夠安全水準，再進行公開道路部署；若安全性不足，就不應讓一般民眾成為測試對象。政府也應建立嚴格監管、透明審查與事故通報制度。",把「一般用路人風險保護優先」當成判斷自駕車能否部署的首要考量，看似合理，但它的根本問題是過度保守可能延緩技術進步，因為它忽略了自駕車長期可能降低大量交通事故與死傷的整體利益。若要求零風險才上路，可能永遠無法真正部署。,"堅持(Defend)：批評不成立，我的立場完全不變，我能說明為什麼。The objection fails. My position does not change, and I can explain why.",批評部分成立，但我的立場在可接受風險與嚴格監督條件下仍然能成立，因為保護一般用路人並不代表禁止創新，而是要求創新不能把最大代價交給無辜者承擔。自駕車仍可先在封閉場域、模擬環境、低風險區域逐步測試，再逐步擴大部署。,"代價是企業研發速度變慢、成本提高，社會也可能較晚享受到自駕車帶來的便利與減少事故效益。主要承擔者是企業投資者、產業發展速度，以及等待新技術的消費者。
我認為這代價值得付出，但可透過政府提供測試專區、研發補助、明確法規標準來減輕成本，讓安全與創新並行。
即使我選擇安全優先，我仍認為科技進步與交通效率提升是重要價值，不應被完全忽視。因此政府與企業應持續投入研發，並向社會清楚說明延後部署的理由與安全成果，讓大眾知道限制不是反對科技，而是為了更負責任地推動科技。",
2026/04/28 22:38:50,"一般用路人風險保護優先 (Road User Protection First)：自駕車的研發與測試風險，不應主要由行人、騎乘者與其他一般用路人承擔。The risks of developing and testing self-driving cars should not fall mainly on pedestrians, cyclists, and other road users.","P1:自駕車研發公司與乘客是其技術開發之獲益者，但一般用路人未參與實驗卻須承擔其風險
P2:主張一般用路人風險保護優先，研發成本與其風險應由其公司承擔，而非轉嫁給用路人
C:研發商應該在開放道路測試前進行封閉場地的高強度測試",把一般用路人優先當成判斷自駕車能否部署的首要考量，看似合理，但它的根本問題是會導致無人駕駛汽車上路無限期延長，因為它忽略現有駕駛系統中人類駕駛所造成的傷亡。,"限定(Qualify)：批評部分成立，但我的核心立場不變，只是需加上特定條件或在特定情形下成立。The objection is partly valid, but my core position remains the same. It only holds under certain conditions or in certain cases.",批評部分成立，但我的立場在存在法規配套條件下仍然能成立，因為保護弱勢用路人是社會的共識,開發商必須為其所研發的產品進行投保，若出現問題要由開發商承擔。我認為此代價值得。,
2026/04/28 22:41:59,"一般用路人風險保護優先 (Road User Protection First)：自駕車的研發與測試風險，不應主要由行人、騎乘者與其他一般用路人承擔。The risks of developing and testing self-driving cars should not fall mainly on pedestrians, cyclists, and other road users.","P1（事實）：
在 Uber 自駕車事故中，受害者是一般行人，而不是參與測試的工程師或公司人員。這代表目前自駕車技術在開發與測試階段，其風險實際上是被轉嫁到不知情的用路人身上。此外，一般用路人沒有能力選擇是否參與這種「測試」，也無法事先同意承擔風險。
P2（規範）：
我認為應優先採取「一般用路人風險保護優先」原則，其核心價值是公平，也就是不應該把風險強加在沒有同意的人身上。也就是說，人不應在沒有同意的情況下，被迫承擔科技發展帶來的風險。特別是像行人這種相對弱勢的角色，更不應成為實驗成本的一部分，否則會讓科技發展建立在對特定群體的不公平之上。
C（結論）：
因此，在這類案例中，自駕車公司與政府應該限制未成熟技術直接在公共道路上測試，至少要在風險已經被控制在合理範圍內，或有基本安全機制時才能上路，而不是讓一般用路人先承擔可能的傷害。",把「一般用路人風險保護」當成判斷自駕車能否部署的首要考量，看似合理，但它的根本問題是過度保守，可能阻礙技術發展，因為它忽略了自駕車長期可能大幅降低交通事故、拯救更多生命的潛在效益。,"限定(Qualify)：批評部分成立，但我的核心立場不變，只是需加上特定條件或在特定情形下成立。The objection is partly valid, but my core position remains the same. It only holds under certain conditions or in certain cases.",批評部分成立，但我的立場在「風險需被合理控制且透明揭露」的條件下仍然能成立，因為我不是完全反對自駕車上路，而是反對在風險不明或過高時，直接讓一般用路人成為測試對象。只要能證明風險已經低於一定門檻，並且有基本的監管機制，我認為仍可以逐步開放。,"優先保護一般用路人，代表自駕車技術的發展速度可能會變慢，企業需要投入更多時間與成本在測試與驗證上，甚至可能影響產業競爭力。這些成本主要會由公司、投資者，甚至間接由消費者承擔。我認為這個代價是可以接受的，但應該透過政府補助、模擬環境測試（例如封閉場域）、或分階段開放來降低影響，而不是完全阻擋技術發展。
即使我選擇保護一般用路人，我還是覺得「效益優先」的觀點有其吸引力，因為如果自駕車真的能大幅降低事故，那延後部署本身也可能間接造成傷害。因此我認為未來應該在安全與效率之間取得更精細的平衡。",到底要怎麼界定「風險已經夠低可以上路」的標準？因為這個標準如果訂太高，技術很難推進；但訂太低，又可能讓無辜的人承擔不必要的風險。
2026/04/28 22:42:17,"責任追溯與課責優先 (Accountability First)：若事故發生後無法清楚追溯責任、說明決策依據並進行有效課責，則不應部署。If, after an accident, responsibility cannot be clearly traced, the basis of the decision cannot be explained, and effective accountability cannot be imposed, then deployment should not be allowed.","P1：Uber自駕車在測試期間駛於公共道路上卻因系統判斷失誤導致行人死亡，事後沒有人在刑事層面被明確追究，在制度上沒有留下有人必須回答的結果。
P2：當一個行動者選擇將風險加諸於他人，就代表這個人應該對那個風險的後果保持回應的道德關係。我主張課責機制的核心價值不是懲罰，是維繫公共信任的必備條件。如果企業可以在課責框架不清楚的情況下使用公共道路測試技術，等於允許風險的利益由私人獲取，代價卻由不知情的公眾承擔。
C：自駕車在進入公共空間之前，監管機構應先建立明確的責任歸屬框架，讓課責對象在事故發生前就是可識別的。企業不應以技術複雜、責任難以釐清為由迴避問責，若複雜性本身可以免責，將引發社會一定的混亂與究責問題。",把責任追溯當成判斷自駕車能否部署的考量根本的問題是將制度完備程度凌駕於實際的生命保護，課責框架建立需要時間，而在這段時間裡仍可能發生人為駕駛疏失。如果自駕技術在統計上能減少事故，那堅持課責不清就不能部署等於是用還沒出生的制度去換已經在發生的死亡，但它保護的是制度的乾淨而不是真實的人，受害者家屬更想要的是少一起事故，而不是多一份清楚的責任歸屬書。,"限定(Qualify)：批評部分成立，但我的核心立場不變，只是需加上特定條件或在特定情形下成立。The objection is partly valid, but my core position remains the same. It only holds under certain conditions or in certain cases.",批評部分成立，但我的立場在「將課責機制視為技術研發的同步基準，而非事後補救」的條件下仍然能成立，因為課責不只是為了懲罰，它更是一種預防性的系統約束力。如果我們僅因統計上的安全性而放棄責任歸屬，這將導致企業缺乏動力去優化那些低機率但高風險的系統。只有在責任明確的前提下，企業才有誘因投入資源，確保人工智慧決策的可解釋性，從而真正達成比人為駕駛更長遠、更穩定的社會安全感。,選擇「課責優先」的代價是技術普及的延遲與立法成本的增加，這意味著在法規與責任框架尚未完備前，我們必須承受因人為駕駛疏失而持續發生的交通事故傷亡，這些代價主要由潛在的道路受害者與研發企業承擔；我認為這項代價雖然沉重但值得付出，因為缺乏課責的技術如同失去煞車的社會實驗，唯有透過數據透明化，才能確保科技進步不以犧牲社會公義為代價，但我仍對那些在等待制度完善期間，因無法及時獲得技術保護而消逝的生命感到不安。,困惑的是，我們追求的究竟是釐清真相的正義，還是只為了找一個人來負責？如果課責最終只能簡化為保險金額的理賠，我們是否真的守住了原先的主張？
2026/04/28 22:44:01,"一般用路人風險保護優先 (Road User Protection First)：自駕車的研發與測試風險，不應主要由行人、騎乘者與其他一般用路人承擔。The risks of developing and testing self-driving cars should not fall mainly on pedestrians, cyclists, and other road users.","P1（事實）
在 Uber 自駕車事故中，一般用路人（行人、騎士）並未同意參與技術測試，但卻直接暴露在測試風險之中。此外自駕車系統仍處於發展階段，其決策能力與穩定性尚未完全成熟，因此事故風險具有不確定性且難以完全預測。

P2（規範）
我主張「一般用路人風險保護優先」，核心價值是避免將非自願者置於高風險情境中，也就是說，一個制度不應將風險轉嫁給那些沒有選擇權、也無法退出的人。

C（結論）
因此，在這一類自駕車部署中：企業不應直接在開放道路上進行高風險測試
應該優先在可控環境中驗證安全性（如封閉場域）
若要上路，必須確保風險不會主要由一般用路人承擔",把「一般用路人風險保護優先」當成判斷自駕車能否部署的首要考量，看似合理，但它的根本問題是可能過度限制技術發展，因為它忽略了自駕車若成功部署，長期可能大幅降低整體交通事故與死亡率。,"限定(Qualify)：批評部分成立，但我的核心立場不變，只是需加上特定條件或在特定情形下成立。The objection is partly valid, but my core position remains the same. It only holds under certain conditions or in certain cases.",批評部分成立，但我的立場在「風險可被有效控制且不集中於特定無辜群體」的條件下仍然能成立，避免將不可控風險強加於非自願者，仍然是制度正當性的基本要求。,"優先保護一般用路人，代表]自駕車技術的測試與部署速度可能會變慢，而延遲其可能帶來的整體交通安全提升。這個代價主要由科技公司、投資者以及整體社會來承擔，例如創新速度下降或潛在效益延後實現。
雖然我選擇優先保護一般用路人，但我仍然在意技術進步所帶來的長期公共利益，例如降低交通事故與死亡率。因此我認為即使限制部署，也應提供合理的測試空間與制度支持，而不是完全阻止技術發展。",到底什麼程度才算「可以接受的風險」？如果標準太嚴，技術永遠上不了路；但如果太鬆，又可能讓無辜的人承擔代價。
2026/04/28 22:45:49,"一般用路人風險保護優先 (Road User Protection First)：自駕車的研發與測試風險，不應主要由行人、騎乘者與其他一般用路人承擔。The risks of developing and testing self-driving cars should not fall mainly on pedestrians, cyclists, and other road users.",因為生命無價，死去的人花在多錢都換不回來，既然有機會提前做預防措施，既然自駕車要上路，那就該還是以一般用路人風險保護優先。保證了用路人的安全，也能減低不少責任追朔等問題，畢竟沒實際發生問題。所以開發商還是應該要多做些防碰撞措施，像是視訊或是雷達偵測等辨別用路人,把保障用路人優先當成首要考量，最主要是犧牲了開發商的效益，畢竟不是所有用路人都能乖乖的遵守一切交通安全規則，只要路上有人類，變數就絕對不只一兩個，可能一個人就能創造出10幾20個變數，要訓練ai辨別所有突發狀況並正確反應可不是一件小事，不只訓練時間長、成本高，訓練出來也不能保證一定可以百分百的認明當下應該做什麼反應等,"堅持(Defend)：批評不成立，我的立場完全不變，我能說明為什麼。The objection fails. My position does not change, and I can explain why.",批評不成立，既然想要放ai上路，儘管開發效益和短期效益來說都不是很好，甚至還要負擔可能收不回開發成本的風險，但當你開發完整了，哪次不小心遇到了極端狀況但ai做出了最為恰當的反應並一舉救下在場所有人，搞不好一炮而紅就帶動了後續一切經濟效益，別忘了只要是人，都有機會成為你的使用者,"開發者要付出極大的時間和成本效益，雖然開發時間可能要2~3年甚至更久，上市後還不見得收的回來，但是當你把用路人的安全這項問題搞定後，其實甚至可以說幾乎不需要擔心其它問題，沒有跟用路人發生行車糾紛就不會需要鑽研責任問題。當哪天達成創舉，搞不好一切利益也全部都回來了
",
2026/04/28 22:46:12,"效益優先 (Benefit First)：只要長期能顯著降低整體交通死傷，自駕車部署就可被接受。If self-driving cars can significantly reduce overall traffic injuries and deaths in the long run, their deployment can be justified.",任何技術都應該是有捨有得的，如果我們因為有風險而無視其好處，那麼我們亦不應該搭乘交通工具，因此我選擇效益優先原則，我認為應把它視為一個黑箱子，不論其中發生了什麼，只要他整體提升人類福祉就是應該被採納的,把效益優先當成判斷自駕車能否部署的首要考量，看似合理，但它的根本問題是擠壓了行人的安全，因為它忽略（或犧牲了）沒錢或不買車的人的安全。,"堅持(Defend)：批評不成立，我的立場完全不變，我能說明為什麼。The objection fails. My position does not change, and I can explain why.",批評不成立，因為若我們套用這個原因，政府不應該修築道路，更不應該使用所有人的錢建設高速公路,我的選擇犧牲掉極端情況下用路人的安全，責任將由汽車製造商與政府承擔，而這個代價是值得的,工程師的疏失，導致系統造成人員傷亡的道德責任並沒有消失，卻由於系統的介入導致而減少道德愧疚，將活生生的人轉換成了事故發生率的數字
2026/04/28 22:47:49,"一般用路人風險保護優先 (Road User Protection First)：自駕車的研發與測試風險，不應主要由行人、騎乘者與其他一般用路人承擔。The risks of developing and testing self-driving cars should not fall mainly on pedestrians, cyclists, and other road users.","P1（事實）：
在 Uber 的案例中，過馬路的行人並不是這項技術的研發人員，也沒有領公司的薪水，更沒有同意參加實驗。但是，Uber 為了讓測試順利，私自關掉了一些安全系統，導致路人在不知情的情況下，承擔了這台自駕車失靈的危險。
P2（規範）：
我認為「保護一般用路人」最重要，核心價值是公平性。
研發公司為了未來的利益做測試，這是他們的商業行為。我們不應該為了技術進步，就讓路人變成「實驗品」。如果不先保護這些跟研發無關的人，這項技術就沒有正當性，因為我們不能把無辜的人當成達成目的的工具。
C（結論）：
我覺得開發自駕車的公司不應該在安全還沒準備好時，就把公共馬路當成實驗室。政府也應該規定，自駕車必須在封閉場地證明比人類開車更安全後，才能上路。簡單來說，公司的進步不能建立在傷害無辜路人的風險上。",把一般用路人風險保護優先當成判斷自駕車能否部署的首要考量，看似合理，但它的根本問題是過度追求『零風險』的理想化標準，導致技術發展陷入停滯，因為它忽略了人類駕駛本身就存在極高的危險性，以及延後部署所造成的『機會成本』。,"限定(Qualify)：批評部分成立，但我的核心立場不變，只是需加上特定條件或在特定情形下成立。The objection is partly valid, but my core position remains the same. It only holds under certain conditions or in certain cases.","我選「批評部分成立，但我的立場在『系統安全性已證明優於人類駕駛』，且『企業願意承擔全部賠償責任』的條件下仍然能成立」，因為：
反方的觀點確實有道理，我們不能為了追求「零風險」就完全禁止測試，否則反而會讓更多人繼續死於人為的酒駕或疲勞駕駛。","1. 這個選擇的代價是什麼？誰會承擔？
這個選擇的代價是「技術進步會變慢」。因為我要求公司必須先證明安全性、還要負擔完整的賠償責任，這會讓研發成本變高。承擔代價的是未來的潛在受益者，例如那些本來可以早點使用自駕車的人，他們必須等更久才能享受到這項技術。
2. 這個代價值得嗎？
我覺得是值得的。如果為了求快而讓無辜的路人犧牲，社會大眾會對 AI 產生很大的恐懼和不信任感。如果大家都不敢用這項技術，它最後根本沒辦法成功，那樣的損失反而會比現在「慢一點」還要大。
3. 如何減緩代價或補償？
雖然為了安全讓速度變慢，但我覺得可以用其他方式補償：
• 政府提供場地：政府可以提供專業的封閉場地讓公司測試，這樣就算不在一般馬路上跑，研發速度還是可以維持。
• 數據合作：讓公司之間分享安全數據，大家一起解決技術問題，就不用重複浪費時間。","1. 「比人安全」就夠了嗎？：
雖然數據說人類開車很危險（會疲勞、會分心），但社會大眾對「電腦犯錯」的容忍度通常比「人犯錯」低很多。如果一個 AI 駕駛雖然比人類平均安全 2 倍，但它卻犯了一個「正常人絕對不會犯」的低級錯誤（例如把路人看成路燈），我們真的能在倫理上接受它嗎？
2. 責任分配的模糊地帶：
在 Uber 的案例中，到底是寫程式的工程師要負責？還是沒看好車子的測試員要負責？甚至是決定把車放上路的公司老闆要負責？這種「責任分散」的感覺讓我不太確定，未來的法律是否真的能給受害者一個公平的交代。
3. 弱勢者的權利：
我身為一個在台灣的外籍生，有時候在馬路上走路也會覺得壓力很大（所謂的行人地獄）。我會擔心，如果我們太過強調技術進步，會不會讓這些高科技公司更有藉口去忽略我們這些走在路上的普通人？"
2026/04/28 22:50:53,"一般用路人風險保護優先 (Road User Protection First)：自駕車的研發與測試風險，不應主要由行人、騎乘者與其他一般用路人承擔。The risks of developing and testing self-driving cars should not fall mainly on pedestrians, cyclists, and other road users.",若發生事故，路人受到傷害基本上是較為嚴重，畢竟路人沒有保護，而汽車內的乘客至少有車內的一些措施保護，而且一但發生事故，該算誰的責任，所以不應該給路上的其他用路人承擔責任,把一般用路人風險保護優先當成判斷自駕車能否部署的首要考量，看似合理，但它的根本問題是沒有考量自駕車的方便性，因為它忽略快速與人工成本。,"堅持(Defend)：批評不成立，我的立場完全不變，我能說明為什麼。The objection fails. My position does not change, and I can explain why.",批評不成立，因為生命是無價的，不能為了減少成本，而忽視其他用路人的安全，而且風險不該由其他的人承擔,Uber公司的成本,
2026/04/28 22:53:49,"責任追溯與課責優先 (Accountability First)：若事故發生後無法清楚追溯責任、說明決策依據並進行有效課責，則不應部署。If, after an accident, responsibility cannot be clearly traced, the basis of the decision cannot be explained, and effective accountability cannot be imposed, then deployment should not be allowed.","P1（事實）：在 Uber 事故中，自駕系統高度複雜且不透明。當致死車禍發生時，肇因交織了演算法缺陷、企業政策與人類疏失，導致因果難以釐清，責任歸屬呈現黑盒子狀態。
P2（規範）：我主張「責任追溯與課責優先」。其核心價值在於維護「道德主體性與正義」。人類生命不應受制於無法究責的系統。權力必須與責任對等，明確的課責機制才能確保科技公司有絕對的動機去消除致命風險，而非將試錯的致命成本轉嫁給無辜大眾。
C（結論）：因此，在開發商無法提供透明的演算法決策依據，且社會尚未建立能有效究責的法律框架前，政府不應允許此類自駕車於公共道路部署，企業亦不應貿然進行測試。",把責任追溯與課責優先當成判斷自駕車能否部署的首要考量，看似合理，但它的根本問題是會扼殺甚至無限期推遲救命科技的發展，因為它忽略了在追求完美究責制度的漫長等待中，社會每天都在持續犧牲因人類駕駛失誤而喪生的無數生命。,"限定(Qualify)：批評部分成立，但我的核心立場不變，只是需加上特定條件或在特定情形下成立。The objection is partly valid, but my core position remains the same. It only holds under certain conditions or in certain cases.",批評部分成立，但我的立場在「企業必須承擔過渡性的無過失責任」與「僅限於受控風險區域內漸進式部署」的條件下仍然能成立，因為這樣既能避免因無止盡等待完美的究責法規而延誤能拯救生命的科技發展，又能確保企業無法利用 AI 黑箱逃脫究責，堅守住不讓無辜公眾承擔無人負責之致命風險的倫理底線。,選擇此立場的代價是自駕車研發與普及速度將變慢，創新會受嚴格規範牽制。這主要由承擔高昂究責成本的科技公司，以及延後享受交通安全效益的社會大眾來承擔。我認為這個代價值得付出，因為不能為了科技進步把一般路人當成實驗白老鼠。為減緩代價，政府可提供專屬的封閉測試場地或經費補貼以降低企業門檻。儘管如此，我們確實犧牲了盡快降低整體車禍傷亡的效益優先願景，這代表在過渡期內仍有人會因人類駕駛失誤而喪命。對此，我們能做的補償與交代，就是政府必須傾全力加速完善究責法規，讓安全的自駕技術能盡早且負責任地上路。,
2026/04/28 23:00:13,"一般用路人風險保護優先 (Road User Protection First)：自駕車的研發與測試風險，不應主要由行人、騎乘者與其他一般用路人承擔。The risks of developing and testing self-driving cars should not fall mainly on pedestrians, cyclists, and other road users.","P1（事實）
在 Uber 自駕車事故中，測試中的自駕系統尚未成熟，卻已在公共道路上運行，且實際風險主要由未參與決策的一般用路人（如行人）承擔。這些人既沒有知情同意，也無法選擇是否暴露於該風險之中。此外，自駕車公司在追求技術發展與市場競爭時，將測試外部化到公共環境，使風險由社會大眾分擔。
P2（規範）
我主張應優先採取「一般用路人風險保護優先」。
其核心價值是：風險分配的正義與非自願風險不可強加
這個原則的重要性在於：
當一項技術尚未成熟時，若其風險主要由未參與決策、也無法拒絕的人承擔，這在倫理上是不正當的。技術發展不應建立在將風險轉嫁給弱勢或無辜第三方之上。
C（結論）
基於上述事實與原則：
自駕車公司與監管機構不應允許未達高度安全標準的自駕車在公共道路上測試，除非能確保風險不主要由一般用路人承擔（例如封閉場域測試或高度監控條件）。
換言之，在倫理上可接受的部署前提，是風險應由開發者與使用者承擔，而非轉嫁給不知情的公眾。",把一般用路人風險保護當成判斷自駕車能否部署的首要考量，看似合理，但它的根本問題是過度保守，可能阻礙能拯救更多生命的技術發展，因為它忽略了長期而言自駕車可能大幅降低交通事故與死亡的整體效益。,"限定(Qualify)：批評部分成立，但我的核心立場不變，只是需加上特定條件或在特定情形下成立。The objection is partly valid, but my core position remains the same. It only holds under certain conditions or in certain cases.","批評部分成立，但我的立場在「技術尚未達到可接受安全門檻、且風險無法內部化時」仍然能成立，因為：
即使長期效益可能很高，也不能正當化在發展初期將高風險強加於無辜第三方。","代價是什麼？
技術發展速度變慢
創新成本提高
企業可能失去競爭優勢
誰承擔？
科技公司（研發成本上升）
社會整體（延後享受更安全交通的潛在利益）
是否值得？
我認為是值得的，但應透過方式減輕代價，例如：
政府提供測試補助或沙盒機制
建立封閉測試環境
設計漸進式開放制度","我目前最困惑的是：
應該如何界定「可接受的風險門檻」？"
2026/04/28 23:04:49,"一般用路人風險保護優先 (Road User Protection First)：自駕車的研發與測試風險，不應主要由行人、騎乘者與其他一般用路人承擔。The risks of developing and testing self-driving cars should not fall mainly on pedestrians, cyclists, and other road users.","P1如今出現事故時，傷害到其他用路人的機率極高。
P2一般用路人風險保護優先，自駕車測試的風險不應該由一般用路人承擔。
C當技術能夠保證不將研發成本外部化給用路人的時候，自駕車的部署才會被倫理上接受。","把一般用路人風險保護優先當成判斷自駕車能否部署的首要考量 , 看似合理 , 但它的根本問題是陷入了研發癱瘓的困境,因為它忽略了現有交通系統中每天由人類駕駛所造成的巨大傷亡 。","限定(Qualify)：批評部分成立，但我的核心立場不變，只是需加上特定條件或在特定情形下成立。The objection is partly valid, but my core position remains the same. It only holds under certain conditions or in certain cases.",批評部分成立，但我的立場在「風險必須低於人類駕駛基準且具備外部補償」的條件下仍然能成立，因為「一般用路人」與「企業」之間的權力與知情權不 對等，仍是倫理正當性的核心問題。,為了確保技術在公測階段就達到對弱勢用路人的極高保護標準，企業必須投入更長的時間進行模擬、封閉測試與安全驗證。這將導致自駕技術的普及速度放緩 。,無
2026/04/28 23:07:49,"責任追溯與課責優先 (Accountability First)：若事故發生後無法清楚追溯責任、說明決策依據並進行有效課責，則不應部署。If, after an accident, responsibility cannot be clearly traced, the basis of the decision cannot be explained, and effective accountability cannot be imposed, then deployment should not be allowed.","P1（事實）：在 Uber 自駕車致死案例中，系統雖然偵測到行人，卻因分類錯誤與演算法預設的「避免假警報」機制而未能及時煞車；同時備用人類駕駛也處於分心狀態。這種「人類與 AI 分攤控制權」的複雜系統，導致事故發生後，軟體工程師、測試駕駛、車廠與企業高層之間的責任歸屬變得極度模糊。

P2（規範）：我主張「責任追溯與課責優先」。當一套系統具有剝奪生命的潛在殺傷力時，社會決不能容許一個「無法究責」的機器在公共空間運作。如果系統無法在發生悲劇時給出清晰的決策日誌與責任歸屬，受害者將求償無門；且開發者若無需承擔明確的法律與道德責任，將會失去優化系統安全架構的根本誘因。

C（結論）：在這類自駕車案例中，自駕車企業不應該在公共道路上部署那些決策邏輯無法被透明回溯的黑箱系統；政府監管單位則應該強制要求企業在測試前，建立完善的「系統決策記錄機制（如強制安裝且不可竄改的資料紀錄器）」以及明確的「無過失責任或企業連帶賠償框架」，否則不應發放上路許可。",把責任追溯與課責優先當成判斷自駕車能否部署的首要考量，看似合理，但它的根本問題是它會嚴重拖慢甚至扼殺能拯救更多生命的技術創新，因為它忽略（或犧牲）純粹的效益主義考量：從總體統計數據來看，即使目前的自駕車在少數極端邊緣案例中會發生難以釐清責任的車禍，但它永遠不會酒駕、疲勞或情緒失控，長期下來能比人類駕駛減少極大量的交通死傷。為了追求每次事故都有人可以被完美定罪的「絕對課責」，反而會延遲自駕車的普及，導致更多無辜用路人死於傳統的人為車禍中。,"限定(Qualify)：批評部分成立，但我的核心立場不變，只是需加上特定條件或在特定情形下成立。The objection is partly valid, but my core position remains the same. It only holds under certain conditions or in certain cases.",批評部分成立，但我的立場在引入無過失責任保險與集體賠償基金，將法律上的個人定罪轉移為系統性的損害填補與技術修正的條件下仍然能成立，因為我們不該把公眾當作免費的白老鼠。如果自駕車在統計上真的帶來巨大的整體社會效益（能賺錢且降低總車禍率），那麼開發這些技術的科技巨頭就應該負擔起集體責任，成立專門的補償基金。這樣既能確保受害者在責任難以釐清時依然能迅速獲得賠償，企業也能透過公開事故的技術日誌來修正系統，在不阻斷科技演進的前提下，維持社會對課責與正義的底線。,優先選擇「課責與責任追溯」並加上「集體補償基金」的條件，意味著我們犧牲自駕車技術「最快速、低成本的爆發式發展」。代價將主要由自駕車研發企業來承擔（他們必須耗費龐大資源建置更複雜的決策追蹤系統、資料儲存架構，並繳納高額的保險/補償基金）；同時社會大眾也承擔代價（必須稍作等待，無法立刻享受到全面自動化的便利交通）。我認為這個代價是絕對值得付出的。科技的創新不應建立在對弱勢用路人（如過馬路的行人）的無端犧牲之上。,
2026/04/28 23:23:06,"一般用路人風險保護優先 (Road User Protection First)：自駕車的研發與測試風險，不應主要由行人、騎乘者與其他一般用路人承擔。The risks of developing and testing self-driving cars should not fall mainly on pedestrians, cyclists, and other road users.","P1: 在 Uber 自駕車事故中，儘管行人當時有違規行為，但因自駕車系統未將此突發狀況納入考量，無法做出防衛反應，因此造成了撞擊行人並致其死亡。

P2: 馬路上有非常多不可控的風險，將自駕車投入道路測試時，廠商不該預設每個人都是守規矩的用路人。企業不應為了節省開發與測試成本，而忽略系統無法辨識異常狀況的問題，更不該將這種致命風險，轉嫁到即使違規也處於絕對弱勢的脆弱用路人身上。

C： 因此，廠商不該將用路人違規作為推卸此次事故責任的理由。在自駕車系統確實具備辨識各種複雜情況的能力之前，保護一般用路人的生命安全，絕對比追求自駕技術的普及化還要重要。",把一般用路人絕對安全當成判斷自駕車能否部署的首要考量，看似合理，但它的根本問題是要求系統能處理所有的突發狀況，將導致技術研發與上路測試的困難，因為它忽略了真實世界的道路變數是無限的，犧牲了系統在真實道路中收集數據、持續改善演算法的機會，反而使自駕車的技術永遠無法成熟。,"堅持(Defend)：批評不成立，我的立場完全不變，我能說明為什麼。The objection fails. My position does not change, and I can explain why.",批評不成立，因為可以利用已經發生過的車禍紀錄預先訓練系統遇到這些狀況時可以怎麼處理，人工干預手段也不能拿掉。,為了將各種例外情況考慮進系統內，會增加企業的投資成本，導致企業可能因此終止計畫，這部分的代價將由企業承擔。但我覺得這個代價值得付出，因為如果企業解決了這方面的安全問題，民眾反而會更信任並願意選擇該企業的自駕車服務。,
2026/04/28 23:32:16,"一般用路人風險保護優先 (Road User Protection First)：自駕車的研發與測試風險，不應主要由行人、騎乘者與其他一般用路人承擔。The risks of developing and testing self-driving cars should not fall mainly on pedestrians, cyclists, and other road users.","P1（事實）
技術依然在測試階段，系統有潛在的風險，但卻在開放道路使用，造成路人被迫承受重大傷害甚至死亡風險。

P2（規範）
我主張優先採取一般用路人風險保護優先原則，保障未同意者的權利，不將技術發展中的不確定風險強加於無辜第三方，保護人不被當作達成技術提升的工具。

C（結論）
在自駕車尚未證明足夠成熟前，政府不能允許在一般道路上進行高風險測試，而而是需要確保風險是在可受控的環境，避免潛在傷害轉嫁給無辜民眾。",把一般用路人風險保護當成首要考量看似合理，但問題是它過度要求零風險，忽略了適量的測試其實能更快降低整體交通傷亡的長期效益。,"限定(Qualify)：批評部分成立，但我的核心立場不變，只是需加上特定條件或在特定情形下成立。The objection is partly valid, but my core position remains the same. It only holds under certain conditions or in certain cases.",批評部分成立，但只要風險有被控制，我的立場仍成立，因為還是要優先保障路人的安全。,"可能讓自駕車發展延長、由企業與社會承擔成本，
但我認為值得，且透過更安全的測試設計，來降低風險。",如何在保障路人安全和技術進步間取得平衡?
2026/04/28 23:32:36,"效益優先 (Benefit First)：只要長期能顯著降低整體交通死傷，自駕車部署就可被接受。If self-driving cars can significantly reduce overall traffic injuries and deaths in the long run, their deployment can be justified.","P1: 新聞幾乎每天都會報大大小小的車禍，大部分都是因為人為疏失，例如酒駕、疲勞駕駛，即便自駕車辨識技術還不完美，但仍然能系統性排除駕駛分心的這種錯誤
P2: 我主張效益原則優先，但科技進步中的犧牲不能是隱形的，受損者必須被承擔
C: 在這類案例中，若能有證據支撐自駕車能顯著降低整體交通死傷，製造商及政府應在合理環境下部署，並同步建立補償與責任機制",把效益當成判斷自駕車能否部署的首要考量，看似合理，但它的根本問題是用一個尚未實現的未來利益，來正當化現在真實發生的傷害。因為它忽略了那個整體效益顯著的未來可能永遠不會到來，而在等待的過程中，已經有真實的人在不知情的狀況下承擔了代價。,"限定(Qualify)：批評部分成立，但我的核心立場不變，只是需加上特定條件或在特定情形下成立。The objection is partly valid, but my core position remains the same. It only holds under certain conditions or in certain cases.",批評部分成立，但我的立場在過渡期有建立完整補場機制的情況下仍能成立，因效益優先不是忽視過渡期的犧牲，而是確保受害者有得到完整補償的前提下，部署不應等到完美才開始，否則機制不會有機會被建立。,這個代價由過渡期間在公共道路上的行人與用路人承擔，他們從未同意承擔這個風險。我無法確定這個代價是否值得，因為自駕車帶來的長期效益目前仍難以估量，而那些在過渡期失去親人的人所承受的損失，也不是任何補償機制能真正彌補的。因此我認為這個代價不能只靠「未來會更好」來正當化，而是需要透過強制的補償與責任機制，讓承擔代價的人至少不是被完全忽視的。,我在討論過程中最困惑的是：三個立場預設的情境不完全相同。責任優先的人預設責任機制現在還不存在，效益優先的人預設基本機制已經到位。這讓我不確定跨立場討論時，我們是否真的在回答同一個問題。此外，我選擇效益優先時，腦中預設的是自駕車全面普及的未來，但反論攻擊的是現在的過渡期，這讓我意識到我的論證其實依賴一個不確定會不會到來的未來。最後，我無法確定這個代價是否值得，因為我既無法想像自駕車普及後的真實效益，也無法想像那些在過渡期失去親人的人該如何面對這個損失。
2026/04/28 23:34:37,"一般用路人風險保護優先 (Road User Protection First)：自駕車的研發與測試風險，不應主要由行人、騎乘者與其他一般用路人承擔。The risks of developing and testing self-driving cars should not fall mainly on pedestrians, cyclists, and other road users.","P1:自駕車發生誤判與意外時，一般用路人不一定有時間反應去避免意外發生在自身。
P2:我主張一般用路人風險保護優先，因為用路人的生命不應當實驗品，生命無法只因為責任歸屬或是發生機率去做風險下的犧牲品。
C:自駕車的製造廠商與政府應設計好自駕車的設定與規範，不應因為技術方面而讓一般用路人承擔責任與風險。",把一般用路人風險保護優先當成判斷自駕車能否部署的首要考量，看似合理，但它的根本問題是沒有一般用路者的模擬如何能讓自駕車更完整的訓練，因為它忽略自駕車的訓練完善度。,"限定(Qualify)：批評部分成立，但我的核心立場不變，只是需加上特定條件或在特定情形下成立。The objection is partly valid, but my core position remains the same. It only holds under certain conditions or in certain cases.",批評部分成立，但我的立場在條件能找到完善訓練自駕車的情況下仍然能成立，因為如果反過來先放寬部署標準以利收集訓練數據，則可能讓不成熟的系統曝險上路，產生不可逆的傷害。,雖然保障一般用路人的安全，但是對於開發者依然存在著如何有效且真的能保障用路人的訓練方法，如何才能確保自駕車不會誤判。,
2026/04/28 23:37:43,"責任追溯與課責優先 (Accountability First)：若事故發生後無法清楚追溯責任、說明決策依據並進行有效課責，則不應部署。If, after an accident, responsibility cannot be clearly traced, the basis of the decision cannot be explained, and effective accountability cannot be imposed, then deployment should not be allowed.","P1：在事故發生時法律會依肇事責任進行懲處及補償
P2：責任追溯與課責優先：若事故發生後無法清楚追溯責任、說明決策依據並進行有效課責，則不應部署
P3：公司要公開透明產品行動的邏輯及演算方式。在法律完善以前自駕車不應該被發行上路
",把責任追溯與課責優先 當成判斷自駕車能否部署的首要考量，看似合理，但它的根本問題是許多法律都是在科技被發明以後才被完善的，又或者是說是因為科技的發明才發現法律的漏洞。如果要先有完備的法律條件才能實施的話，那這項技術永遠無法進步,"放棄(Concede)：批評成立，我改變立場了。The objection is valid, and I change my position.","批評成立，因為我發覺如果支持責任追溯與課責優先的話，在事件的樣本案例不足的情況下的確很難去制定法律以及劃分責任歸屬，就變成這項技術無法進行
因此我改選了效益優先
不論可行性，在預設確定事故率可以降低的情況下，我認為的確應該採取此作法對社會最安全","若我選擇責任追溯與課責優先的話，此項技術的將很難進行到測試階段。但我覺得即使責任劃分不清會造成短時間的混亂，但是在長期下來能透過累積下來的案例建立完整的法律制度
",
2026/04/28 23:38:06,"效益優先 (Benefit First)：只要長期能顯著降低整體交通死傷，自駕車部署就可被接受。If self-driving cars can significantly reduce overall traffic injuries and deaths in the long run, their deployment can be justified.","P1：User 自駕車目前事故率低於人類
P2：效益原則應該優先，應該要有事故率低的自駕車，保護的核心價值是夠低的事故率，才會有人使用，效益也才高
P3：自駕車廠商應該推出事故率低的自駕車",把效益優先當成判斷自駕車能否部署的首要考量，看似合理，但它的根本問題是，因為它忽略測試效益時被犧牲的人，以及發生事故時責任歸屬應該歸於誰。,"修正(Revise)：批評很可能成立，我的核心立場會有很大調整，即使整體方向不變。The objection is likely valid, so my core position needs major revision, even if its overall direction remains the same.",批評很可能成立，我需要調整成一般用路人風險保護優先，但整體方向仍是自駕車的效益要夠好，因爲效益夠好才能降低自駕車撞到路人的機率，以及目標更偏向保護路人，因此要有更高保護路人的標準,代價是為了讓AI不會撞到人，測試時間會拉很久，自駕車廠商要花更多錢測試，並承擔這些成本與時間上的代價，可以透過政府補助優良事故率的自駕車，來增加廠商降低自駕車撞到人的誘因，當作一些補償,
2026/04/28 23:45:48,"一般用路人風險保護優先 (Road User Protection First)：自駕車的研發與測試風險，不應主要由行人、騎乘者與其他一般用路人承擔。The risks of developing and testing self-driving cars should not fall mainly on pedestrians, cyclists, and other road users.","P1: 自駕車測試採取「公眾測試」（Public Road Testing）模式，於技術開發過程中的失敗風險，事實上是由不知情且未經同意的公共道路使用者（行人、自行車騎士）來分攤。
P2:保護優先原則立場，未經同意的風險施加是極具爭議的。將「一般用路人保護」置於優先地位，代表人類的生命權高於任何技術迭代的市場速度。這保護了社會中「最脆弱參與者」的權益，確保科技發展不能以犧牲無辜者的安全作為代價。
C : 「公眾道路測試」本質上是一種不對稱的風險轉嫁。技術開發者獲取商業利益，但潛在的失敗成本（生命安全）卻由不知情的公眾分攤。自駕車的測試必須受到更嚴謹的倫理監督與法律規範，不能為了追求市場競爭力而犧牲社會最脆弱階層的",把一般用路人保護當成判斷自駕車能否部署的首要考量，看似合理，但它的根本問題是過於理想化的安全絕對論，因為它忽略（或犧牲了）科技迭代帶來的宏觀利益，亦未能體現交通參與者間應有的對等責任。舉例而言，若法規預設自駕車必須無條件規避所有路況，恐將導致行人無視交通規則任意闖入車道；屆時，系統為了保護違規者，反倒讓守法的乘客被迫在急煞或閃避中承受致命風險，這種邏輯上的失衡，實為公共安全規劃之大忌。,"限定(Qualify)：批評部分成立，但我的核心立場不變，只是需加上特定條件或在特定情形下成立。The objection is partly valid, but my core position remains the same. It only holds under certain conditions or in certain cases.",批評部分成立，但我的立場在承認安全性確實重要所有交通參與者均受法律契約約束的條件下仍然能成立，法律的本質應是保障程序公平，而非單方面要求技術端承擔無限責任，否則將導致用路人的道德風險，反而破壞整體的交通秩序。,"選擇此立場的主要代價在於進步的停滯。這項代價主要由未來人為疏失的受害者所承擔。由於超過 90% 的交通意外源於人為因素，例如注意力不集中、疲勞或酒駕。
我覺得用『值得』或『不值得』來衡量這項代價都很不妥，這兩種標籤都太過簡化了問題的本質。
因為我們不能將人類僅僅視為「數據點」或科技進步的工具。未來科技所帶來的宏觀利益，並不能賦予我們在今日犧牲路邊無辜者的權利。這樣做將違背人類尊嚴的基本原則以及對身體完整權的尊重。我們可以讓人工智慧在無風險的環境中遭遇數百萬種「邊緣案例」，並與虛擬行人發生碰撞；當人工智慧最終正式部署時，它便已掌握了人類行為不可預測的複雜性。",
2026/04/28 23:47:21,"責任追溯與課責優先 (Accountability First)：若事故發生後無法清楚追溯責任、說明決策依據並進行有效課責，則不應部署。If, after an accident, responsibility cannot be clearly traced, the basis of the decision cannot be explained, and effective accountability cannot be imposed, then deployment should not be allowed.","P1: 該事故不僅是軟體設計上的失誤，安全駕駛員的疏忽，法律制度的不完善等，因此責任的歸咎相當模糊。
P2: 可課責性優先 核心價值並非要找到人來頂罪，而是為了能夠了解問題根源，才能於事故的發生後去進行改進。
C: 因此企業應在有完整軟體決策紀錄的情況下進行上路測試。且須明確定義意外原因的種類和該向誰問責。",該原則有幾項問題，首先科技進步存在不可預見性，若因如此忽略自駕車能夠大幅降低人類駕駛失誤率的優點，會造成科技進步緩慢，且仍會存在大量因人類駕駛失誤而逝去的生命。,"限定(Qualify)：批評部分成立，但我的核心立場不變，只是需加上特定條件或在特定情形下成立。The objection is partly valid, but my core position remains the same. It only holds under certain conditions or in certain cases.",若僅是為了科技的進步和全球福祉，就可以讓企業獲得免課責的特權，並且該事故中的受害者如果因此無法獲得法律上的協助，這樣是不是變相剝奪了他的權利。所以我的立場不變。,代價是需要更多的時間來達成自駕車上路，且這段時間內無法降低人為疏忽導致的交通事故。但這個代價我認為是能夠付出的，況且現行法律還並不足以全面應對自駕車事故，因此仍需全體用路人來承擔這段時間所造成的傷害。,
2026/04/28 23:47:34,"一般用路人風險保護優先 (Road User Protection First)：自駕車的研發與測試風險，不應主要由行人、騎乘者與其他一般用路人承擔。The risks of developing and testing self-driving cars should not fall mainly on pedestrians, cyclists, and other road users.",在 Uber 自駕車中，自駕車仍在測試階段卻已上路，事故受害者是未同意承擔風險的行人，顯示技術風險被轉嫁給一般用路人（P1）我主張「一般用路人風險保護優先」，價值在於公平的風險分配與對個體權利的尊重，技術發展不應讓未同意者承擔主要風險，也不能將他人當作實驗手段（P2）。因此，在安全性尚未充分確立前，企業與政府不應允許自駕車於開放道路進行高風險測試，或至少需設置嚴格限制與保護措施，以確保一般用路人不會承擔不成比例的危險（C）。,把「一般用路人風險保護優先」當成判斷自駕車能否部署的首要考量，看似合理，但它的根本問題是過度強調零風險與即時安全，可能導致技術難以上路與發展停滯，因為它忽略（或犧牲了）自駕車在長期可能大幅降低整體交通事故與死亡率的效益，以及透過實際道路測試才能累積的關鍵安全數據。,"限定(Qualify)：批評部分成立，但我的核心立場不變，只是需加上特定條件或在特定情形下成立。The objection is partly valid, but my core position remains the same. It only holds under certain conditions or in certain cases.",批評部分成立，但我的立場在已建立嚴格風險控管（如限定測試場域、降低速度、即時監控與緊急介入機制）且風險不再主要由一般用路人承擔的條件下仍然能成立，因為此時技術發展所需的測試不再以未同意的第三方為代價,我選擇「一般用路人風險保護優先」的代價是可能延緩自駕車技術的發展與部署，也代表短期內無法及早享受到自駕車可能帶來的整體交通安全提升與便利性。這個代價主要由科技公司、投資者，以及社會大眾承擔，因為創新速度變慢，也可能間接延後交通事故降低的時機。我認為這個代價在一定程度上是值得的，因為避免將風險轉嫁給未同意的一般用路人,應該如何界定「可接受的風險」標準。即使我主張應優先保護一般用路人，但任何新技術在發展過程中幾乎不可能做到完全零風險
2026/04/28 23:48:10,"責任追溯與課責優先 (Accountability First)：若事故發生後無法清楚追溯責任、說明決策依據並進行有效課責，則不應部署。If, after an accident, responsibility cannot be clearly traced, the basis of the decision cannot be explained, and effective accountability cannot be imposed, then deployment should not be allowed.","在 Uber 自駕車案例中，監督自動化系統失效，測試駕駛沒依照規定看路，管理層在明知系統的肇事情形後仍未停止測試。
我主張應確立可課責性優先原則。掌握系統設計權與最終獲利的實體企業如缺乏可課責性，便會將技術導致地風險轉嫁於外部社會，詳細地說也就是社會大眾以及坐在駕駛座上的測試駕駛員。
企業必須承擔此事故的首要責任。當企業明知自動化系統存在風險時，管理層應該立即主動中止公共道路測試，並從根本上修正系統的失效機制；同時，不該讓科技公司假借事故原因來自測試受僱者的個人過失，而規避原本應當負擔的責任。",實施嚴格的可課責性，要求企業為系統的不完美承擔首要責任，防止任何風險外部化，雖然看似合理，但它的根本問題是它會在法規與實務上形塑過於嚴格的要求，進而阻礙技術發展，因其忽略科技在宏觀、長期尺度上，能減少的生命損失效益，並AI系統必須透過真實世界試錯才能完善其核心功能。,"限定(Qualify)：批評部分成立，但我的核心立場不變，只是需加上特定條件或在特定情形下成立。The objection is partly valid, but my core position remains the same. It only holds under certain conditions or in certain cases.",批評部分成立，但我的立場在AI 需要真實世界數據但不能無限上綱的事實條件下仍然能成立，因為企業被允許進行公共道路測試的前提是必須區分技術試錯與怠忽職守。如案例當中，企業主動設定取消安全機制的接管，不管是為了什麼理由，即無法獲得任何豁免。在此條件下，企業必須對事故負起首要責任。,企業必須耗費大量時間在驗證與測試。這種監管會大幅推遲自動駕駛技術的全面普及時間。代價是每天依然會有大量人口死於傳統人類駕駛。我們實質上是用看得見的當下受害者，換取了無法量測、看不見的潛在受害者，也就是未來會死於人工駕駛輪下的人。,
2026/04/28 23:51:27,"責任追溯與課責優先 (Accountability First)：若事故發生後無法清楚追溯責任、說明決策依據並進行有效課責，則不應部署。If, after an accident, responsibility cannot be clearly traced, the basis of the decision cannot be explained, and effective accountability cannot be imposed, then deployment should not be allowed.",在自動車案例中，駕駛、公司、設計團隊、政府皆有各自法律歸因後需付的責任，但當一件事的責任分散，每個主體所負責任減輕且無法明確追究。故我主張責任追溯優先，在立法機關將系統所有經手主體間的責任關係完善之前，不應部署。,責任歸屬規範的完善通常需要大量實際案例來歸納，故以無法有效課責作為拒絕部署自駕車系統本身是相悖。,"堅持(Defend)：批評不成立，我的立場完全不變，我能說明為什麼。The objection fails. My position does not change, and I can explain why.",我認為在責任歸屬未定或未完善代表我們還無法完整接受這件事的後果（好的能接受但壞的尚沒辦法能好好接受），代表就是還沒做好使用這種系統的準備，故就是不應實際落實（可以繼續測試開發，但不到能開放使用）,選擇可課責性優先代表放棄了自駕車的便利性和可能改善交通和降低事故率的效益。而我認為能減緩代價的方式就是先折衷進行輔助駕駛系統的完善和推廣，能收集類似案例充盈自駕車系統開發的資料庫,
2026/04/28 23:51:36,"責任追溯與課責優先 (Accountability First)：若事故發生後無法清楚追溯責任、說明決策依據並進行有效課責，則不應部署。If, after an accident, responsibility cannot be clearly traced, the basis of the decision cannot be explained, and effective accountability cannot be imposed, then deployment should not be allowed.","在 Uber 的事故中，最讓人不安的事實（P1）是當自動駕駛系統判定出錯、而安全駕駛也因分心沒能補位時，現行法律在釐清「誰該負責」上顯得非常吃力。這種「責任真空」會讓技術推廣陷入道德困局。
我主張課責性優先（P2），是因為技術的應用不能以剝奪受害者的「知情權」與「求償權」為代價。如果一個決策系統是完全黑箱、無法追溯邏輯的，那它在公共空間就缺乏正當性。社會必須先確保開發者或營運方能為系統的行為「負起全責」，大眾才可以真正信賴這項科技。
因此結論（C）是在法律框架還沒辦法清楚界定 AI 決策責任，或者技術上還無法提供完整的「決策解釋」前，我們不能為了追求效率而貿然的全面開放部署。",把責任追溯當成判斷自駕車能否部署的首要考量，看似合理，但它的根本問題是過於保守且過度法律主義，因為它忽略了技術本質上能帶來的集體安全效益。如果為了追求完美的法律課責而拖延部署，這段期間內本可以被自駕技術避免掉的數千起人為失誤車禍，誰來為這些白白犧牲的生命負責。,"限定(Qualify)：批評部分成立，但我的核心立場不變，只是需加上特定條件或在特定情形下成立。The objection is partly valid, but my core position remains the same. It only holds under certain conditions or in certain cases.",測試期如果連事故原因都說不清、沒人扛責，那這種安全只是數據上的假象，會毀掉社會的信任。我們可以接受技術有風險，但不能接受出事了卻沒人負責。,課責優先的代價就是開發變慢、成本變貴，廠商得花更多心力去搞定法規跟技術解釋。這代價主要是公司跟那些急著想用新技術的人在背。但我認為這很值得，科技不該是法律管不到的地方，保險賠錢是一回事，但事故背後的真相是錢換不回來的。,我最困惑的是，如果連工程師都搞不懂 AI 當下為什麼那樣判斷，那所謂的課責會不會只是在找人背黑鍋而已，當 AI 變成沒人懂的黑箱，責任到底該算在寫程式的人頭上，還是讓它上路的公司，這點真的很不清楚。
2026/04/28 23:52:02,"責任追溯與課責優先 (Accountability First)：若事故發生後無法清楚追溯責任、說明決策依據並進行有效課責，則不應部署。If, after an accident, responsibility cannot be clearly traced, the basis of the decision cannot be explained, and effective accountability cannot be imposed, then deployment should not be allowed.","P1：Uber 的這個事故表示， AI 決策黑箱作業而且人類監督沒用。
P2：核心價值是正義與受害者權益，無法搞清楚責任歸誰的科技缺少正當性。
C：在想好究責機制前，企業不應自駕車上路。",把責任追溯當首要考量看起來好像合理，但問題是阻礙創新，因為它犧牲了自駕車快點上市的話，可降低人車禍死傷的這種潛在效益。,"限定(Qualify)：批評部分成立，但我的核心立場不變，只是需加上特定條件或在特定情形下成立。The objection is partly valid, but my core position remains the same. It only holds under certain conditions or in certain cases.",批評部分成立，但我的立場在「設立專屬賠償基金」條件下仍然能成立，因為科技創新帶來的效益，我覺得不應建立在犧牲無辜受害者的究責權上。,代價是延後自駕技術普及，大眾承擔過渡期的人會發生車禍的風險。這代價應該值得，雖然可能犧牲掉失早期安全效益，但其實可以透過擴大自己的場域測試來減緩。,
2026/04/28 23:52:06,"一般用路人風險保護優先 (Road User Protection First)：自駕車的研發與測試風險，不應主要由行人、騎乘者與其他一般用路人承擔。The risks of developing and testing self-driving cars should not fall mainly on pedestrians, cyclists, and other road users.","P1：自駕車的風險會落在一般行人、騎士和用路人身上，且路人或騎士是沒有車身保護的，事故發生時，受傷的可能性較大，而且這些人根本沒有同意承擔這些風險。

P2：我選「一般用路人風險保護優先」，核心價值是不能把風險轉嫁到沒有選擇權的人身上，且人被車撞一定是人受傷風險高，應以其做為優先保護對象。

C：如果自駕車會讓一般用路人承擔主要風險，就不應該直接上路測試，應該先在可控且安全的環境下測試。",把「一般用路人風險保護優先」當成判斷自駕車能否部署的首要考量，看似合理，但它的根本問題是過度放大特定族群的風險，因為它忽略了如果自駕車在實際上能降低交通事故發生率，卻因一次事故就扼殺這項科技的使用和發展，反而可能讓更多人持續暴露在更高風險的道路環境。,"限定(Qualify)：批評部分成立，但我的核心立場不變，只是需加上特定條件或在特定情形下成立。The objection is partly valid, but my core position remains the same. It only holds under certain conditions or in certain cases.",批評部分成立，但我的立場在「自駕車的風險已經被控制在合理範圍內，且不會特別集中在一般用路人身上」的條件下仍然能成立，因為就算自駕車整體可能安全，但它依然有發生事故的案例，仍有一定的風險存在，比起堅硬的車體，脆弱的用路人是一定需要被保護的。,"我的選擇的代價是，自駕車的發展速度可能會變慢。這樣的代價主要由相關的科技產業和整體社會承擔，因為人民會較晚享受到自駕車可能帶來的便利和安全提升。不過我認為這是可以接受的，因為比起加快發展，人身安全更重要。

我覺得「明確的責任制度」這個被我放在後面的價值很重要，因為清楚的責任制度可以產生約束和嚇阻的效果，會讓企業在設計和部署自駕車時更謹慎，出事時也能釐清問題和做後續處理。",就算自駕車未來真的比較安全，但在測試期間發生的事故，是否就可以被接受？
2026/04/28 23:54:09,"一般用路人風險保護優先 (Road User Protection First)：自駕車的研發與測試風險，不應主要由行人、騎乘者與其他一般用路人承擔。The risks of developing and testing self-driving cars should not fall mainly on pedestrians, cyclists, and other road users.","P1：自駕車靠著多模型運作，由感測、地圖、定位、路徑規劃、控制、通訊和決策等多個模組共同構成，只要其中某些部分出錯，就可能在公共道路上直接影響行人、機車騎士和其他駕駛，Uber 自駕車事故這類案例也證實技術測試與部署的風險，除了開發者自己必須承擔之外，也會外溢到一般用路人身上。

P2：我主張一般用路人風險保護優先，因為它保護的核心價值是：不應讓沒有主動同意參與測試的人，被迫承擔高風險技術尚未成熟時的主要代價。在安全問題層面之上，甚至有把風險轉嫁給別人的問題。

C：因此，在像 Uber 自駕車這類案例中，企業和監管者不應只因為技術未來可能有益，就讓系統直接在公共道路上廣泛部署，而應先證明它不會把主要風險責任壓在一般用路人的身上，要是做不到這點，就不應該讓它進入真實道路環境。","把一般用路人風險保護優先當成判斷自駕車能否部署的首要考量，看似合理，但它的根本問題是太容易把短期風險看得比長期整體利益還重要，因為它忽略了如果自駕車最後真的能比人類駕駛更安全，那過度限制部署反而可能讓更多未來本來可以避免的交通事故繼續發生。
如果每次只要技術還有風險就不讓它進入公共道路，很多本來需要真實環境才能改進的系統，可能永遠都沒有機會成熟，從這個角度來看，過度強調保護當下的用路人，也可能犧牲未來更多人的安全。","限定(Qualify)：批評部分成立，但我的核心立場不變，只是需加上特定條件或在特定情形下成立。The objection is partly valid, but my core position remains the same. It only holds under certain conditions or in certain cases.",批評部分成立，但我的立場在企業無法證明風險已被控制，而且一般用路人仍然會被迫承擔主要測試代價的條件下仍然能成立，因為在這種情況下，未來可能的整體效益還不能直接拿來正當化當下的不對等風險。在技術還沒有被充分證明之前，不能先把公共道路當成企業的測試場，讓沒有同意參與的人替系統承擔代價，我的立場不是完全排斥自駕車，而是認為只有在風險已被大幅降低、監管夠清楚、測試邊界夠明確的情況下，部署才比較有倫理上的正當性。,"1. 這個選擇的代價是自駕車技術可能會發展得比較慢，企業也會增加測試、驗證和合規成本，使用者短期內也比較難享受到自駕技術可能帶來的便利與效率。承擔這些代價的主要是開發公司、投資者，以及期待這項技術能早點普及的人。我覺得這個代價大致上是值得的，因為如果讓一般用路人替尚未成熟的技術承擔主要風險，其本身非常不公平，不過這些代價也不是完全不能減輕，例如可以透過更嚴格的封閉場域測試、分階段開放、明確的保險與補償制度，還有更透明的事故通報機制來降低。

2. 有。我現在這個立場某種程度上把技術進步速度和未來可能的整體安全效益排到後面的位置，如果因為過度保守而拖慢技術成熟，可能也會讓一些原本未來可以避免的事故繼續發生，所以我認為如果要堅持一般用路人風險保護優先，也應該搭配更有效率的替代方案，像是更高品質的模擬測試以及清楚的分級部署規則，這樣才不會只是單純把技術禁止。",要到什麼程度，才可以合理地說一套自駕車系統已經夠安全，可以進入公共道路？ 標準太高，技術可能永遠無法實際部署，標準太低，又等於讓無辜的人替還不成熟的系統買單，是這個議題最麻煩的地方。
2026/04/28 23:54:22,"效益優先 (Benefit First)：只要長期能顯著降低整體交通死傷，自駕車部署就可被接受。If self-driving cars can significantly reduce overall traffic injuries and deaths in the long run, their deployment can be justified.",自動駕駛技術具備消除人為疏失的潛力，長遠來看若此系統的穩定性與反應速度能大幅低於人類駕駛的平均肇事率，就能夠進一步減少社會整體的交通傷亡總數。因此我主張「效益優先」原則應作為首要考量，該原則的核心價值在於社會總體福祉的最大化，我認為在公共政策層面，政府應以宏觀視角審視，優先實現降低長期死傷人數的目標，若因過度畏懼初期的個別技術瑕疵而推遲部署，實質上等同於容忍現狀下更多可避免的人為車禍發生，這在倫理上反而更難以辯護。所以政府與監管機構應採取較為寬容的初步試行制度，允許自駕車在公共道路部署；開發者應被賦予持續改進的空間，而不應因單一少數事故就完全中止計畫；社會則應接受初期的風險，以換取未來更安全更先進的交通環境。,把「效益優先」原則當成判斷自駕車能否部署的首要考量，看似合理，但它的根本問題是每個人都有不被當作是實驗品或達成集體目標之工具的權利，因為他忽略並犧牲了這些受害者的生命權，這些將會被視為達成技術進步的代價，違反了人類道德上的絕對義務。並且若因追求長遠效益而寬容現狀，也會導致責任歸屬模糊，讓企業得以規避應有的安全防範責任。,"限定(Qualify)：批評部分成立，但我的核心立場不變，只是需加上特定條件或在特定情形下成立。The objection is partly valid, but my core position remains the same. It only holds under certain conditions or in certain cases.",批評部分成立，但我的立場在建立嚴格補償與安全監控配套條件下依舊成立，因為我也同樣承認個體權利不應被完全抹滅，雖然大局的長期效益很重要，但我們仍然不能把受害者看作冷冰冰的代價數據。因此我認為可以維持效益優先的整體方向，但政府將給予試行空間，企業必須對每一筆事故負起絕對的經濟賠償責任，並將事故數據公開，確保這種代價真能轉化為系統的進步，而非單純的白白犧牲。,這選擇所需付出的代價是「初期少數人的生命安全風險」以及「對企業課予極高的法律與金錢負擔」。對於事故中的受害者及其家屬，他們承擔了實質的生命損失；其次是開發企業，他們必須承擔極高的研發成本與賠償風險。但我認為這個代價是值得付出的，因為若都不開始去嘗試，現有的人為車禍死傷就永遠不會消失。我們可以透過建立事故補償基金等方式來減緩代價，當事故發生時，法律應確保賠償金額遠高於一般車禍，給予實質的經濟撫卹，並強制企業修正漏洞，讓受害者的犧牲成為最後一次的犧牲。,沒有! 辛苦老師們!
2026/04/28 23:54:25,"效益優先 (Benefit First)：只要長期能顯著降低整體交通死傷，自駕車部署就可被接受。If self-driving cars can significantly reduce overall traffic injuries and deaths in the long run, their deployment can be justified.","我認為會有自駕車技術的產生是因為""人會因疲勞而有疏失，導致不可挽救的生命流失""，這類的失誤是無法避免的，因此藉由科技的輔助，來降低此場面的發生機率。因此我主張「效益優先原則」應作為首要考量，其核心價值在於降低整體交通死傷，從長遠來看，自駕車技術是可以持續精進完善的，根據機器學習的原理，只要有足夠多的DATA，其準確率有機會高達99.9%，自駕車的安全性會高於人類自行駕車。在這類自駕車案例中，政府及開發商應該建立數據共享管道，擁有大量的數據是加速學習的重要關鍵，如果因為單一事故而停止開發技術，其潛在的機會成本是會有更多人因為疲勞造成的失誤而受傷甚至喪命，大家應該要擁有集體共識理解並支持技術的發展。",把效益優先原則當成自駕車能否部署的首要考量，看似合理，但它的根本問題是會有人因為自駕車機器人在學習過程中做出的錯誤判斷而造成無法挽回的傷殘或喪命，因為它忽略了當下的情況，在機器人成長的過程中，是需要從錯誤中學習的，因此在機器人還未完全成長時，還是會有失誤的發生。,"堅持(Defend)：批評不成立，我的立場完全不變，我能說明為什麼。The objection fails. My position does not change, and I can explain why.",批評不成立，因為這是必經之路，不可能因為機器人會做出失誤判斷而中止訓練機器人，它本身的設計就是吸收大量經驗才能做出完好的決策。而且人無完全，人也會犯錯，機器人只是犯了大家都會犯的失誤而已，而且人有可能因這次的失誤而造成心理陰影，進而不敢開車，或是開車的時候會更緊張，緊張就更容易錯，但機器人不會，他會把這次的失誤當成它成長的養分，下次遇到類似的情況它可以做出更完美的決定來使局面不那麼慘烈。,我選擇了效益優先原則，付出的代價是機器學習中做出的錯誤判斷造成死傷，這是社會大眾要一起承擔的風險，但我認為這個代價是值得付出的，畢竟人自行駕車也會將大眾暴露在交通死傷的風險中，交通死傷風險並不會因為自駕車的發明而降低，可以先透過大量的交通意外影片學習來降低自駕車的風險，如果經費有餘，也可以利用模型車多模擬真實的交通情況來學習。但我覺得交通規則只要大家認真遵守其實不會有這麼多的意外發生，提早出門，慢慢開，不酒駕，基本可以免去一大半的交通意外,
2026/04/28 23:58:36,"一般用路人風險保護優先 (Road User Protection First)：自駕車的研發與測試風險，不應主要由行人、騎乘者與其他一般用路人承擔。The risks of developing and testing self-driving cars should not fall mainly on pedestrians, cyclists, and other road users.","P1:風險與利益的分配不平等，研發企業可能獲得到的商業利益，風險卻是一般行人要承擔，不合理
P2:每個人承擔的風險都應該平等
C:企業不該在測試階段沒有達到極高水準下釋出上路",把自駕車本身會對行人造成更大的傷害風險當成判斷自駕車能否部署的首要考量，看似合理，但它的根本問題是自駕車本身創造出來的目的就是方便和降低人為操作的風險，來減少車禍死亡率，因為它忽略了人類駕駛因違規所造成的傷亡和其產生的風險同樣由一般用路人承受，也忘記了以長期來看，透過技術最終可能可以降低更多傷亡,"放棄(Concede)：批評成立，我改變立場了。The objection is valid, and I change my position.",批評成立，因為這在我原先的在意的點上說出了自駕車是具有倫理上可接受的正當性，所以我改變立場了,"妥協於少數無辜生命的犧牲，但實際上侵犯了個人的「知情同意權」與「身體自主權」
這些風險得由一般行人來承受
值得付出，以綜合利益上至值得的，但自駕車必須要嚴格分級或分類區域之類的，還有強制數據透明與共享",無
2026/04/29 00:10:39,"效益優先 (Benefit First)：只要長期能顯著降低整體交通死傷，自駕車部署就可被接受。If self-driving cars can significantly reduce overall traffic injuries and deaths in the long run, their deployment can be justified.",根據數據，AI自動駕駛成長速度頗快，因此長期有望降低事故率。我主張效益優先，核心提升全人類生命安全。但應在證明整體風險低於人類駕駛下，有條件的部屬與監管。,"把效益優先當成判斷自駕車能否部署的首要考量，看似合理，但它的根本問題是用整體利益正當化個體的風險，因為它忽略無辜用路人""不應""被迫承擔實驗性風險與基本權利保障。","限定(Qualify)：批評部分成立，但我的核心立場不變，只是需加上特定條件或在特定情形下成立。The objection is partly valid, but my core position remains the same. It only holds under certain conditions or in certain cases.","批評部分成立，但我的立場在""整體事故率已顯著低於人類駕駛""的條件下仍然能成立，因為即使存在個體風險不對稱，只要能實質降低總體死傷，還是符合""最大化生命安全""的倫理目標，而責任機制僅是降低制度風險的配套，不是部署的先決條件。",代價是犧牲個體安全，部分路人承擔較高風險。我認為在降低總體死傷下可接受，但需以提高安全測試與風險限制機制減緩不公平。,
2026/04/29 00:28:33,"一般用路人風險保護優先 (Road User Protection First)：自駕車的研發與測試風險，不應主要由行人、騎乘者與其他一般用路人承擔。The risks of developing and testing self-driving cars should not fall mainly on pedestrians, cyclists, and other road users.",2018年uber自駕車撞死行人。其他用路人不應該因為自駕車的利益，而承擔風險。uber實驗人員應該在技術成熟前，將測試限制在封閉場地內，或確保監督人員具備即時完全接管的能力，還有安全監督人員不應該分心。,把一般用路人風險保護優先當成判斷自駕車能否部署的首要考量，看似合理，但它的根本問題是過度的保守，讓技術發展延緩，可能會導致更多人遭受交通事故，因為它忽略了未來透過自駕技術普及後，每年能減少數以萬計由人為誤判所造成的傷亡。,"限定(Qualify)：批評部分成立，但我的核心立場不變，只是需加上特定條件或在特定情形下成立。The objection is partly valid, but my core position remains the same. It only holds under certain conditions or in certain cases.", 批評部分成立，因為人為駕駛所造成的傷亡也沒有比較少，但我的立場在開發者必須承擔研發的風險，而非轉嫁給第三方的條件下仍然能成立。因為雖然自駕技術未來能救人，但進步的代價不應由不知情的用路人用生命去填補。研發延緩的代價應該透過增加封閉場地測試或模擬器運算來解決，而不是以未來會更安全為藉口，要求現在的用路人承擔不必要風險。,更高的研發成本，以後會顯現在價格上。本來可避免的車禍，在技術發展延緩普及的這段時間仍會發生。,
2026/04/29 00:31:19,"一般用路人風險保護優先 (Road User Protection First)：自駕車的研發與測試風險，不應主要由行人、騎乘者與其他一般用路人承擔。The risks of developing and testing self-driving cars should not fall mainly on pedestrians, cyclists, and other road users.","P1（事實）：
Uber 自駕測試撞死行人，緊急煞車系統未啟用且系統誤判未煞車、駕駛並未即時介入。
P2（規範）：
應優先保護一般用路人，避免讓人民承擔測試風險。
C（結論）：
不應在無緊急煞車系統啟用狀態且保持駕駛專注時上路測試。",把一般用路人風險保護優先當成判斷自駕車能否部署的首要考量，看似合理，但它的根本問題是過度提高上路門檻、拖慢技術進展，因為它忽略了自駕車能力提升帶來長期事故減少的效益。,"限定(Qualify)：批評部分成立，但我的核心立場不變，只是需加上特定條件或在特定情形下成立。The objection is partly valid, but my core position remains the same. It only holds under certain conditions or in certain cases.",批評部分成立，但我的立場在限定並明確公告的示範區或實驗區條件下仍然能成立，因為我們不能使完全無知的民眾成為測試對象。,"誰負責代價與承擔：
對於自駕車廠商來說承擔的代價在於樣本數減少會時進展緩慢。
是否值得：
我認為這個代價值得付出。
減緩方式：
透過設立示範區或實驗區來讓部分被民眾知情的情況下做為訓練樣本。",若自動駕駛在事故率上比真人來的低時，那我們堅持不接受的立場，是否只是為了保住人性的尊嚴來與 AI 做區隔？還是我們應該回過頭重新來檢討人類能否上路的資格？
2026/04/29 00:31:27,"責任追溯與課責優先 (Accountability First)：若事故發生後無法清楚追溯責任、說明決策依據並進行有效課責，則不應部署。If, after an accident, responsibility cannot be clearly traced, the basis of the decision cannot be explained, and effective accountability cannot be imposed, then deployment should not be allowed.",我主張責任追溯與課責優先，它的核心價值是讓大家信任這項技術。而在此案件中，只有駕駛員受到起訴，這樣有可能會為了成本減少安全測試，所以我認為所有負責自架系統的人都應該負擔責任。,把責任追溯與課責優先當成判斷自駕車能否部署的首要考量，看似合理，但它的根本問題是過度苛責造成創新的速度下降，因為它忽略了技術提升也會讓安全性提升。,"限定(Qualify)：批評部分成立，但我的核心立場不變，只是需加上特定條件或在特定情形下成立。The objection is partly valid, but my core position remains the same. It only holds under certain conditions or in certain cases.",批評部分成立，但我的立場在能夠明顯了解缺失的部分條件下仍然能成立，因為可以明確地判定是誰該負責該部分的責任。,該選擇會導致創新速度下降，而工程師需要為此負擔極大壓力。這個部份我認為可以透過提高薪水來減緩代價。,再怎麼樣都不可能讓自駕車達到0風險，但不知道薪水多高能夠讓工程師心甘情願扛著壓力做事。
2026/04/29 00:39:16,"一般用路人風險保護優先 (Road User Protection First)：自駕車的研發與測試風險，不應主要由行人、騎乘者與其他一般用路人承擔。The risks of developing and testing self-driving cars should not fall mainly on pedestrians, cyclists, and other road users.","P1:自駕車發生事故說明這項技術仍不成熟，但路人在事件中成為受害者並非出自他們的意願，在受益前非自願的承擔開發風險
P2:我主張一般用路人風險保護優先，核心價值是安全跟公平，科技要發展不應該讓沒有同意參與的人承擔開發風險
C:自駕車應該由政府與企業嚴格測試，並確認安全後再上路，不應該用先上路再修正的方式測試",把一般用路人風險保護當成首要考量看似合理，但根本問題是它承擔比人駕車更高的標準，因為它忽略在某些情境下人駕車反而比自駕車要來得危險,"限定(Qualify)：批評部分成立，但我的核心立場不變，只是需加上特定條件或在特定情形下成立。The objection is partly valid, but my core position remains the same. It only holds under certain conditions or in certain cases.",批評部分成立，但我的主張在對自駕車的要求合理的前提下仍能成立，因為以路人風險保護為前提不是禁止，而是確認安全門檻不會讓路人承擔風險，如果自駕車在某些情況能比人駕車更安全，則可以限制部署,以路人安全風險為優先，可能會讓自駕車發展效率收到影響，且如果自駕車確實能降低事故發生率，延緩測試可能會延緩部署獲得的利益,在選擇讓科技快速發展跟考慮路人風險上，很難去判斷哪一個是更加優先的考量，不管選擇哪一個都會顧慮到另一方面的問題
2026/04/29 00:40:18,"一般用路人風險保護優先 (Road User Protection First)：自駕車的研發與測試風險，不應主要由行人、騎乘者與其他一般用路人承擔。The risks of developing and testing self-driving cars should not fall mainly on pedestrians, cyclists, and other road users.","P1的部分是在 Uber 自駕車事故案例中，自駕車是在公共道路上進行測試，但實際承擔風險的人不只是 Uber 公司、工程師或車上的安全駕駛，而是包含行人、騎腳踏車的人，以及其他一般用路人。這些人並沒有主動同意參與自駕車測試，也沒有辦法清楚知道自己正在承擔一個新技術尚未成熟時的風險。更重要的是，一旦自駕系統判斷錯誤，後果不是單純的程式錯誤，而是可能造成實際的身體傷害甚至死亡。
P2的部分是我主張 一般用路人風險保護優先應該作為首要考量，因為這個原則的核心價值不是單純認為路人很可憐，而是強調公共道路上的風險分配必須公平，自駕車公司可以從技術研發中獲得商業利益，未來社會也可能因為自駕車而減少交通事故，但是在技術還沒有足夠安全、監管還不夠完整之前，不能把主要風險轉嫁給沒有選擇權的一般用路人。
所以C結論的部分是這類自駕車案例中，我認為企業與政府不應該只因為自駕車未來可能帶來更大效益就允許它直接上路測試或部署，自駕車公司應該先證明系統在特定道路、速度、天氣和交通情境下已經有足夠安全性，並且要有清楚的監督機制、事故通報制度與風險控制措施而政府也應該要求獨立審查，而不是只依賴企業自己的安全聲明，如果這些條件還沒有達到，就不應該讓一般行人、騎乘者和其他用路人成為主要風險承擔者。",把一般用路人風險保護優先當成判斷自駕車能否部署的首要考量，看似合理，但它的根本問題是可能會讓社會過度保守，甚至阻礙一項未來可能大幅降低交通傷亡的技術發展，因為它忽略了現實中的人類駕駛本來就會造成大量交通事故，而自駕車若能透過實際道路測試逐步改善，長期來看可能反而可以保護更多人的生命安全。,"限定(Qualify)：批評部分成立，但我的核心立場不變，只是需加上特定條件或在特定情形下成立。The objection is partly valid, but my core position remains the same. It only holds under certain conditions or in certain cases.",批評部分成立，但我的立場在有嚴格監管、清楚限制測試範圍、具備足夠安全證據與可課責機制等等的條件下仍然能成立，因為自駕車確實需要在真實道路環境中累積經驗，才有可能處理公共道路上的複雜情境，如果完全禁止上路測試，可能會讓技術無法進步，也可能延後未來降低交通事故的機會。,我選擇一般用路人風險保護優先，而它的代價是自駕車的研發和部署速度可能會變慢，企業需要投入更多時間與成本在安全測試、資料公開、獨立審查和監管配合上，也就是說，科技創新和商業發展的效率會被排在後面順位的考量，至於承擔這個代價的人，主要會是自駕車公司、投資者、研發團隊，以及期待自駕車快速普及的使用者。對企業來說，上市時間可能延後，研發成本會增加，對社會來說，也可能比較晚享受到自駕車未來可能帶來的好處，例如減少人為駕駛錯誤、改善交通效率或降低事故率。,自駕車到底要達到多安全，才可以算是有倫理上可接受的部署正當性？一方面，我認為一般用路人不應該被迫承擔自駕車測試的風險，因為他們沒有同意參與實驗，也很難知道自己正在面對什麼風險，但另一方面，如果要求自駕車必須幾乎完全安全才能上路，那技術可能永遠沒有辦法在真實道路中累積經驗，也就很難真正進步，所以我最不確定的是我們應該用什麼標準來判斷足夠安全呢？是要比一般人類駕駛安全？還是要比專業駕駛安全？要看整體事故率，還是也要看特定族群，例如行人、騎腳踏車的人、老人或小孩，是否承擔了更高風險
2026/04/29 00:45:06,"效益優先 (Benefit First)：只要長期能顯著降低整體交通死傷，自駕車部署就可被接受。If self-driving cars can significantly reduce overall traffic injuries and deaths in the long run, their deployment can be justified.","P1:自駕車能減少交通事故的產生率
P2:我主張效益原則優先，如果這項發明或科技能夠使社會上大多數人得利，就應該要實行
C:在自駕車案例中，政府不應該對自駕車上路給予太多法規或禁令，再通過安全性測試和評估後就應以群體的社會利益為考量，讓自駕車上路",把效益當成判斷自駕車能否部屬的首要考量，看似合理，但它的根本問題是無法再現環境下評估未來自駕車普及後能否維持較低的交通事故發生率，因為它忽略了當自駕車開始普及，或未設令嚴格限制的情況下，民眾會因自動駕駛的普及而降低在道路上的警覺和注意，甚至可能因此造成更多交通事故。,"限定(Qualify)：批評部分成立，但我的核心立場不變，只是需加上特定條件或在特定情形下成立。The objection is partly valid, but my core position remains the same. It only holds under certain conditions or in certain cases.",批評部分成立，但我的立場在政府有設置相關配套措施的條件下仍然能成立，因為如果能加強民眾對自動駕駛的認知和安全駕駛的觀念，就能避免上述狀況發生,效益優先付出的代價就是在這項科技尚未完全開發，仍有偶發事故的狀態下的意外犧牲者，但我認為這項代價是值得付出的，在所有轉型階段中的陣痛期所經歷的犧牲都是必須且不可避免的，為了未來大眾更好的交通環境，讓自駕車上路並從中汲取經驗後改良是必須的,
2026/04/29 00:51:11,"責任追溯與課責優先 (Accountability First)：若事故發生後無法清楚追溯責任、說明決策依據並進行有效課責，則不應部署。If, after an accident, responsibility cannot be clearly traced, the basis of the decision cannot be explained, and effective accountability cannot be imposed, then deployment should not be allowed.","P1（事實）： 在Uber自駕車撞死人的事故中，AI誤判，車上的測試員又在看手機，而公司為了趕進度把系統寫得太寬鬆。出事後，各方互相踢皮球，系統也無法給出人類能理解的肇事原因。
P2（規範）： 我主張「責任追溯與課責優先」。這個立場保護的核心價值是「社會對司法正義的信任」。如果今天自動駕駛發生事故，卻因為是AI程序而無人負責，會讓受害者求償無門，無法提供一個適當的行車環境。
C（結論）： 因此，在這類案例中，不應該在法律規則還沒講清楚之前，就把自駕車丟到公共道路上測試；政府也應該要求廠商提出明確的賠償與究責機制才能發放牌照（上路許可）。","把""責任追溯與課責優先""當成判斷自駕車能否部屬的首要考量，看似合理，但它根本的問題是""科技公司不可能等你法規完善才來設計製造""，因為它忽略（或犧牲了）""產業對於時代浪潮的跟進以及科技的更新速度""。
科技公司為了更快的推進更新新的、更好的產品，不可能什麼都不做就等你法律定好才來做，甚至由於法不朔及既往以及其他特性，刻意去鑽法律漏洞來賺取更多的錢。","修正(Revise)：批評很可能成立，我的核心立場會有很大調整，即使整體方向不變。The objection is likely valid, so my core position needs major revision, even if its overall direction remains the same.","「批評很可能成立，我需要調整 ""要求自駕車系統必須能被人類完全理解、並精準追溯犯錯過程這種不切實際的技術預設""，但整體方向仍是""責任追溯與課責優先""，因為""技術上無法做到過程透明，我們就改用「結果負責」的保險模式。不管AI怎麼想的，只要出事，製造商就是扛起天價賠償。用經濟責任代替技術解釋，依然能逼迫廠商重視安全，並保障受害者權益。""」","最明顯的代價是""自駕車系統會明顯被財團壟斷""以及""乘客需付的車資會大幅提高""
天價賠償首先就讓中小型企業完全無法參與競爭，只有如特斯拉、Google等擁有頂級的AI科技與龐大的資金才玩得起這種形式，相對的，這筆龐大的技術安全保險也會被科技公司最終轉嫁給乘客，造成整個市場的萎縮（乘客量大幅減少，公司撤資）。
我覺得值得，畢竟人命不是無良公司省錢的犧牲品，但政府（立法規範者）可以設立責任保險基金等，讓所有的研發公司來共同承擔風險，類似於汽機車的強制險，讓中小公司也有機會參與競爭，不至於到完全的天價與壟斷。",
2026/04/29 01:20:25,"效益優先 (Benefit First)：只要長期能顯著降低整體交通死傷，自駕車部署就可被接受。If self-driving cars can significantly reduce overall traffic injuries and deaths in the long run, their deployment can be justified.",事實是科技的進步可以為人們的生活帶來便利，我主張效益優先原則應優先，該原則的核心價值是以其為大眾增加生活便利性，在這類自駕車案例中，設計者應該預設自己是非使用者來反向思考，不應該只考慮到其帶來的方便。,把使用者當成判斷自駕車能否部署的首要考量，看似合理，但它的根本問題是交由系統判斷如何在道路上操作，因為它忽略或犧牲了非使用者的道路安全。,"限定(Qualify)：批評部分成立，但我的核心立場不變，只是需加上特定條件或在特定情形下成立。The objection is partly valid, but my core position remains the same. It only holds under certain conditions or in certain cases.",批評部分成立，但我的立場在系統設計完善及通過多項現實因素的實驗下仍然能成立，因為程序比人為更容易降低事故概率。,代價是行人或騎腳踏車的人會在設計上權重較低或是在極端精算下被認為是可犧牲的個體，以及存在道路上的不確定因素，這些都是企業與使用者所需承擔的。,
2026/04/29 01:38:11,"一般用路人風險保護優先 (Road User Protection First)：自駕車的研發與測試風險，不應主要由行人、騎乘者與其他一般用路人承擔。The risks of developing and testing self-driving cars should not fall mainly on pedestrians, cyclists, and other road users.","自駕車本身用意是設計用來降低事故發生，若是本身在技術不成熟或違無法降低社會外部成本的情況下為優先需要解決的,如公民的生命權受到威脅",對於在事故發生時系統會判斷到底是駕駛者重要還是附近的其他路人重要，犧牲了本身對於生命價值的平等性,"限定(Qualify)：批評部分成立，但我的核心立場不變，只是需加上特定條件或在特定情形下成立。The objection is partly valid, but my core position remains the same. It only holds under certain conditions or in certain cases.",批評部分成立，但我的立場在為了降低事故影響下條件下仍然能成立，因為系統的判斷能減少人的情感及其他考量，而是能夠較爲中立的做出判斷,雖然必須在事故當下的許多情況中選擇一個應對方式，若確定能夠最低降低影響的情況下，一般用路人仍舊有優先受到保護的權利,
2026/04/29 01:41:34,"責任追溯與課責優先 (Accountability First)：若事故發生後無法清楚追溯責任、說明決策依據並進行有效課責，則不應部署。If, after an accident, responsibility cannot be clearly traced, the basis of the decision cannot be explained, and effective accountability cannot be imposed, then deployment should not be allowed.","P1：一旦事故發生，責任可能分散在工程師、公司或是系統本身等之間，若缺乏良好的紀錄與說明機制，就很難釐清是誰在何種決策環節出了問題。

P2：我主張責任追溯與課責優先，核心價值是可被說明與可被追究的責任結構，一個會影響他人生命與安全的技術系統，必須讓其決策過程可以被理解、檢視，並在出錯時能明確指向負責的行動者。

C：開發與部署自駕系統的公司與相關單位，應該在上路前建立完善的決策紀錄、可解釋機制與責任分配架構。",把責任追溯與課責優先當成判斷自駕車能否部署的首要考量，看似合理，但它的根本問題是可能過度提高技術部署門檻，因為它忽略整體安全提升與社會效益的潛在價值。,"限定(Qualify)：批評部分成立，但我的核心立場不變，只是需加上特定條件或在特定情形下成立。The objection is partly valid, but my core position remains the same. It only holds under certain conditions or in certain cases.",批評部分成立，但我的立場在已具備基本責任追溯能力且風險控制在可接受範圍內的情境下仍然能成立，因為即使責任無法做到完全清晰，仍能確保事故發生後有足夠資訊進行檢視與改進，而不至於讓傷害變成無法追究的結果。,這個選擇的代價在於它仍然會提高自駕車部署的門檻，減慢技術上路的速度，也可能延後潛在的交通安全改善與產業發展；承擔這個代價的主要是科技公司等相關產業；而我認為這樣的代價是值得的，因為在涉及人身安全的技術中，如果連基本的責任釐清與事後檢視都做不到，將會嚴重削弱制度的信任基礎，也可能讓受害者無法獲得合理回應,如果自駕車在整體統計上已經比人類駕駛更安全，但仍然無法做到完全清楚的責任追溯，那我們到底應不應該允許它上路呢？
2026/04/29 01:48:56,"一般用路人風險保護優先 (Road User Protection First)：自駕車的研發與測試風險，不應主要由行人、騎乘者與其他一般用路人承擔。The risks of developing and testing self-driving cars should not fall mainly on pedestrians, cyclists, and other road users.","p1：Uber 自駕車事故中，現階段的技術還未成熟，是有風險的，然而這些風險都直接暴露在未同意參與測試的一般用路人。
P2：讓他人承擔風險至少需要其知情與同意，而一般用路人並未同意成為測試對象。
P3：Uber，不應在風險尚未被充分控制前，將測試直接放在開放公共道路上。",把「一般用路人風險保護優先」當成判斷自駕車能否部署的首要考量，看似合理，但它的根本問題是過度強調用路人的風險同意，因為它忽略（或犧牲了）在可能比現有人類駕駛更安全的自動駕駛發展速度。,"限定(Qualify)：批評部分成立，但我的核心立場不變，只是需加上特定條件或在特定情形下成立。The objection is partly valid, but my core position remains the same. It only holds under certain conditions or in certain cases.",批評部分成立，但我的立場在行人不知情參加測試條件下仍然能成立，因為我認為可以劃分區域讓同意參加測試的人進行就好。,企業可能會多花費成本跟時間去畫區域測試，但我認為是值得的，或許可以跟政府合作。,
2026/04/29 01:54:31,"責任追溯與課責優先 (Accountability First)：若事故發生後無法清楚追溯責任、說明決策依據並進行有效課責，則不應部署。If, after an accident, responsibility cannot be clearly traced, the basis of the decision cannot be explained, and effective accountability cannot be imposed, then deployment should not be allowed.","P1:當測試駕駛員或是一般駕駛過於依賴AI辨識和系統自動化的時候，一旦發生失誤時，責任缺口往往停留在灰色地帶，大家都互踢皮球，使得法律判斷和決策變得更加困難。

P2:我主張責任追溯與課責優先，因為如果今天發生問題時，甚至是攸關人命的案件，當我們無法在法律上找到明確的課責主體，會導致全體民眾對法律失去信任及信心。

C:在自駕車技術能夠被徹底實施明確且完整的的法律歸責機制前，自駕車不應該被允許在公共道路上開車。政府必須先建立一個完整的配套措施，把每一個可能性納入考量並找到明確的責任歸屬，目的是讓大眾對於法律背後的決策依據更加清楚且明確。",把責任追溯與課責優先當成判斷自駕車能否部署的首要考量，看似合理，但它的根本問題是技術發展和課責優先之間的一種價值判斷，然而如果因為怕出事、因為尚未沒有完全的法律制度就不讓自駕車上路，那其實社會也不會有進步，因為根本就沒有機會被拿出來做修正與討論，在還沒有實行責任追溯與課責優先前，社會已經先選擇逃避這個大議題了。,"限定(Qualify)：批評部分成立，但我的核心立場不變，只是需加上特定條件或在特定情形下成立。The objection is partly valid, but my core position remains the same. It only holds under certain conditions or in certain cases.",批評部分成立，但我的立場在自駕車全面大規模上路時一樣可以成立，因為我並非主張要有百分之百完整的決策依據才能夠上路，而是至少應該要有最基本的課責優先決策依據。而反對方主要是認為課責機制其實應該是在技術發展過程中逐漸形成的，但不等於我們要在完全空白的決策依據下就先讓自駕車上路。,雖然為了社會穩定必須要先有基礎的課責機制，但我們仍然是犧牲了人類在科技上進步的速度，到現在仍未無法普及，這個後果是全人類要去承擔的，因此各國政府都應該更積極處理課責機制。,
2026/04/29 02:06:39,"效益優先 (Benefit First)：只要長期能顯著降低整體交通死傷，自駕車部署就可被接受。If self-driving cars can significantly reduce overall traffic injuries and deaths in the long run, their deployment can be justified.",自駕車最一開始的目的就是為了避免人類駕駛的疏忽以達到降低事故率的結果，因此選擇效益優先。在這個案例中，企業應該完善自駕車的演算法以及環境感知的方式，再讓車輛投入實際運轉。,把效益優先當成判斷自駕車能否部署的首要考量，看似合理，但它的根本問題是資料庫的安全性以及獲得資訊的方式，因為它忽略被攻擊的可能性。,"堅持(Defend)：批評不成立，我的立場完全不變，我能說明為什麼。The objection fails. My position does not change, and I can explain why.",批評不成立，因為這是可以透過硬體及資料庫交叉比對限制去解決的問題。,責任追溯的部分或者為了追溯責任歸屬而設置camera造成的隱私問題,完全自駕車是真的有必要存在的嗎？若有是否有現有技術可以支持安全運轉又不阻攔交通？
2026/04/29 02:07:35,"一般用路人風險保護優先 (Road User Protection First)：自駕車的研發與測試風險，不應主要由行人、騎乘者與其他一般用路人承擔。The risks of developing and testing self-driving cars should not fall mainly on pedestrians, cyclists, and other road users.","P1: 無論是否為測試車輛，當車子行駛在道路上必須注意行車安全，且根據台灣現有路權規範，行人路權優先於一般車輛，優先保障路人的用路安全。
P2: 我主張一般用路人風險保護優先。該原則的核心價值是自駕車的研發與測試風險不應主要由行人、騎乘者與其他一般用路人承擔。
C3: 自駕車的研發和測試應該將用路人的風險評估納入考量。",把一般用路人風險保護優先當成判斷自駕車能否部署的首要考量，看似合理，但它的根本問題是使用者相對變成風險較高的一方，因為它忽略（或犧牲了）車內乘客的安全問題，當發生問題自駕車需要避險時，乘客的風險就會高於用路人。,"修正(Revise)：批評很可能成立，我的核心立場會有很大調整，即使整體方向不變。The objection is likely valid, so my core position needs major revision, even if its overall direction remains the same.",批評很可能成立，我需要調整成責任追溯與課責，但整體方向仍是一般用路人風險保護優先 ，因為路人並未從自駕車獲得受益，且仍需承擔自駕車帶來的風險。,選擇一般用路人風險保護優先的立場，首先，我如果身為使用自駕車的用戶，身為消費者安全並未受到保障。其次，台灣的路況也是會有不合規的用路人，當優先保障他們時，那要如何界定我因為他們的不合規造成的損失。,我最疑惑的點是，關於責任界定的問題。因為車在路上行駛難免會發生一些突發狀況，有可能是開車的騎車的或者行人，當自駕車發生狀況時，究竟是車子持有者的問題，還是開發商的問題，要如何追責？尤其如果當自駕車行駛在道路上撞死人，那要算在誰的頭上？
2026/04/29 02:18:11,"一般用路人風險保護優先 (Road User Protection First)：自駕車的研發與測試風險，不應主要由行人、騎乘者與其他一般用路人承擔。The risks of developing and testing self-driving cars should not fall mainly on pedestrians, cyclists, and other road users.","P1：在 Uber自駕車事故 中，測試中的自駕車在公共道路上運行，實際承擔風險的並不是開發公司或測試員，而是沒有選擇權的一般用路人（例如行人與騎士）。這些人既未被充分告知，也無法拒絕成為測試的一部分，卻可能承受致命後果。

P2：我主張「一般用路人風險保護優先」，其核心價值是風險分配的正義與同意原則。也就是說，不應將高風險強加在未同意且無法避免的他人身上。即使科技發展具有潛在公共利益，也不能以犧牲特定無辜群體為代價來換取整體進步。

C：因此，在自駕車部署與測試中，開發公司與監管機構不應直接在開放公共道路上進行高風險測試，除非已確保風險已降至不會不成比例地轉嫁給一般用路人，或提供充分的保護機制與替代方案。換言之，應由技術開發者與制度設計者承擔主要風險，而不是讓無辜的路人被動承擔。",把「一般用路人風險保護優先」當成判斷自駕車能否部署的首要考量，看似合理，但它的根本問題是過度強調個別風險的避免，反而可能阻礙整體風險的降低，因為它忽略了自駕車長期可能大幅減少交通事故與死亡人數的公共利益。若要求在部署前幾乎完全排除對用路人的風險，將使技術難以在真實環境中測試與改進，導致更安全的交通系統被延遲甚至無法實現，最終可能讓更多人持續死於現有的人為駕駛事故中。,"限定(Qualify)：批評部分成立，但我的核心立場不變，只是需加上特定條件或在特定情形下成立。The objection is partly valid, but my core position remains the same. It only holds under certain conditions or in certain cases.",我選擇「限定」，因為批評部分成立，但我的立場在「自駕車尚未達到明顯安全優勢、且風險仍主要由無辜用路人承擔」的條件下仍然能成立，因為此時優先保障未同意承擔風險者的安全，仍比追求潛在長期效益更具正當性。不過，一旦自駕車已被證實能顯著降低整體交通死傷，且測試與部署風險已有制度性分擔與控管，我認為就可以適度放寬這個原則，不再將其作為唯一優先考量。,"這個選擇的代價可能是延緩自駕車發展，讓整體交通安全提升變慢，這主要由所有用路人承擔。我認為這個代價是可以接受的，因為不應讓未同意的無辜者承擔高風險。不過，可以透過模擬測試、分階段開放和補償機制來減輕影響。
即使如此，我仍放棄了「整體效益最大化」這個價值，也對可能延誤拯救更多生命感到不安，因此應盡量在保障安全的前提下，加快技術成熟。",無
2026/04/29 02:20:01,"一般用路人風險保護優先 (Road User Protection First)：自駕車的研發與測試風險，不應主要由行人、騎乘者與其他一般用路人承擔。The risks of developing and testing self-driving cars should not fall mainly on pedestrians, cyclists, and other road users.","P1（事實）
在 Uber 自駕車事故案例中，自駕系統仍處於開發與測試階段，其感知與決策能力存在高度不確定性，因此不可避免地伴隨風險。然而，這些風險並非僅由企業或自願參與者承擔，而是實際轉嫁到一般用路人身上，例如行人與騎士。這些人既未同意參與測試，也無法控制該技術的運作，卻成為潛在受害者。

⸻

P2（規範）
我主張應優先採取「一般用路人風險保護優先」原則，其核心價值在於風險分配的公平性與對人的尊重。
具體而言，若一項技術的發展需要承擔風險，則不應將這些風險不對等地加諸於未同意且無法受益的他人身上。否則，就等同於將這些人當作達成技術進步的工具，而非具有自主性與尊嚴的個體。倫理上可接受的部署，必須確保風險由適當且可接受的一方承擔，或至少已被充分降低與保護。

⸻

C（結論）
因此，在 Uber 自駕車這類案例中，企業與監管機構不應在無法確保一般用路人風險被充分控制與公平分配的情況下，直接於公共道路進行部署或測試。
在達到足夠安全標準之前，應採取更嚴格的測試條件（例如封閉環境、額外安全機制等），避免將技術不確定性轉嫁給無辜的社會大眾。否則，此類部署在倫理上是不正當的。","把「一般用路人風險保護優先」當成判斷自駕車能否部署的首要考量，看似合理，但它的根本問題是對風險採取過度嚴格的零容忍標準，因為它忽略（或犧牲了）整體社會安全的長期提升與技術進步所帶來的公共利益。

具體而言，若要求在任何情況下都不得讓一般用路人承擔風險，將使自駕車幾乎無法在真實環境中測試與改進，進而延緩甚至阻礙一項有潛力大幅降低交通事故與死亡率的技術發展。結果反而可能讓更多人持續暴露在現有人類駕駛所造成的高風險之中，從長遠來看，這種立場可能導致更大的總體傷害。","限定(Qualify)：批評部分成立，但我的核心立場不變，只是需加上特定條件或在特定情形下成立。The objection is partly valid, but my core position remains the same. It only holds under certain conditions or in certain cases.","批評部分成立，但我的立場在「風險已被合理控制且不高於現有交通風險」的條件下仍然能成立，因為風險分配的公平性仍是不可被犧牲的基本倫理要求。

具體而言，我承認批評指出的重要問題：若將「一般用路人風險保護優先」理解為完全不可讓路人承擔任何風險，將會過度限制自駕車的實際測試與發展，進而延誤整體交通安全的改善。然而，這並不代表該原則應被放棄，而是應被重新界定其適用條件。

在風險已經過充分測試、被顯著降低，且整體危險程度不高於人類駕駛所造成的現有交通風險時，有限度的部署可以被允許。但即使在此情況下，仍必須確保一般用路人不會承擔不成比例或不知情的風險。

因此，我的立場維持不變，但需加上條件：自駕車的部署只有在兼顧整體安全提升與風險分配公平的前提下，才具有倫理正當性。","我的立場代價在於：延緩技術發展與整體效益的實現。

優先採取「一般用路人風險保護優先」意味著，自駕車在達到高度安全標準之前，將受到更嚴格的限制，無法快速大規模部署。這樣的選擇會延後自駕車可能帶來的整體交通安全提升、降低事故率，以及相關經濟與效率效益。

承擔這些代價的主要是整體社會，特別是目前仍暴露在高事故風險中的用路人，以及期待自駕技術改善交通的產業與使用者。他們可能必須更長時間承受現有人類駕駛所帶來的事故風險與不便。

我認為這個代價在原則上是值得付出的，因為若為了加速技術發展而將風險不公平地轉嫁給未同意的一般用路人，將違反基本的倫理正當性。然而，這個代價不應被完全接受，而應透過制度設計加以減緩與補償。

例如，可以透過：

在封閉或半封閉環境中加速測試，以兼顧安全與技術進步
建立嚴格的安全門檻與分階段部署機制，避免一次性全面開放
對潛在受影響的用路人提供資訊透明與風險告知
建立完善的補償與保險制度，在事故發生時提供即時救濟","目前最讓我感到困惑的是：我們應該如何界定「可接受的風險門檻」？

一方面，如果標準設得過高（幾乎不允許任何風險），自駕車將難以在真實環境中測試與改進，進而延緩整體交通安全的提升；但另一方面，如果標準設得過低，則可能讓一般用路人在未同意的情況下承擔不公平的風險。

更困難的是，現有的人類駕駛本身就具有一定程度的風險，因此問題不只是「是否有風險」，而是自駕車的風險必須低到什麼程度，才算具有倫理上的正當性。例如，是要「顯著低於人類駕駛」，還是只要「大致相當」即可？這樣的判準目前並沒有明確且一致的標準。

因此，我的猶豫在於：在追求風險公平與促進整體效益之間，應該如何劃定一條既合理又可實際執行的界線。這不僅是技術問題，更是價值判斷上的困難。"
2026/04/29 02:29:10,"一般用路人風險保護優先 (Road User Protection First)：自駕車的研發與測試風險，不應主要由行人、騎乘者與其他一般用路人承擔。The risks of developing and testing self-driving cars should not fall mainly on pedestrians, cyclists, and other road users.","P1（事實）：在 Uber 的案例中，不幸遇難的行人只是在一般道路上行走，並沒有參與自動運転的研發，也沒有同意承擔相關風險。事實上，自動駕駛技術在尚未完全成熟的情況下，就直接在一般民眾日常使用的公道上進行測試，這讓不知情的第三者暴露在危險之中。

P2（規範）：我認為應該優先考慮「一般用路人風險保護優先」。其核心價值在於**「尊重個體生命與基本人權」**。不論是為了企業的利益，還是為了未來社會整體的交通便利，都不應該把無辜個體的生命當成實驗的代價。我們不能因為追求技術進步，就強迫他人承擔不屬於他們的風險。

C（結論）：根據上述事實與規範，開發自動駕駛技術的企業與政府，在安全性得到完全證實之前，不應在會影響一般行人的情況下進行公道測試。比起技術的發展速度，現階段應該優先建立能保護所有用路人的安全機制，並確保研發過程不會侵害到一般市民的生存安全。","把一般用路人風險保護當成判斷自駕車能否部署的首要考量，看似合理，但它的根本問題是會讓技術進步太慢，而且很難拿到真實的數據。
因為它忽略了未來本來可以被救的那些人。雖然自動駕駛的事故很容易被大家放大討論和批評，但如果因為害怕風險就不在公路上測試，技術就沒辦法進步，最後反而犧牲了未來更多可以被救的生命。","限定(Qualify)：批評部分成立，但我的核心立場不變，只是需加上特定條件或在特定情形下成立。The objection is partly valid, but my core position remains the same. It only holds under certain conditions or in certain cases.","批評部分成立，但我的立場在事先限定測試範圍並確定責任歸屬的條件下仍然能成立。
因為雖然技術發展需要數據，但必須建立在負責任的基礎上。只要在測試前明確限定允許的時間和區域，並在充分說明後，確保企業會承擔事故發生時的所有責任，就能在追求技術進歩的同時，也保障用路人的基本安全。","我的選擇所付出的代價是研發與行政效率的降低。因為嚴格的限制、申請手續以及政府的審查都需要時間，這會直接導致技術發展變慢。這個代價由未來可能獲救的人承擔。
但我認為這是值得的，因為不能為了未來而隨便犠牲現在的人。為了減緩代價，政府應該優化審查流程，讓企業在確保安全且責任明確的前提下，能更有效率地在公道進行測試，而不是單純躲進測試場。","最讓我猶豫的點是安全與進步之間的平衡。
雖然我認為保護現在的用路人是首要條件，但我也明白如果規則太嚴格導致無法在公道測試，技術的進步就會停滯不前。如何能在不犧牲現在的人的前提下，又能量化且有效地獲取能救未來的人所需的真實數據，這兩者之間的界線該如何劃分，是我目前最感到困惑的地方。"
2026/04/29 02:34:46,"一般用路人風險保護優先 (Road User Protection First)：自駕車的研發與測試風險，不應主要由行人、騎乘者與其他一般用路人承擔。The risks of developing and testing self-driving cars should not fall mainly on pedestrians, cyclists, and other road users.","P1:在 Uber 的案例中,過馬路的行人並沒有答應要參加實驗,她只是正常在用路,卻因為自駕系統分不清她是行人還是雜物,加上監控員分心,就這樣失去了生命
P2:我主張「一般用路人風險保護優先」應作為首要原則 這個原則的核心價值是「公平性與不傷害」 無辜的路人不應該在沒有同意也沒有直接獲益的情況下,被強迫承擔科技公司測試產品時的致命風險
C:根據以上兩點,自駕車公司在系統還無法百分之百辨識並避開所有行人之前,不應該在沒有特定防護措施的開放道路上隨便測試,而政府也應限制測試區域,確保路人的安全",把＿一般用路人風險保護優先＿當成判斷自駕車能否部署的首要考量，看似合理，但它的根本問題是＿會拖慢技術普及的速度＿，因為它忽略（或犧牲了）＿原本可以被自駕車救下來的更多生命＿。,"限定(Qualify)：批評部分成立，但我的核心立場不變，只是需加上特定條件或在特定情形下成立。The objection is partly valid, but my core position remains the same. It only holds under certain conditions or in certain cases.","批評部分成立，但我的立場在＿分段部署與嚴格限速＿條件下仍然能成立，因為＿「效益主義」說的有道理,拖太久確實會死更多人 但這不代表我們可以隨便犧牲路人＿","該選擇所需付出的代價是什麼？技術發展會變慢,而且自駕車的普及成本會變得非常高
誰會因此承擔？開發自駕車的企業以及想要享用自駕服務的人
你認為這個代價值得付出，還是可以透過其他方式減緩代價或補償？我認為這個代價值得付出 因為我們不能為了讓一部分人過得更便利,就隨機抽籤讓路上的行人當犧牲品",
2026/04/29 02:53:45,"一般用路人風險保護優先 (Road User Protection First)：自駕車的研發與測試風險，不應主要由行人、騎乘者與其他一般用路人承擔。The risks of developing and testing self-driving cars should not fall mainly on pedestrians, cyclists, and other road users.",事實是當時Uber自駕車仍然在開發階段，相關技術都尚未成熟。我主張一般用路人風險保護原則應優先考量。因為每個人都有自身的權益，不能因為為了造就科技的進步而被剝奪。在自駕車的相關技術尚未成熟的情況下應該由政府機關去做監督，等到技術成熟後再來到一般的道路上測試。,把一般用路人風險保護當成判斷自駕車能否部署的首要考量，看似合理，但它的根本問題是人類駕駛其實十分不安全，每年全球都有好幾百萬的人喪命於車禍，所以他為了要保護少部分的人，而犧牲了更大部分的人,"限定(Qualify)：批評部分成立，但我的核心立場不變，只是需加上特定條件或在特定情形下成立。The objection is partly valid, but my core position remains the same. It only holds under certain conditions or in certain cases.",批評部分成立，但我的立場在現在的社會體制條件下仍然能成立，因為自駕車的進步不應該建立在部分的人身上,雖然對於科技來說步調會相對緩慢，但對於每個來說都是公平的，沒有人會被科技當作一個實驗品,
2026/04/29 03:02:00,"責任追溯與課責優先 (Accountability First)：若事故發生後無法清楚追溯責任、說明決策依據並進行有效課責，則不應部署。If, after an accident, responsibility cannot be clearly traced, the basis of the decision cannot be explained, and effective accountability cannot be imposed, then deployment should not be allowed.","P1(事實):在Uber案例中，AI系統因分類失效且停用緊急煞車而釀災，但責任卻分散在測試駕駛、工程師、管理層與州政府之間，形成「多人手問題」與「責任缺口」。
P2(規範):我主張「責任追溯與課責優先」，其核心價值在於社會正義與系統透明度 。如果無法落實課責，將會降低所有人類行為者應避免AI傷害的動機。
C(結論): 根據上述事實，除非研發團隊能提供具備「有意義的人類控制」之架構，且政府建立明確的法律歸因標準，否則Uber不應在公共道路上部署測試車。",「把[責任追溯與課責優先]當成判斷自駕車能否部署的首要考量，看似合理，但它的根本問題是[過於保守且阻礙創新]，因為它忽略了[法律與課責框架的完善，往往有賴於實際部署後累積的案例才得以修訂]。」,"限定(Qualify)：批評部分成立，但我的核心立場不變，只是需加上特定條件或在特定情形下成立。The objection is partly valid, but my core position remains the same. It only holds under certain conditions or in certain cases.",若選「批評部分成立，但我的立場在[研發端必須落實『決策透明化』與『資料黑盒子』]條件下仍然能成立，因為雖然監管制度需要時間累積案例，但這不代表我們可以容忍沒人負全責的情況 。在部署測試的同時，要求系統能還原事故現場的判斷邏輯，我們就能在法律完善前，先透過技術證據來界定是駕駛、工程師還是管理層的責任。」,"研發成本會變高，因為公司不能只顧著讓車子會動，還要花額外資源去寫程式並建立昂貴的紀錄系統 。這可能會讓自駕車正式上路的時間推遲。
需要承擔的有開發商以及急需新科技的特定族群，例如身障者，因為技術成熟變慢。
我認為這個代價值得付出。因為物理AI的行動受物理條件限制，錯誤可能造成不可逆的傷亡。如果我們為了求快而犧牲「搞清楚誰該負責」的機制，那對那些沒同意承擔風險的第三方用路人是非常不公平的。",無
2026/04/29 03:24:50,"一般用路人風險保護優先 (Road User Protection First)：自駕車的研發與測試風險，不應主要由行人、騎乘者與其他一般用路人承擔。The risks of developing and testing self-driving cars should not fall mainly on pedestrians, cyclists, and other road users.",由於是一個測試，我們必須考量會被測試所影響的對象。因此，自駕車公司不應該直接冒其他不知情用路人的風險而進行公開測試。,把一般用路人風險保護優先當成判斷自駕車能否部署的首要考量，看似合理，但它的根本問題是不可能不做公開測試而直接上線，因為它犧牲了自駕車所帶來的方便性和安全性。,"堅持(Defend)：批評不成立，我的立場完全不變，我能說明為什麼。The objection fails. My position does not change, and I can explain why.",批評不成立，因為自駕車公司等於直接把不知情的行人當作測試對象實驗。,有自動駕駛就有人類駕駛，所以其中最大的價值損失是無法更早的普及自駕車，讓行人或駕駛人更安全。現有的用路人都會承擔這個責任。我們應該在自駕車普及之前，先補齊民眾對於公路的一般法律或安全知識，讓大眾能更安全。,
2026/04/29 03:29:48,"一般用路人風險保護優先 (Road User Protection First)：自駕車的研發與測試風險，不應主要由行人、騎乘者與其他一般用路人承擔。The risks of developing and testing self-driving cars should not fall mainly on pedestrians, cyclists, and other road users.",一般用路人從未同意參與這項高風險的技術測試，因此他們基本的生命權，絕不能被當作推進自駕科技或換取未來社會效益的犧牲品。,把一般用路人風險保護優先當成判斷自駕車能否部署的首要考量，看似合理，但它的根本問題是變相默許了現今因人類駕駛失誤所造成的大量死傷持續發生，因為它忽略（或犧牲了）及早導入自駕技術以消滅人為車禍、進而在長期拯救更多總體生命的社會最大效益。,"堅持(Defend)：批評不成立，我的立場完全不變，我能說明為什麼。The objection fails. My position does not change, and I can explain why.",批評不成立，因為我們不能以未來的潛在效益來合理化當下對無辜者生命權的直接侵犯。,優先保護路人的代價是延遲自駕科技的發展與未來社會整體效益，由廠商與大眾承擔，但為堅守不拿無辜生命當試錯耗材的道德底線，此代價絕對值得，且能透過專屬測試道與虛擬模擬技術來減緩。,無
2026/04/29 03:33:14,"責任追溯與課責優先 (Accountability First)：若事故發生後無法清楚追溯責任、說明決策依據並進行有效課責，則不應部署。If, after an accident, responsibility cannot be clearly traced, the basis of the decision cannot be explained, and effective accountability cannot be imposed, then deployment should not be allowed.","P1：這個案例中有多個角色同時出錯，工程師沒有完善測試邊緣情境、監測員駕駛沒有確實監督、管理層忽視已知風險、系統設計又讓關鍵安全機制被關閉。這些因素讓這起事故很難歸責給單一對象，所以形成責任缺口
P2：我主張「責任追溯與課責」原則應優先，這個原則的核心價值是事故之後能不能清楚說明決策是怎麼做出來的，也要能指出是哪個人或哪個組織做了關鍵決定，還要能對那個決定負起責任。而且我認為如果沒有課責的話，其他原則也很難真正實現，因為如果沒有人能被咎責，那麼公司就不會真的重視預防情況發生造成責任缺口
C ：在責任沒辦法清楚界定之前，自駕車不應該被部署到公共道路測試，公司應該先確認誰有決策權，而且也應該保留完整的系統紀錄，也要讓煞車與風險反應機制可以被檢查，管理層如果已經收到風險警告就不應該繼續公路測試，工程團隊如果知道有問題就不應該把它當成可忽略的小問題，測試駕駛也不應該放棄監看道路",把責任追溯與課責當成判斷自駕車能否部署的首要考量，看似合理，但它的根本問題是它可能把部署門檻設得太高，因為它忽略了課責制度本來就常常是在實際部署後才慢慢建立起來的。因為像很多咎責制度本來就是邊做邊補，汽車、航空、藥物等等都不是先有完美制度才開始使用，就連最早期的AI也是，而且如果要求一開始就完全可追溯，可能會讓創新直接停住,"限定(Qualify)：批評部分成立，但我的核心立場不變，只是需加上特定條件或在特定情形下成立。The objection is partly valid, but my core position remains the same. It only holds under certain conditions or in certain cases.",批評部分成立，但是我的立場在根據測試情況建立基本的課責架構下仍然能成立，因為如果只是在封閉場域的進行低風險測試，那要求就可以比較寬，但是一旦進到公共道路，標準就應該提高，所以我不是反對所有部署，我反對的是沒有基本課責就直接上路,這個選擇的代價是部署速度會花比較多實踐，而且研發成本也會會變高，企業要承受更多合規壓力，承擔這個代價的人，主要是公司、工程團隊，還有期待快速上路的股東、消費者。但是我認為這個代價是值得的，因為公共道路不是純私人實驗場，一般行人和騎乘者也不是自願測試者，所以先把風險與咎責處理好，本來就比較合理。,
2026/04/29 03:38:05,"一般用路人風險保護優先 (Road User Protection First)：自駕車的研發與測試風險，不應主要由行人、騎乘者與其他一般用路人承擔。The risks of developing and testing self-driving cars should not fall mainly on pedestrians, cyclists, and other road users.","P1（事實）： 系統雖然有偵測到行人，卻誤判為虛假警報，並且沒有及時啟動緊急煞車功能。而行人沒有參與開發也沒有同意作為承擔生命風險的人，卻因為系統設計成為最後喪命的人。
P2（規範）： 主張一般用路人風險保護優先。核心價值在於風險公正分配。企業不應該因為要進行研發利益或行駛效率，將承擔生命風險轉嫁給沒有參與開發的用路人。保護處於弱勢的群體是公共安全的基本義務，權利應該優先於技術開發的速度。
C（結論）： 開發者不應該為了減少系統的誤判率而降低偵測的靈敏度，以及不應該在缺乏嚴格配套的公路上測試。監管機構必須確保技術上不會波及到沒有參與開發的人作為承擔生風險的代價。",把一般用路人風險保護當成判斷自駕車能否部署的首要考量，看似合理，但它的根本問題是如果害怕波及到非參與者就無限期停止測試會讓技術無法成熟，因為它忽略了自駕車普及後可以大幅降低因疲勞駕駛或是酒駕等造成交通事故死亡人數的長遠效益。,"限定(Qualify)：批評部分成立，但我的核心立場不變，只是需加上特定條件或在特定情形下成立。The objection is partly valid, but my core position remains the same. It only holds under certain conditions or in certain cases.",批評部分成立，但我的立場在技術發展必須建立在社會契約與信任的前提下仍然成立，因為只有建立在保護弱勢的用路人的前提下，社會大眾才會信任並接受 AI 技術的普及，否則這種長遠效益將會失去用路人的信心。,"這個選擇的主要代價是自駕技術研發進程的延遲以及更高的研發成本。承擔者除了開發企業在商業利益上的損失，以及原本可能因爲自駕車的普及而避免交通事故的潛在用路人。
我認為這個代價是值得的，因為人的生命是不可逆的，而技術開發只是時間的問題，為了減緩代價，政府可以提供更多的測試場域，讓企業在不影響一般用路人的前提下加速研發，而不是直接在缺乏嚴格配套的公路上測試。",關於安全的界線應該怎麼定義，因為在現實生活中沒有所謂的零風險安全或是技術？
2026/04/29 03:38:41,"一般用路人風險保護優先 (Road User Protection First)：自駕車的研發與測試風險，不應主要由行人、騎乘者與其他一般用路人承擔。The risks of developing and testing self-driving cars should not fall mainly on pedestrians, cyclists, and other road users.",目前自駕車的系統無法將我們的路況完全掌握，所以我選擇一般用路人風險保護優先，因為我認為: 人們畢竟還是動物，一舉一動皆充滿不確定性，所以也無法保證路況隨時都和設定場景一樣。但像是沒有行人的單純地方例如:高速公路，自駕車的系統可以完美運作，這時我就會支持。,把一般用路人風險保護當成判斷自駕車能否部署的首要考量，看似合理，但它的根本問題是他需要實際的場景來測試功能是否真的正常運行，因為它忽略我們的路況本就充滿了不確定性。,"堅持(Defend)：批評不成立，我的立場完全不變，我能說明為什麼。The objection fails. My position does not change, and I can explain why.",雖然馬路的不確定性確實是個很值得測試的點，但並非每個用路人都同意能夠讓這個通滿未知數的機器上路，畢竟這會攸關他們的性命，所以我還是支持一般用路人風險保護優先,若是每次遇到這種需要大眾同意的議題時，AI發展便會被拖慢，但我認為在系統發展與法律責任歸屬完全確定之前，我們都仍然需要抱持著懷疑的態度面對AI。,
2026/04/29 04:16:45,"一般用路人風險保護優先 (Road User Protection First)：自駕車的研發與測試風險，不應主要由行人、騎乘者與其他一般用路人承擔。The risks of developing and testing self-driving cars should not fall mainly on pedestrians, cyclists, and other road users.","P1: 道路使用者並未被告知測試情況，也未意識到身處「實驗室」的風險。
P2: 其他不知情的道路使用者的權利正受到侵犯。他們在不知情的情況下被當作「小白鼠」對待，犧牲了自己的自由意志和安全。
C: 測試應事先告知當地居民和其他道路使用者。或者，他們可以僱用更多人參與測試，但前提是必須事先告知所有參與者測試後可能存在的風險。另一個選擇是進行近距離測試。總之，人的生命和知情同意至關重要，不應僅僅因為某些公司的目的而進行實驗。",把 Road User Protection First 當成判斷自駕車能否部署的首要考量，看似合理，但它的根本問題是阻礙創新進程，因為它忽略（或犧牲了）將會拯救更多生命的可能性，因為完全切斷其實驗和合法運營的權利，同時也導致了這項技術的發展被延誤，而這項技術在統計上已被證明比人類操作更安全。,"修正(Revise)：批評很可能成立，我的核心立場會有很大調整，即使整體方向不變。The objection is likely valid, so my core position needs major revision, even if its overall direction remains the same.",批評很可能成立，我需要調整堅決拒絕公開測試的提議，但整體方向仍是關注在其他道路使用者的安全，因為在我們允許周遭科技進步的同時，我們身邊人的安全也一樣要隨著提升。只因某項技術已被證明能為社會帶來益處，並不代表所有加速其發展的方式都是正確的。,"這個選擇的代價是時間和“足夠好”技術的延遲推出。應該會承擔這個代價的是人為交通事故的受害者。
代價是否值得付出這個問題讓我內心深感矛盾，因為我的提議會延緩自動駕駛汽車技術應用於未來的進程，而這項技術本來可以拯救成千上萬人的生命。但是，我們不應將這種延緩視為失敗，而應將其視為一個契機，透過改善交通和設計來提昇街道安全。我堅持我的選擇因為一個真正「更聰明」的未來絕不能以無辜路人的生命為代價。",
2026/04/29 05:27:34,"效益優先 (Benefit First)：只要長期能顯著降低整體交通死傷，自駕車部署就可被接受。If self-driving cars can significantly reduce overall traffic injuries and deaths in the long run, their deployment can be justified.","P1:以台灣為例，我查了114年全國的自行車交通事故的肇因(網頁:道安總動員)，前三名分別是「左轉彎未依規定」、「恍神、緊張、心不在焉分心駕駛」、「未保持行車安全距離」，人為過失為主因，而自動駕駛能有效地解決這些問題，能減少交通事故的數量。
P2:我主張「效益優先」，核心價值是「最大化整體利益」。測試階段的少數傷亡如果可以大大提升交通安全，在道德上是可以接受的。
C:自駕車公司在自己公司內測試成功，且整體社會效益超過風險，可以到公共道路上測試，而社會大眾應接受測試階段的少數事故，理解這是必經過程。",把「長期整體利益」當成判斷自駕車能否部署的首要標準，看似合理，但它的根本問題是它假設我們能夠準確衡量並比較不同群體的利益，因為它忽略受害者作為個別生命的價值，我們不能只在意每年因自駕車減少了多少死傷，這些統計數字背後不只是的數字而已，而是活生生的人，如果受的是我家人，我想我是沒辦法輕易接受的。,"限定(Qualify)：批評部分成立，但我的核心立場不變，只是需加上特定條件或在特定情形下成立。The objection is partly valid, but my core position remains the same. It only holds under certain conditions or in certain cases.",批評部分成立，但我的立場在「測試風險極低、且受害者家屬有得到合理的補償」條件下仍然能成立，雖然整體方向仍是效益優先，但需要經嚴格評估，風險極低，且對測試傷亡給予合理的補償，而不是無限上綱允許任何風險。,測試階段的用路人某種程度上被當成測試品，他們沒有選擇權，雖然最後還是堅持原有的立場，但我說服不了自己「少數人的犧牲是對的」，因為如果事情發生在我身邊，我沒辦法說的這麼雲淡風輕，但又沒辦法否認「什麼都不做也是一種犧牲，而且犧牲更多人」，很矛盾。,
2026/04/29 06:57:20,"一般用路人風險保護優先 (Road User Protection First)：自駕車的研發與測試風險，不應主要由行人、騎乘者與其他一般用路人承擔。The risks of developing and testing self-driving cars should not fall mainly on pedestrians, cyclists, and other road users.","P1（事實）：在 Uber 自駕車致死案例中，自駕車在開放道路上的測試與部署，實質上是將未完全成熟的技術風險，轉嫁給了毫不知情且未簽署同意書的行人與一般用路人。
P2（規範）：我主張「一般用路人風險保護」應優先。其核心價值在於保障基本生命權與「知情同意」的倫理原則。科技研發的風險不應由處於弱勢且未同意參與實驗的群體來承擔，這個保護弱勢的價值，必須優先於企業的商業利益或潛在的技術進展。
C（結論）：根據 P1 和 P2，在這類自駕車案例中，除非企業與開發者能證明自駕車系統已具備足夠的安全性，且不會對一般用路人造成不對等的生命威脅，否則不應被允許在開放式公共道路上進行部署或測試。",把「一般用路人風險保護」當成判斷自駕車能否部署的首要考量，看似合理，但它的根本問題是可能導致「因噎廢食」，進而阻礙了能拯救更多生命的技術發展，因為它忽略（或犧牲了）長期而言自駕車能大幅消除「人類疲勞或酒駕肇事」、進而降低整體交通事故死亡率的巨大潛在效益。,"限定(Qualify)：批評部分成立，但我的核心立場不變，只是需加上特定條件或在特定情形下成立。The objection is partly valid, but my core position remains the same. It only holds under certain conditions or in certain cases.",若選「批評部分成立，但我的核心立場不變，只是需加上特定條件或在特定情形下成立」，因為雖然長期能降低整體死亡率的效益非常重要（批評成立的部分），但我們不能以犧牲當下無辜路人的生命作為達成未來整體效益的手段；我的立場在「要求企業必須先在封閉場域完成極端嚴格測試，並對公共道路測試設立高額強制險與風險補償機制」的條件下仍然能成立，如此既保護了路人，也給予技術發展的空間。,優先選擇保護一般用路人，意味著必須付出延緩自駕車技術普及的代價。在此技術過渡期間，可能會因為技術進展緩慢，導致原本可以提早被 AI 避免的人為車禍傷亡持續發生。這個代價主要由未來的潛在車禍受害者，以及投入大量研發資金的企業來承擔。我認為這個代價值得付出，因為基本人權（免於被當作實驗白老鼠的風險）不應被功利主義式的整體效益輕易抵銷。不過，這個代價可以透過政府提供專屬、安全且高度模擬真實路況的「封閉測試城市」來減緩，讓技術不至於完全停滯。,目前最讓我感到困惑的點是「風險閾值的界定」。任何交通工具甚至人類駕駛本身都帶有風險，如果為了「絕對」保護用路人，自駕車可能永遠無法合法上路。我們該如何界定一個「道德上可接受的 AI 肇事風險標準」？（例如：肇事率必須比人類低多少才算合格？）以及這個標準究竟該由科技巨頭、政府立法者，還是全體公民來決定才算具有正當性？
2026/04/29 07:18:18,"一般用路人風險保護優先 (Road User Protection First)：自駕車的研發與測試風險，不應主要由行人、騎乘者與其他一般用路人承擔。The risks of developing and testing self-driving cars should not fall mainly on pedestrians, cyclists, and other road users.",行人會受傷的疏忽我認為當然是所有人都需要負責任。行人在受傷前其實是有可以預防的措施的，例如駕駛不要不專心，把主控車輛到責任全全交給ai；開發工程師也應該先想到會有行人不在斑馬線上走過去的情況；uber 的公司也應該在產品安全的情況下才可以出售自駕系統。,雖說「行人不在斑馬線上越過馬路」並不是非常少見的邊緣情況，但違法違規在先的是行人，既然要不走斑馬線，就要承受被撞的風險。斑馬線的存在就是為了保護行人安全，但行人卻不把守法當一回事，那麼就需承受最大的責任。,"限定(Qualify)：批評部分成立，但我的核心立場不變，只是需加上特定條件或在特定情形下成立。The objection is partly valid, but my core position remains the same. It only holds under certain conditions or in certain cases.",我認為批評部分成立，但關於所有人都需要負責任到立場並沒有改變，只是行人和駕駛需要付更大的責任，行人是直接違法，而駕駛則是不專心開車，工程師的部分我認為比較像是沒有把所有的情境都包括進去，公司則是為了要賺錢。,在此次事件中最大的受害者其實是行人，畢竟是造成了身體上的損傷，是有可能留下後遺症的，但我的立場卻會需要行人付最大的責任，以金錢角度去思考，工程師或是公司是資方，以賠償的能力來說是最大的，但卻付了最小的責任，而行人跟駕駛的賠償能力就不如資方，卻要付比較大的責任。本次的事件我認為全部的人都要付相同的責任，那麼在工程師修改過ai後，公司也最好安全測試再上路後，如果後續再繼續出現一樣的情況，工程師和公司可以不需要負一樣的責任。,
2026/04/29 07:47:15,"一般用路人風險保護優先 (Road User Protection First)：自駕車的研發與測試風險，不應主要由行人、騎乘者與其他一般用路人承擔。The risks of developing and testing self-driving cars should not fall mainly on pedestrians, cyclists, and other road users.",在道路測試自駕車時，其商業利益完全都是由UBER公司來吸收，但風險卻轉移到了一般在路上行走的行人或腳踏車騎士。我認為在研發這類科技產物的過程中，必須考慮到一般用路人的安全性，其優先級應高於研發的進度。因此在進行測試此類產品時，公司具有責任需控管好自駕車，並將風險降到最低，使一般行人不需擔心公共交通環境。,把一般用路人風險保護優先當成判斷自駕車能否部署的首要考量，雖然這看似合理，但這會導致科技遲遲無法進步，事實上若要把風險降到最低，那很可能需花的時間長，也不能在真實場景中訓練模型，這會導致之後實際上路出現問題，而且在真實生活中，交通本就涵蓋各種安全風險問題，這是無法完全避免的。,"限定(Qualify)：批評部分成立，但我的核心立場不變，只是需加上特定條件或在特定情形下成立。The objection is partly valid, but my core position remains the same. It only holds under certain conditions or in certain cases.",批評部分成立，但如果政府能從中介入，給予嚴格監管，且在測試期間就先通知該路段用自駕車在進行測試，並選擇較為低風險的區域進行測試，這樣既能保持低風險，也能讓公司創造利益，讓人類的科技有更大的進步。,公司為了降低民眾的安全，需要與政府配合合作，這也可能導致效率過低且成本過高，因為科技公司在各國都相當競爭。,
2026/04/29 08:06:43,"一般用路人風險保護優先 (Road User Protection First)：自駕車的研發與測試風險，不應主要由行人、騎乘者與其他一般用路人承擔。The risks of developing and testing self-driving cars should not fall mainly on pedestrians, cyclists, and other road users.","P1：Uber 事故中，系統為了降低誤報率而手動禁用緊急煞車，導致無辜行人在未被告知且未同意的情況下，承擔了技術不成熟的風險。

P2：我主張一般用路人風險保護優先，在道德上，不應為了追求技術進步，將不知情的第三方當成實驗代價，保護公眾安全應優先於企業開發效率。

C：研發單位應在封閉場域完成高強度驗證，在證明安全性顯著優於人類前，不應在公共道路部署。",把保護一般用路人當成首要考量看似合理，但 根本問題是過度保守會增加整體的生命損失，如果為了極致安全而拖慢研發，等於讓社會繼續忍受人類駕駛失誤導致的大量車禍，這反而是犧牲了未來更多可能獲救的人。,"限定(Qualify)：批評部分成立，但我的核心立場不變，只是需加上特定條件或在特定情形下成立。The objection is partly valid, but my core position remains the same. It only holds under certain conditions or in certain cases.","批評部分成立，但我的立場在技術仍處於實驗與不穩定階段條件下仍然能成立，因為我們不能用未來的潛在利益來合理化當下對無辜生命的剝奪。
即便延遲研發有機會成本，但科技開發者無權強迫未獲益的行人成為數據採集的祭品。","代價與承擔：開發成本增加、數據累積速度變慢，代價由科技公司與期待技術普及的社會大眾承擔。

是否值得:我認為值得，因為社會對新技術的信任建立在安全之上，透過強化模擬環境測試可以減緩代價。",目前最讓我猶豫的是:安全性標準的量化基準在哪？究竟是要比人類平均安全，還是要比最優秀的人類駕駛安全，才能說服大眾接受這種系統性風險？
2026/04/29 08:17:28,"效益優先 (Benefit First)：只要長期能顯著降低整體交通死傷，自駕車部署就可被接受。If self-driving cars can significantly reduce overall traffic injuries and deaths in the long run, their deployment can be justified.",自駕車技術能在行駛過程中自動判斷路況並執行駕駛操作，使使用者不需要具備高度駕駛技術或即時應變能力，即可上路。因此我主張效益優先，其核心價值是，當一項技術能降低使用門檻並提升多數人的使用便利性與安全性時，應該促進其發展與普及，以增加整體社會效益。因此，自駕車製造商與相關交通系統管理機構應該建立並完善自駕車運作網路，使更多人能安全地使用自駕車作為通勤工具。,把效率當成判斷自駕車能否部署的首要考量，看似合理，但它的根本問題是完善的自駕車網路僅存在理想世界，不可能重現於現實，因為它忽略因為它忽略了道路情境的高度不確定性與複雜性，許多情境無法透過既有模型預測，仍需仰賴人類經驗進行即時判斷與修正。,"限定(Qualify)：批評部分成立，但我的核心立場不變，只是需加上特定條件或在特定情形下成立。The objection is partly valid, but my core position remains the same. It only holds under certain conditions or in certain cases.",批評部分成立，但我的立場在假設自駕車系統已相當完善的條件下仍然能成立，因為當自駕車系統完善時，其出事故的機率是可以比人駕車還要低的。,以效益為優先的話，這意味著忽視掉了，在自駕車系統完全完善前，因此喪失的生命，以及其相關的究責問題。這意味著，除了自駕車車商與使用者以外，皆須因此而需要承擔比以前更多的代價。不過我認為這個代價是值得付出的，並且可以透過完善的訓練機制及法規來規避此類問題。,
2026/04/29 08:30:38,"一般用路人風險保護優先 (Road User Protection First)：自駕車的研發與測試風險，不應主要由行人、騎乘者與其他一般用路人承擔。The risks of developing and testing self-driving cars should not fall mainly on pedestrians, cyclists, and other road users.","我認為在 Uber 自駕車事故案例中，最應該優先考慮的是「一般用路人風險保護優先」。因為自駕車的研發和測試雖然可能帶來未來交通安全的進步，但在測試階段，真正承擔風險的人往往不是開發公司或工程師，而是路上的行人、騎士和其他用路人。

在這個案例中，行人並沒有主動同意參與自駕車測試，也不一定知道自己正在承擔新技術失誤的風險。因此我認為，不能只用「未來可能減少車禍」來合理化現在把風險轉嫁給一般民眾。科技發展本身不是問題，但如果它的代價主要由無辜路人承擔，那就會有倫理上的不公平。

所以我的立場是，自駕車要能上公共道路測試或部署，前提應該是它已經有足夠可靠的安全機制、清楚的監督制度，以及能保護一般用路人的風險控管。換句話說，在追求技術進步之前，應該先確保那些沒有選擇權的人不會成為實驗風險的承受者。","把「一般用路人風險保護優先」當成判斷自駕車是否能部署的首要考量，看似合理，但它的根本問題是可能會過度保守，因為它忽略了新技術在長期可能帶來的整體安全改善。

如果我們要求自駕車在幾乎沒有風險的情況下才能上路測試，那麼自駕車技術可能永遠無法累積足夠的真實道路資料，也就難以真正進步。這樣一來，社會可能會錯失一個未來能大幅減少人為駕駛失誤、降低交通死亡率的機會。

也就是說，過度強調保護當前用路人，可能會犧牲未來更多人的安全利益。從這個角度來看，只要自駕車長期能比人類駕駛更安全，讓它在一定風險下測試和部署，也許仍然是可以被合理化的。","限定(Qualify)：批評部分成立，但我的核心立場不變，只是需加上特定條件或在特定情形下成立。The objection is partly valid, but my core position remains the same. It only holds under certain conditions or in certain cases.","批評部分成立，但我的立場在特定條件下仍然能成立，因為我承認自駕車技術若完全不能上路測試，確實可能會阻礙未來交通安全的進步。不過，這不代表企業可以把公共道路當成不受限制的實驗場。

所以我會調整我的立場：我仍然認為一般用路人的風險保護應該優先，但這個原則不是代表「完全禁止自駕車上路」，而是代表「只有在嚴格條件下才能上路」。例如，必須有明確的安全測試標準、即時人工接管機制、公開透明的事故回報制度，以及事故發生後能清楚追究責任。

因此，我的核心立場沒有改變。我仍認為不能讓沒有選擇權的一般用路人承擔主要風險，只是我會承認，在充分監督和嚴格限制下，自駕車測試可以被允許。","選擇「一般用路人風險保護優先」的代價是，自駕車技術的發展速度可能會變慢。企業需要花更多時間做封閉場域測試、模擬測試和安全驗證，部署成本也會提高。這個代價主要會由自駕車公司、投資者和希望快速使用新技術的消費者承擔。

不過我認為這個代價是值得的，因為公共道路不是單純的實驗場，路人也不是自願參與測試的受試者。技術進步很重要，但不能建立在把風險轉嫁給無辜民眾的基礎上。

這個代價也可以透過其他方式降低，例如政府可以建立分級測試制度，先從低風險區域開始測試，再逐步開放到複雜道路。同時，也可以要求企業公開安全數據、設立事故補償機制，讓社會在保護用路人的同時，也不完全阻止技術進步",我目前比較困惑的是，要怎麼判斷自駕車「已經夠安全」到可以上公共道路。因為任何交通工具都不可能完全沒有風險，人類駕駛本身也會造成很多事故。如果要求自駕車零風險，可能不太現實；但如果標準太低，又會讓一般用路人承擔不公平的危險。
2026/04/29 08:39:49,"一般用路人風險保護優先 (Road User Protection First)：自駕車的研發與測試風險，不應主要由行人、騎乘者與其他一般用路人承擔。The risks of developing and testing self-driving cars should not fall mainly on pedestrians, cyclists, and other road users.",在 Uber 自駕車事故中，該技術仍處於測試與尚未完全成熟的階段，卻在開放道路上運行，導致其潛在風險直接由一般用路人承擔，而這些行人與騎士既未同意參與測試，也無法控制或避免這些風險。因此，我主張應優先採取「一般用路人風險保護優先」，其核心價值在於風險分配的正義與保護非自願承擔風險者。在自駕車尚未達到足夠安全與可控之前，企業與開發者不應直接將其部署於公共道路，使一般用路人成為實質上的測試對象，而應先在可控環境中降低風險並建立充分的安全機制，只有在不會將不成比例風險加諸於未同意者時，才具有倫理上的部署正當性。,把「一般用路人風險保護優先」當成判斷自駕車能否部署的首要考量，看似合理，但它的根本問題是把風險分配的不公平視為絕對不可接受，而忽略所有交通系統本來就建立在一定程度的風險暴露之上，即使是人類駕駛，也同樣會將風險加諸於未同意的用路人，並犧牲了透過逐步部署與實際數據累積來降低整體交通傷亡的機會。在像 Uber 的案例中，如果堅持只要有非自願風險存在就不應部署，將導致對自駕車採取比人類駕駛更嚴苛的不對稱標準，反而可能延緩一項長期更安全技術的發展，讓現有高風險的交通環境持續存在。,"限定(Qualify)：批評部分成立，但我的核心立場不變，只是需加上特定條件或在特定情形下成立。The objection is partly valid, but my core position remains the same. It only holds under certain conditions or in certain cases.",批評部分成立，但我的立場在「風險不屬於不成比例且已被合理控制」的條件下仍然能成立，因為倫理上真正需要避免的不是所有風險，而是將未經同意且過高的風險轉嫁給一般用路人。在Uber的案例中，問題不在於自駕車帶來任何風險，而在於其測試階段的風險控制不足，卻讓無辜用路人承擔主要後果；因此，只要能確保風險已被顯著降低且分配合理，我仍認為「一般用路人風險保護優先」作為首要原則是可以成立的。,選擇「一般用路人風險保護優先」的代價是，可能延緩自駕車技術發展與上路時程，讓原本可能降低整體交通事故的效益較晚實現。在 Uber 案例中，這個成本主要由企業與整體社會承擔。我認為這個代價是可以接受的，因為不應讓未同意的一般用路人承擔過高風險；但同時，我仍認為「效益優先」的重要性不應被忽略，因此應透過更安全的測試方式與補償機制來減緩這個代價。,無
2026/04/29 09:09:31,"效益優先 (Benefit First)：只要長期能顯著降低整體交通死傷，自駕車部署就可被接受。If self-driving cars can significantly reduce overall traffic injuries and deaths in the long run, their deployment can be justified.","P1:自駕車的普及能減少交通上發生事故的機率
P2:以「安全」為原則，自駕車有自己的判別系統，能大大降低死角帶來的危機
P3:應該提倡自駕車的好處",把安全當成判斷自駕車能否部署的首要考量，看似合理，但它的根本問題是上路後的後續規範，因為它忽略了重新改寫關於自駕車的法律規範，甚至交通也必須重新規劃。,"限定(Qualify)：批評部分成立，但我的核心立場不變，只是需加上特定條件或在特定情形下成立。The objection is partly valid, but my core position remains the same. It only holds under certain conditions or in certain cases.",「批評部分成立，但我的立場在路上安全條件下仍然能成立，因為最根本問題就是交通上的危害總比規範更加重要」,雖然選擇安全為第一，但是後續的處理方案或規範沒有出來的同時，是否增加了犯罪風險？（開自駕車犯案）,以上填寫我是否都有…成立
2026/04/29 09:20:34,"責任追溯與課責優先 (Accountability First)：若事故發生後無法清楚追溯責任、說明決策依據並進行有效課責，則不應部署。If, after an accident, responsibility cannot be clearly traced, the basis of the decision cannot be explained, and effective accountability cannot be imposed, then deployment should not be allowed.","        故發生後，責任歸屬出現困難，涉及車輛系統設計者、軟體工程師、測試人員與安全駕駛員等多方，導致難以釐清錯誤來源與責任分配。
        若無法清楚界定誰該負責，就無法建立有效監管，也會削弱社會對科技的信任，甚至讓企業規避風險與責任。
        因此，在自駕車能夠被部署之前，企業與政府應確保決策機制具可解釋性，以及責任歸屬清楚並能夠進行有效追責。",把責任追溯與課責優先當成判斷自駕車能否部署的首要考量，看似合理，但它的根本問題是可能降低對避免交通意外的技術的開發，因為它忽略整體安全效益最大化。,"限定(Qualify)：批評部分成立，但我的核心立場不變，只是需加上特定條件或在特定情形下成立。The objection is partly valid, but my core position remains the same. It only holds under certain conditions or in certain cases.",批評部分成立，但我的立場在自駕車同時達到基本安全與可課責條件條件下仍然能成立，因為即使整體事故可能下降，若缺乏責任機制，受害者無法獲得正義，也會削弱企業改善安全的動機。,短期內交通事故可能無法下降，社會大眾要注意其自身安全。只要規範完整之後，至少在後續處理是比較公正有保障的。,在整體安全提升與個別責任正義之間應如何取捨？
2026/04/29 09:25:50,"責任追溯與課責優先 (Accountability First)：若事故發生後無法清楚追溯責任、說明決策依據並進行有效課責，則不應部署。If, after an accident, responsibility cannot be clearly traced, the basis of the decision cannot be explained, and effective accountability cannot be imposed, then deployment should not be allowed.","P1：自駕車事故中，決策由演算法與企業系統共同形成，責任易分散且難追溯
P2：應以責任追溯與課責優先，其核心價值在於確保技術行為可被檢驗與問責，維持制度正義與公眾信任
C：因此，在無法清楚界定責任前，不應部署自駕車系統",把責任追溯與課責優先當成判斷自駕車能否部署的首要考量，看似合理，但其根本問題是過度保守，因為它忽略整體事故減少的潛在效益，並犧牲技術進步與公共安全提升的可能性,"限定(Qualify)：批評部分成立，但我的核心立場不變，只是需加上特定條件或在特定情形下成立。The objection is partly valid, but my core position remains the same. It only holds under certain conditions or in certain cases.",批評部分成立，但我的立場在責任可被技術記錄與制度明確分配的條件下仍能成立，因為唯有確保可課責性，才能在推動技術發展的同時維持制度正義與公眾信任,代價是延後自駕車部署與創新速度，產業與消費者承擔機會成本與潛在安全效益流失。我認為此代價可接受，但應透過沙盒測試、保險與責任分配機制，減緩風險並逐步推動技術發展,在技術尚未完全可解釋下，應要求多高程度的責任可追溯才算能部署以及如何在促進安全效益與確保可課責性之間取得合理平衡
2026/04/29 09:28:18,"一般用路人風險保護優先 (Road User Protection First)：自駕車的研發與測試風險，不應主要由行人、騎乘者與其他一般用路人承擔。The risks of developing and testing self-driving cars should not fall mainly on pedestrians, cyclists, and other road users.",自駕車是為了讓駕駛更加輕鬆的駕馭一台車，但是用路人的生命安全也應受保障，我選擇一般用路人風險保護優先，必須以保障用路人的安全為前提來使用科技，所以應該注意用路人的安全，不應用生命來做科技進步的犧牲,如果以用路人的風險保護優先，可能會因此而阻擋科技的進步，連正常駕駛都不一定百分百安全了，再加上限制可能會犧牲自駕車的進步速度,"堅持(Defend)：批評不成立，我的立場完全不變，我能說明為什麼。The objection fails. My position does not change, and I can explain why.",不管任何的新興科技，生命一定是首要考量條件，不能因為一昧的追求發展創新讓其他人的生命成為犧牲品，威脅用路人的生存權,此選擇可能讓科技沒辦法進步太快，必須要改良到一定程度才能上市，不僅增加了成本，也讓研發時間大幅增加，但這代價是值得的，畢竟生命是最重要的,如若生命因科技而受到威脅，那這科技是不是應該要更加成熟才可運用，使生命受到保障
2026/04/29 09:29:20,"一般用路人風險保護優先 (Road User Protection First)：自駕車的研發與測試風險，不應主要由行人、騎乘者與其他一般用路人承擔。The risks of developing and testing self-driving cars should not fall mainly on pedestrians, cyclists, and other road users.","P1（事實）：
Uber 自駕車於 2018 年在亞利桑那州撞死行人 Elaine Herzberg。該車輛的安全系統雖偵測到行人，但因系統設計缺陷而未即時煞車。受害者是一般路人，對測試計畫毫不知情，未曾同意承擔任何風險，也無從選擇迴避。
P2（規範）：
應優先保護一般用路人，其核心價值是「不得在未經同意的情況下將風險強加於他人」。自駕車技術尚未成熟即上路測試，實質上是將研發風險外部化，轉嫁給無辜第三方。這違反了倫理學中「不傷害原則」與公平性要求——科技公司享有研發利益，卻讓不相關的路人承擔代價，此種風險分配在規範上不具正當性。
C（結論）：
在系統安全性尚未達到可接受標準之前，Uber 等企業不應在開放道路進行自駕車測試；若要測試，應在封閉場域進行，或取得監管機關基於充分風險評估後的明確授權，而非讓一般公眾在不知情中成為測試對象。",把一般用路人風險保護優先當成判斷自駕車能否部署的首要考量，看似合理，但它的根本問題是可能使自駕車技術完全無法在真實環境中驗證，因為它忽略了一個事實：任何新技術都需要在真實條件下累積數據，若以零容忍態度要求部署前完全無風險，等同要求一個邏輯上不可能達成的條件，反而讓能長期拯救更多生命的技術永遠無法落地，最終代價由所有用路人承擔。」,"限定(Qualify)：批評部分成立，但我的核心立場不變，只是需加上特定條件或在特定情形下成立。The objection is partly valid, but my core position remains the same. It only holds under certain conditions or in certain cases.",批評部分成立，但我的立場在必須有實質風險管控機制與公開透明的監管授權條件下仍然能成立，因為反對意見指出的困境（無法在封閉環境取得足夠真實數據）是真實的，但這不代表可以跳過風險告知與監管直接上路。接受「需要真實環境測試」並不等同於接受「可以在毫無公眾知情與問責機制下測試」。核心立場不變：風險不應在未知情且未同意的情況下由路人承擔。,"代價： 嚴格保護用路人，意味著自駕車技術的驗證與迭代速度將大幅放緩，短期內可能無法取代人類駕駛，而人類駕駛每年仍造成大量死傷。
誰承擔： 科技公司（研發成本增加）、以及因技術延遲而未能受益的未來潛在事故受害者。
是否值得： 值得，但代價可透過以下方式緩解：建立完善的模擬測試環境、逐步開放特定封閉區域進行受控測試、強制要求公開測試數據與事故紀錄，使風險分配更透明公平，而非由不知情的路人默默承擔。",最讓我猶豫的是：「合理的風險門檻應該設在哪裡？」 若要求自駕車比人類駕駛絕對安全才能上路，這個標準本身是否公平？人類駕駛每天也在製造風險，卻從未被要求事先「證明安全性」。如何在「不讓路人成為實驗品」與「允許技術在真實環境成熟」之間畫出一條有規範依據、而非任意劃定的線，目前我仍沒有完整的答案。​​​​​​​​​​​​​​​​
2026/04/29 09:31:27,"一般用路人風險保護優先 (Road User Protection First)：自駕車的研發與測試風險，不應主要由行人、騎乘者與其他一般用路人承擔。The risks of developing and testing self-driving cars should not fall mainly on pedestrians, cyclists, and other road users.","P1(事實)：Uber 的自駕車還在測試階段，但路上走來走去的行人和腳踏車騎士，根本沒有點頭答應要當這場實驗的白老鼠
P2(規範)：我主張一般用路人風險保護優先」。核心價值是「生命權與知情同意，企業不能為了自己的科技進步和賺錢，隨便拿無辜路人的生命來試錯
C(結論)：Uber 不應該在安全配套不完善的情況下直接把車開上一般道路；政府則應該把這些測試車限制在沒有一般路人的專屬園區裡",把一般用路人風險保護優先當成判斷自駕車能否部署的首要考量，看似合理，但它的根本問題是會嚴重拖慢科技發展的速度，因為它犧牲了自駕車普及後能大幅減少車禍死亡人數的長遠效益,"限定(Qualify)：批評部分成立，但我的核心立場不變，只是需加上特定條件或在特定情形下成立。The objection is partly valid, but my core position remains the same. It only holds under certain conditions or in certain cases.",批評部分成立，但我的立場在廠商只能在政府劃定的無人專屬測試區，或確保有百分之百強制煞停機制的條件下仍然能成立，因為不管這項科技未來能拯救多少人，都不代表現在可以合法拿不知情路人的命來刷經驗值,"代價：自駕車的發展進度會變超慢，大家要等很久才有全自動駕駛可以用，車廠的研發成本也會暴增
誰承擔：科技研發公司，以及期待新科技的大眾
值得嗎：值得，因為人命無價，不能當作過渡期的消耗品
如何減緩：政府可以多蓋幾個高度模擬真實道路的封閉測試園區，讓廠商有地方可以安全地收集數據。",如果不讓自駕車實際上路，AI 就永遠遇不到真實世界裡那些千奇百怪的突發狀況
2026/04/29 09:31:35,"一般用路人風險保護優先 (Road User Protection First)：自駕車的研發與測試風險，不應主要由行人、騎乘者與其他一般用路人承擔。The risks of developing and testing self-driving cars should not fall mainly on pedestrians, cyclists, and other road users.","事實是自駕軟體沒認出路人，安全駕駛又分心，導致無辜行人直接承受致命風險，而這風險完全來自Uber的研發選擇。
我主張一般用路人風險保護優先應優先，其核心價值是不把他人當成實驗品的公正性，不能為了公司創新就把路人當免費白老鼠。
所以Uber這類自駕車在技術還不夠穩前，就不該貿然上路測試，必須先把風險降到路人不會無端受害才行。",把一般用路人風險保護優先當成判斷自駕車能否部署的首要考量，看似合理，但它的根本問題是過度保守阻礙創新，因為它忽略整體社會長期能大幅減少交通死亡的巨大效益。,"限定(Qualify)：批評部分成立，但我的核心立場不變，只是需加上特定條件或在特定情形下成立。The objection is partly valid, but my core position remains the same. It only holds under certain conditions or in certain cases.",批評部分成立，但我的立場在技術已能將路人風險降到遠低於人類駕駛水平，這個條件下仍然能成立，因為只有真正大幅降低整體傷亡，才有正當理由讓路人承擔極小測試風險。,選擇路人風險優先，代價是延緩自駕車發展，讓更多人繼續死於人類駕車事故。這個代價值得，不能拿現在無辜路人的命換未來不確定利益。,
2026/04/29 09:37:17,"效益優先 (Benefit First)：只要長期能顯著降低整體交通死傷，自駕車部署就可被接受。If self-driving cars can significantly reduce overall traffic injuries and deaths in the long run, their deployment can be justified.",人為的失誤是造成交通事故的主因，自動駕駛能降低人為疏失的交通事故，核心價值是降低整體的事故率，讓所有用路人更安全。應該一整體事故率來看待自動駕駛，而不是因為極少數個別事故，而放棄能增加大多數用路人安全的機會,把效益優先當成判斷自駕車能否部署的首要考量，看似合理，但它的根本問題是將人命價值數據化，忽略了個體權利不可因集體利益被犧牲,"堅持(Defend)：批評不成立，我的立場完全不變，我能說明為什麼。The objection fails. My position does not change, and I can explain why.",關注少數人的權利，實際上是縱容人為疏失造成的交通危害。接受能顯著降低交通事故的技術，才是讓更多人避免遭遇交通事故的最佳方式,少數的自動駕駛車出現故障而造成的交通事故，受害人的利益被排在後面，我認為應該由製造商賠償，並且避免是人為疏失偽造成自動駕駛故障，還需要有第三方來調查，如保險公司,沒有
2026/04/29 09:55:02,"效益優先 (Benefit First)：只要長期能顯著降低整體交通死傷，自駕車部署就可被接受。If self-driving cars can significantly reduce overall traffic injuries and deaths in the long run, their deployment can be justified.",以目前台灣交通事故的發生頻率，自動駕駛相比那些三寶的腦袋更值得信任，在這種情況下多數人的利益我認為要高於少數因自動駕駛收害的人，在這類自駕車案例中，我們要做的就是建立完善的法律規範管束。,把效益原則當成判斷自駕車能否部署的首要考量，看似合理，但它的跟本問題是缺乏法律究責基礎，因為他忽略了意外發生時，受害者的權利要由誰來補償。,"限定(Qualify)：批評部分成立，但我的核心立場不變，只是需加上特定條件或在特定情形下成立。The objection is partly valid, but my core position remains the same. It only holds under certain conditions or in certain cases.",批評部分成立，我的立場在站在大眾權益的角度下仍能成立，因為自動駕駛確實能降低事故發生機率,現階段自動駕駛還未完全覆蓋，法律判斷受限責任歸屬劃分，在未來全面普及下，相關事故可以透過保險全面覆蓋來獲得保障,無
2026/04/29 10:14:06,"一般用路人風險保護優先 (Road User Protection First)：自駕車的研發與測試風險，不應主要由行人、騎乘者與其他一般用路人承擔。The risks of developing and testing self-driving cars should not fall mainly on pedestrians, cyclists, and other road users.","P1：行人或一般用路人並未主動參與這場「道路實驗」，他們在不知情的狀況下，被動地承擔了企業研發過程中系統不成熟所帶來的致命風險。

P2：主張「一般用路人風險保護優先」應作為首要原則。
核心價值：正義與非傷害原則
一項技術的部署若要具備正當性，不能建立在「將少數無辜者的生命視為技術進步的犧牲品」之上，這違反了道德權利的基本尊重。

C：
企業端（Uber/研發者）：不應在公共道路上部署未經充分封閉場域測試、且缺乏完善「失效保護機制」的系統。若要進行道路測試，必須證明其系統對外部用路人的風險低於人類駕駛，且必須有冗餘的安全監控（如監控駕駛人的專注度）來確保路人安全。

監管端（政府）：在核准部署前，應強制要求業者提供「風險評估報告」，確保技術研發的成本（含生命風險）由開發者吸收（如更精密的感測器、更嚴格的安全駕駛訓練），而非讓社會大眾承擔風險。",把一般用路人風險保護優先當成判斷自駕車能否部署的首要考量，看似合理，但它的根本問題是道德上的短視與對不作為傷害的忽視，因為它忽略了因研發受阻而持續死於人為駕駛失誤的大量生命。,"限定(Qualify)：批評部分成立，但我的核心立場不變，只是需加上特定條件或在特定情形下成立。The objection is partly valid, but my core position remains the same. It only holds under certain conditions or in certain cases.",批評部分成立，但我的立場在風險對等補償與實證安全門檻的條件下仍然能成立，因為雖然長遠的整體安全極其重要，但個體的生命權利不應在缺乏補償與程序正義的情況下被工具化。,"1.該選擇所需付出的代價是什麼？
技術研發的延遲：為了確保對路人的保護高於人類駕駛，研發商必須花費數倍的時間在模擬器或封閉場域進行測試。這意味著全自駕技術成熟並大規模推廣的時間點會向後推移。

2.誰會因此承擔？
未來的潛在獲益者（未來用路人）：正如反對立場提出的，那些原本可以因為自駕技術成熟而免於車禍的人，在技術被推遲的這段期間，仍必須承擔人類駕駛導致的傷亡風險。

3. 這個代價值得付出嗎？
我認為這個代價是值得付出的。
減緩代價或補償：在技術尚未完全獨立前，強制要求遠端監控員介入，這能在不大幅延緩測試進度下，有效分攤路人風險。",
2026/04/29 10:45:47,"一般用路人風險保護優先 (Road User Protection First)：自駕車的研發與測試風險，不應主要由行人、騎乘者與其他一般用路人承擔。The risks of developing and testing self-driving cars should not fall mainly on pedestrians, cyclists, and other road users.",自駕車仍處於發展與測試階段，技術並非完全成熟，所以我主張「一般用路人風險保護優先」，它的核心價值是讓風險不要轉移給無辜的其他用路人，除了是公平性問題—不應該讓無辜的人承擔技術發展而產生的風險及成本，同時也是一種權利保障—風險應由開發者或使用者承擔，而非第三方的波及者，政府應限制或明確制定自駕車測試條件，例如：封閉的測試場域等等,"把一般用路人風險保護當成首要考慮因素看似合理，但卻存在延遲技術發展並導致更多長期死亡的可能性，忽略（或犧牲了）自駕車可能大幅降低整體交通事故的潛在效益
這可能保護當下的少數人，卻可能犧牲未來更多人的生命","限定(Qualify)：批評部分成立，但我的核心立場不變，只是需加上特定條件或在特定情形下成立。The objection is partly valid, but my core position remains the same. It only holds under certain conditions or in certain cases.",批評部分成立，我的立場可以改成「不要完全禁止風險外部化」，而是「風險最小化」優先保護用路人的方式，這樣不僅能稍微有一點風險來得知模型的問題又可兼顧用路人風險最小化的承擔,技術發展變慢導致公司研發成本提高，或者商業化延遲造成投資回收期拉長，也可能間接造成更多交通事故（短期內），因為人類駕駛仍主導道路的多數,"個體權利 vs 整體效益
在測試期間的風險承擔問題—是否可以為了多數人的未來安全，而犧牲少數人的當下安全呢？"
2026/04/29 10:57:15,"一般用路人風險保護優先 (Road User Protection First)：自駕車的研發與測試風險，不應主要由行人、騎乘者與其他一般用路人承擔。The risks of developing and testing self-driving cars should not fall mainly on pedestrians, cyclists, and other road users.",現在的一般汽車其實就已經具備探測和感應周遭汽機車的能力，但是想要發現在車身周遭的行人卻仍然只能透過後視鏡等親眼排查，因此我認為只有真正能避免掉所有與行人可能發生的碰撞，才能讓自駕車真正上路,把一般用路人風險保護優先當成判斷自駕車能否部屬的首要考量，其根本問題是如何在行人出現在車身周遭時及時感應。確實若是正常駕駛在路上，並不會有行人突然出現的問題存在。但如果遇到有些貪便宜想搶時間的人任意穿梭馬路中央，還是需要有防備心態,"堅持(Defend)：批評不成立，我的立場完全不變，我能說明為什麼。The objection fails. My position does not change, and I can explain why.",批評不成立，我認為再怎麼強調安全行駛，能避免任何可能產生的擦撞還是要避免，畢竟多一事不如少一事，自駕車本身未必是錯誤方，但如果真的發生車禍，行人卻是有可能發生生命危險。,該付出的代價就是人類的生命安全還是得擺在最優先，只要偵測到車身周遭有行人出現就要立即減速，這會讓自駕車在路上行駛的速度大打折扣，但我認為這會是值得付出的成本，因為可以避免掉很多糾紛,為甚麼要顧慮那些為了搶時間而不遵守道路安全法則的人，而犧牲掉自駕車的行駛效率
2026/04/29 10:59:32,"一般用路人風險保護優先 (Road User Protection First)：自駕車的研發與測試風險，不應主要由行人、騎乘者與其他一般用路人承擔。The risks of developing and testing self-driving cars should not fall mainly on pedestrians, cyclists, and other road users.","p1:在 Uber 自駕車事故中，自駕車系統仍處於測試與發展階段，其對複雜道路環境的辨識與判斷能力存在不確定性。此外，事故發生於公共道路，一般用路人（如行人、自行車騎士）並未同意參與這項技術測試，卻可能承擔潛在風險。
p2:我主張應優先採取「一般用路人風險保護優先」的原則，其核心價值在於保護未同意承擔風險的個體與維護基本的公平正義。在公共空間中，風險的分配應避免落在最沒有決策權的人身上。即使自駕車在長期可能帶來整體效益，也不應以犧牲當下無辜個體的安全為代價。
c:在 Uber 自駕車事故案例中，不應允許尚未成熟的自駕車技術在公共道路上全面部署。企業應先確保系統安全性並降低風險，例如限制測試範圍或強化安全機制。在此情況下，一般用路人不應承擔主要風險，而自駕車的部署應以保障其安全為前提條件。",把「一般用路人風險保護優先」當成判斷自駕車能否部署的首要考量，看似合理，但它的根本問題是過度保守並可能阻礙技術進步，因為它忽略了自駕車在長期可能大幅降低整體交通事故與死亡率的效益，以及延遲部署本身也會持續讓更多人暴露於人類駕駛所帶來的風險之中。,"限定(Qualify)：批評部分成立，但我的核心立場不變，只是需加上特定條件或在特定情形下成立。The objection is partly valid, but my core position remains the same. It only holds under certain conditions or in certain cases.",批評部分成立，但我的立場在自駕車仍處於高不確定性與潛在高風險的情境下仍然能成立，因為在這些條件中，優先保護未同意承擔風險的一般用路人，仍是較符合公平與正義的原則。,"優先採取「一般用路人風險保護優先」的立場，其代價是可能延緩自駕車技術的發展與部署，使社會較晚享受到其帶來的安全與效率提升。這些代價主要由科技公司與整體社會承擔。

我認為這個代價是可以接受的，因為在公共道路上，應優先保護未同意承擔風險的一般用路人。不過，這些代價可以透過限制測試範圍、加強監管與安全機制來減緩，以在安全與技術發展之間取得平衡。",目前最讓我感到困惑的是，應該如何在保護一般用路人安全與促進自駕車技術發展之間取得平衡。如果過度強調風險保護，可能會延緩技術進步；但若過早開放，又可能讓未同意承擔風險的個體暴露在危險之中。
2026/04/29 11:07:24,"一般用路人風險保護優先 (Road User Protection First)：自駕車的研發與測試風險，不應主要由行人、騎乘者與其他一般用路人承擔。The risks of developing and testing self-driving cars should not fall mainly on pedestrians, cyclists, and other road users.","P1:在 Uber 自駕車事故中，測試中的自駕系統尚未完全成熟但其風險卻直接暴露於一般用路人。這些人既未同意參與測試，也無法控制風險來源，卻承擔嚴重的後果
P2:我主張一般用路人風險保護優先，其核心價值是不應將技術發展的不確定風險轉嫁給未參與決策、也無法拒絕的無辜第三方
C:因此在自駕車正式上路前，開發商不應該將未充分驗證安全性的系統直接於公共環境上路測試，應該優先在封閉場域或模擬的環境中測試。風險應該由開發者承擔，而非一般用路人",把一般用路人風險保護當成判斷自駕車能否部署的首要考量，看似合理，但它的根本問題是過度保守，因為它忽略了長期整體的安全效益。若過度限制測試，自駕車技術將延後發展，而自駕車在成熟後可能大幅降低交通事故死亡率。因此完全規避掉短期風險，反而在未來會犧牲更多生命,"限定(Qualify)：批評部分成立，但我的核心立場不變，只是需加上特定條件或在特定情形下成立。The objection is partly valid, but my core position remains the same. It only holds under certain conditions or in certain cases.",批評部分成立，但我的立場在風險可控且透明化條件下仍然能成立，因為我並非反對技術發展，而是反對將不可控風險外部化給無辜者。我認為有條件的開放會比較好比如説自駕車可以上路但必須要有安全性證據即時監控與人類介入機制,"1、代價是技術發展速度變慢、企業成本上升、社會大眾延後享受到更安全的交通系統
2、開發商要承擔成本上升、消費者承擔延後享受
3、我認為值得，但需要有相對應的補償機制例如：政府提供測試補助、建立專用測試區或強制保險與賠償制度降低受害者損失
",即使選擇一般用路人風險保護優先，但我仍認為技術進步與公共利益不應被完全壓制。安全優先固然重要然而也應設計制度讓創新安全地發生而不是被完全阻止
2026/04/29 11:09:26,"效益優先 (Benefit First)：只要長期能顯著降低整體交通死傷，自駕車部署就可被接受。If self-driving cars can significantly reduce overall traffic injuries and deaths in the long run, their deployment can be justified.","人類駕駛每年在全球造成約135萬人死亡，其中絕大多數來自人為失誤（分心、酒駕、超速）。自駕車技術的潛力，是透過消除人為失誤來大幅降低整體交通死傷數字。
我主張以「效益優先」原則作為首要考量。若以最小化交通事故中的傷亡為目標，此原則認為只要技術長期帶來的淨效益顯著優於現狀即可接受其研發、使用，因此自駕車技術可以達到減少因人為而造成的傷亡，那該技術就應當被接受使用。
在這類自駕車案例中，監管者與開發者不應該因單一事故就全面凍結技術，而是應該要求自駕車系統在「整體安全表現顯著優於人類駕駛」的量化標準門檻下，允許其持續在真實環境中迭代。",把「效益優先」當成判斷自駕車能否部署的首要考量看似合理，但它的根本問題是把整體傷亡數字的下降當成唯一道德指標，因為它忽略了在該技術發展下行人個體需要承擔的風險，同時將集體利益凌駕於個人正義之上，忽略對個體生命的尊重。,"堅持(Defend)：批評不成立，我的立場完全不變，我能說明為什麼。The objection fails. My position does not change, and I can explain why.",批評不成立，因為人類與AI的分工並不是為了追求零風險的完美，而是在所有不完美的選項中，做出最能降低整體傷亡的選擇。反對立場雖點出「犧牲個體」的倫理，卻未能提出比現狀更能保護更多人的可行替代方案，因此我還是認為自駕車技術應當被接受。,"為換取整體交通死傷的長期顯著下降，必須容忍自駕車在技術迭代與真實環境學習過程中，可能發生的由機器造成的事故。
主要承擔者是在自駕車部署初期演算法無法妥善應對的非典型行人（路上打鬧的學生）、夜間穿深色衣物的單車騎士、或在感測器盲區出現的弱勢用路人......等人群。
從整體人命保障的長期效益來看，我認為代價是必須承擔的，原因不是這些個體不重要，而是由於現在的代價更大，每年上百萬條人命因人為的交通事故逝去。只要技術門檻確實達成「顯著優於人類駕駛」且持續驗證，就不是對個體生命的漠視，而是能減少未來更多生命傷亡的選擇。",
2026/04/29 11:16:48,"效益優先 (Benefit First)：只要長期能顯著降低整體交通死傷，自駕車部署就可被接受。If self-driving cars can significantly reduce overall traffic injuries and deaths in the long run, their deployment can be justified.","P1（事實）： 自駕車能大幅降低人為失誤導致的車禍。

P2（規範）： 我主張效益優先，核心價值是追求社會整體的「生命最大化」。

C（結論）： 為追求長期交通安全，政府應在風險受控下支持自駕車部署。",把「效益優先」當成首要考量看似合理，但根本問題是它把人命數據化，忽略了個體路人被迫承擔實驗風險的不公平性。,"限定(Qualify)：批評部分成立，但我的核心立場不變，只是需加上特定條件或在特定情形下成立。The objection is partly valid, but my core position remains the same. It only holds under certain conditions or in certain cases.",批評部分成立，但在嚴格限制測試區域與補救機制下立場仍成立，因為我們不能因個案風險就放棄能救更多人的技術進步。,代價是少數路人的安全感與權益。這由一般市民承擔。雖代價沉重，但可透過高額保險與公開透明的事故檢討來彌補與改善。,
2026/04/29 11:26:51,"一般用路人風險保護優先 (Road User Protection First)：自駕車的研發與測試風險，不應主要由行人、騎乘者與其他一般用路人承擔。The risks of developing and testing self-driving cars should not fall mainly on pedestrians, cyclists, and other road users.",即使自駕車可能在長期提升整體交通安全，但在技術尚未成熟時，將重大風險轉嫁給未同意的一般用路人，違反了風險分配正義與對人格自主的尊重，因此自駕車的部署必須以保護一般用路人為優先前提。,把一般用路人風險保護優先當成判斷自駕車能否部署的首要考量，看似合理，但它的根本問題是過度強調零風險與風險對稱，實際上可能導致技術無法在真實環境中發展與驗證，因為它忽略整體社會長期交通安全的提升與未來可避免的大量傷亡。,"修正(Revise)：批評很可能成立，我的核心立場會有很大調整，即使整體方向不變。The objection is likely valid, so my core position needs major revision, even if its overall direction remains the same.",批評很可能成立，我需要調整「一般用路人風險保護優先」中過於接近零風險要求的立場，但整體方向仍是應優先保護未同意承擔風險的一般用路人，因為倫理上真正不可接受的不是任何風險存在，而是不公平且無正當程序的風險轉嫁。,優先保護一般用路人意味著可能延遲自駕車技術成熟與整體交通安全提升，這個成本由未來潛在受害者與社會整體承擔。,
2026/04/29 11:27:02,"責任追溯與課責優先 (Accountability First)：若事故發生後無法清楚追溯責任、說明決策依據並進行有效課責，則不應部署。If, after an accident, responsibility cannot be clearly traced, the basis of the decision cannot be explained, and effective accountability cannot be imposed, then deployment should not be allowed.","P1： AI系統偵測到障礙物，但分類系統反覆改變判斷
P2： 責任追溯與課責優先 ，若事故發生後無法清楚追溯責任、說明決策依據並進行有效課責，則不應部署。
C： 在開發者能提供的數據分析與明確的法律責任前，不應被允許在公共道路上測試這類自駕系統。",把一般用路人的風險當成判斷自駕車能否實行的首要考量，看似合理，但是人類的判斷並不一定失誤率更低，也可能因為此阻斷科技進步。,"限定(Qualify)：批評部分成立，但我的核心立場不變，只是需加上特定條件或在特定情形下成立。The objection is partly valid, but my core position remains the same. It only holds under certain conditions or in certain cases.",避免部分成立，但我的立場在建立高額強制補償的條件下仍然能成立，因為我們不能為了整體的社會進步，就將特定個體視為隨時可犧牲的耗材。,代價是研發後測試的階段會被拖慢，企業成本上升。承擔著則是仰賴自動駕駛技術的身障者等弱勢族群以及整體產業。但我認為這樣是值得的，絕對不能跳過路人的生命權這個底線。,讓我最猶豫的點是，如果路人本身也違反交通規則，例如未走在斑馬線上，我們是否還要給予最高等級的法規保護？
2026/04/29 11:30:50,"一般用路人風險保護優先 (Road User Protection First)：自駕車的研發與測試風險，不應主要由行人、騎乘者與其他一般用路人承擔。The risks of developing and testing self-driving cars should not fall mainly on pedestrians, cyclists, and other road users.","P1: Uber 事件在先前已有書面報告顯示有頻繁的肇事情況，在風險尚未排除與驗證的情況下，該車輛仍未停止在道路上做測試，導致用路人暴露於潛在危險之中。
P2: 我主張一般用路人風險保護優先的這項原則，該原則主張不應讓科技的風險測試波及無辜的用路人性命。因一般用路人並未參與測試決策，也無法選擇否承擔風險，不應成為技術試驗的承受者。
C: 基於上述，在此案例中，企業與開發者不應在安全性尚未充分驗證前，將車輛部署於開放道路環境，而應先在封閉場域或可控情境中完成風險測試與驗證。同時，也應該建立更嚴謹的機制，以確保不會對無辜的用路人造成不成比例的風險。",把一般用路人風險保護優先當成判斷自駕車能否部署的首要考量，看似合理，但它的根本問題是過度強調風險避免，可能阻礙技術在真實情境中的驗證與改進，因為它忽略自駕車長期可能帶來的整體安全提升與社會效益。,"限定(Qualify)：批評部分成立，但我的核心立場不變，只是需加上特定條件或在特定情形下成立。The objection is partly valid, but my core position remains the same. It only holds under certain conditions or in certain cases.",批評部分成立，但我的立場在技術已達一定安全門檻，且具備完善監管機制的條件下仍然成立，因為一般用路人並未同意承擔測試風險，他們的生命安全不應被當作技術發展的代價。即使自駕車可能帶來長期整體安全效益，也不代表可以在高不確定性的情況下，將風險轉嫁給無辜的用路人。因此，只有在風險已被合理降低且受到嚴格控管時，才具有部署的倫理正當性。,"此立場的代價在於，可能影響與減緩自駕車技術發展與部署的速度，也可能延後整體交通安全與效率提升。這個代價主要由企業承擔，社會也會間接受影響。
我認為此代價是合理的，因為生命安全與風險公平應優先於技術發展速度。但這個代價可以透過更嚴謹的監管與風險控制 嚴格監管與補償機制來減緩。
即使如此，我仍承認此立場犧牲了創新與效率，這是需要持續平衡的部分。",無
2026/04/29 11:42:47,"效益優先 (Benefit First)：只要長期能顯著降低整體交通死傷，自駕車部署就可被接受。If self-driving cars can significantly reduce overall traffic injuries and deaths in the long run, their deployment can be justified.","P1：相較於容易因疲勞、情緒或分心而肇事的人類駕駛，自駕車系統在常規的感測與執行上已具備超越人類的穩定性。
P2 ：我主張效益優先原則，只要長期能顯著降低整體交通死傷，自駕車的部署就可以被接受。
C：企業應該在持續優化技術（如修正 AI 分類系統、改善緊急煞車機制）與加強人類監督（防止自動化倚賴）的前提下，繼續推動公路測試。",把整體長期效益當成判斷自駕車能否部署的首要考量，默許了自駕車的測試風險被不公平地分配給社會成員，因為它犧牲了未享有自駕利益的無車者（如行人、腳踏車騎士）的安全與風險同意權，迫使他們承擔不成比例的致命負擔。,"限定(Qualify)：批評部分成立，但我的核心立場不變，只是需加上特定條件或在特定情形下成立。The objection is partly valid, but my core position remains the same. It only holds under certain conditions or in certain cases.",批評部分成立，但我的立場在建立嚴格的測試監管機制，並在系統設計的任務環境中，優先將保護弱勢用路人的權重調高的條件下仍然能成立，因為這樣既能確保自駕車持續在真實世界中累積感知與決策數據，又能透過制度與設計面的補強，實質減緩風險被不公平轉嫁給無車者的問題。,為了滿足優先保護無車弱勢者的條件，可能會產生風險轉移的代價，如果要求系統優先降低機車或行人的風險，可能會在緊急狀況下，把閃避或碰撞的風險轉移給自駕車本身。,臺灣是否有適合像美國部分地區可以實行自駕車上路測試的條件
2026/04/29 11:43:25,"效益優先 (Benefit First)：只要長期能顯著降低整體交通死傷，自駕車部署就可被接受。If self-driving cars can significantly reduce overall traffic injuries and deaths in the long run, their deployment can be justified.",我選擇效應，根據大數據統計有一半的交通事故源於人為失誤疲勞、分心、酒駕等。自駕車若能長期降低這類事故，其整體帶來的交通效益過測試階段的個案風險。,把效益當成判斷自駕車能否被大眾接受為首要考量，看似合理，但它的根本問題是將風險與利益強加分配給不同的人，因為它忽略了那些從未同意承擔風險、卻被迫成為技術實驗代價的行人與騎士的基本權利。,"堅持(Defend)：批評不成立，我的立場完全不變，我能說明為什麼。The objection fails. My position does not change, and I can explain why.",批評不成立，因為反對者提出把風險強加在在不同人身上，看似合理，其實也是給我預設不接受的前提，只要有人承擔未經同意的風險，那這項事就不可實施？卡車上路時，行人也沒有同意承擔視線死角的風險。飛機試飛時，地面居民也沒有同意承擔墜機風險。社會從未規定一定要零風險才能部署新的技術，而是在可控風險之內，讓整體效益足夠大。,堅持效益優先，意味著在技術成熟之前，必然會有人在測試階段中受傷或死亡。測試階段的行人、騎士、弱勢、無車族群；其代價的承擔者分布極不對稱。這值得付出，但有條件單純說長期效益大於短期損失還不夠，否則效益優先會淪為替任何技術背書的萬用藉口。像最優先的一定是安全（測試標準必須公開透明，不能為了商業利益降低標準），再來是補償機制（在測試階段一定會有受害人，應獲得實質賠償，而非只是只是談兵，最後淪為紙上數據。,目前最讓我感到困惑的點是，社會有沒有集體替所有人同意承擔這個風險的權力、整體效益足夠大這個標準，要大到什麼程度才算足夠？這條線是科學問題，還是道德問題？再來是賠償問題，如果給受害者家屬賠償，代價就算被承擔了嗎？還是有些傷害根本無法用金錢或制度彌補？
2026/04/29 11:47:06,"一般用路人風險保護優先 (Road User Protection First)：自駕車的研發與測試風險，不應主要由行人、騎乘者與其他一般用路人承擔。The risks of developing and testing self-driving cars should not fall mainly on pedestrians, cyclists, and other road users.",我選擇「一般用路人風險保護優先」原則，該原則的核心價值是自駕車的研發與測試風險，不應主要由行人、騎乘者與其他一般用路人承擔。根據此原則我認為自駕車在設計時就應該嚴格測試其對用路人可能造成的風險,把「一般用路人風險保護優先」當成判斷自駕車能否部署的首要考量，看似合理，但它的根本問題是經濟效益，因為他忽略了自駕車的發展效率，自駕車需要更多的樣本來作為發展的背景。,"堅持(Defend)：批評不成立，我的立場完全不變，我能說明為什麼。The objection fails. My position does not change, and I can explain why.",批評不成立，因為我認為不管自駕車未來如何進步，用路人的安全才是最重要的。,雖然為了科技發展應該讓自駕車試著上路，但我仍認為應該確保用路人安全,